molecule,ai,aj,element_i,type_i,charge_i,mass_i,coord_i,element_j,type_j,charge_j,mass_j,coord_j,delta_charge,delta_mass,funct,target_c0,target_c1
4,1,2,3,8,0.198,1.008,1,5,15,-0.33,15.9994,2,0.528,14.9914,2,0.0971,7954700.0
4,2,3,5,15,-0.33,15.9994,2,0,0,0.034,12.011,4,0.364,3.9884,2,0.143,8180000.0
4,3,4,0,0,0.034,12.011,4,3,9,0.075,1.008,1,0.0409999999999999,11.003,2,0.113,7048300.0
4,3,5,0,0,0.034,12.011,4,0,3,0.078,14.027,2,0.044,2.016,2,0.153,7150000.0
4,3,31,0,0,0.034,12.011,4,0,3,-0.02,14.027,2,0.054,2.016,2,0.152,5430000.0
4,5,6,0,3,0.078,14.027,2,0,0,-0.102,12.011,3,0.18,2.016,2,0.149,14189000.0
4,6,7,0,0,-0.102,12.011,3,0,0,-0.004,12.011,4,0.0979999999999999,0.0,2,0.151,3727900.0
4,6,28,0,0,-0.102,12.011,3,0,0,-0.162,12.011,3,0.06,0.0,2,0.134,10500000.0
4,7,8,0,0,-0.004,12.011,4,0,4,0.029,15.035,1,0.033,3.024000000000001,2,0.153,7150000.0
4,7,9,0,0,-0.004,12.011,4,0,2,-0.001,13.019,3,0.003,1.008000000000001,2,0.154,4216600.0
4,7,30,0,0,-0.004,12.011,4,0,3,0.022,14.027,2,0.026,2.016,2,0.153,7150000.0
4,9,10,0,2,-0.001,13.019,3,0,3,0.006,14.027,2,0.007,1.0079999999999991,2,0.152,5430000.0
4,9,26,0,2,-0.001,13.019,3,0,2,0.012,13.019,3,0.013,0.0,2,0.153,7150000.0
4,10,11,0,3,0.006,14.027,2,0,3,0.017,14.027,2,0.011,0.0,2,0.152,5430000.0
4,11,12,0,3,0.017,14.027,2,0,0,-0.044,12.011,4,0.061,2.016,2,0.152,5430000.0
4,12,13,0,0,-0.044,12.011,4,0,4,0.024,15.035,1,0.068,3.024000000000001,2,0.152,5430000.0
4,12,14,0,0,-0.044,12.011,4,0,2,-0.007,13.019,3,0.037,1.008000000000001,2,0.154,4216600.0
4,12,25,0,0,-0.044,12.011,4,0,2,-0.019,13.019,3,0.0249999999999999,1.008000000000001,2,0.154,4216600.0
4,14,15,0,2,-0.007,13.019,3,0,2,-0.006,13.019,3,0.001,0.0,2,0.152,5430000.0
4,14,23,0,2,-0.007,13.019,3,0,3,0.005,14.027,2,0.012,1.0079999999999991,2,0.154,4216600.0
4,15,16,0,2,-0.006,13.019,3,0,3,0.004,14.027,2,0.01,1.0079999999999991,2,0.153,7150000.0
4,15,22,0,2,-0.006,13.019,3,0,4,0.01,15.035,1,0.016,2.016,2,0.152,5430000.0
4,16,17,0,3,0.004,14.027,2,0,3,-0.0,14.027,2,0.004,0.0,2,0.152,5430000.0
4,17,18,0,3,-0.0,14.027,2,0,3,0.004,14.027,2,0.004,0.0,2,0.152,5430000.0
4,18,19,0,3,0.004,14.027,2,0,2,-0.021,13.019,3,0.025,1.0079999999999991,2,0.153,7150000.0
4,19,20,0,2,-0.021,13.019,3,0,4,0.008,15.035,1,0.029,2.016,2,0.152,5430000.0
4,19,21,0,2,-0.021,13.019,3,0,4,0.009,15.035,1,0.03,2.016,2,0.152,5430000.0
4,23,24,0,3,0.005,14.027,2,0,3,0.009,14.027,2,0.0039999999999999,0.0,2,0.153,7150000.0
4,24,25,0,3,0.009,14.027,2,0,2,-0.019,13.019,3,0.0279999999999999,1.0079999999999991,2,0.152,5430000.0
4,25,26,0,2,-0.019,13.019,3,0,2,0.012,13.019,3,0.031,0.0,2,0.152,5430000.0
4,26,27,0,2,0.012,13.019,3,0,3,0.051,14.027,2,0.0389999999999999,1.0079999999999991,2,0.152,5430000.0
4,27,28,0,3,0.051,14.027,2,0,0,-0.162,12.011,3,0.213,2.016,2,0.148,5730000.0
4,28,29,0,0,-0.162,12.011,3,3,9,0.121,1.008,1,0.283,11.003,2,0.11,12100000.0
4,30,31,0,3,0.022,14.027,2,0,3,-0.02,14.027,2,0.0419999999999999,0.0,2,0.152,5430000.0
3,1,2,5,18,-0.446,15.9994,1,4,14,0.713,14.0067,3,1.159,1.9926999999999992,2,0.123,16600000.0
3,2,3,4,14,0.713,14.0067,3,5,18,-0.446,15.9994,1,1.159,1.9926999999999992,2,0.123,16600000.0
3,2,4,4,14,0.713,14.0067,3,0,0,0.074,12.011,3,0.639,1.9957000000000007,2,0.147,8710000.0
3,4,5,0,0,0.074,12.011,3,0,0,-0.263,12.011,3,0.337,0.0,2,0.139,8660000.0
3,4,14,0,0,0.074,12.011,3,0,0,-0.319,12.011,3,0.393,0.0,2,0.139,8660000.0
3,5,6,0,0,-0.263,12.011,3,3,9,0.189,1.008,1,0.452,11.003,2,0.109,12300000.0
3,5,7,0,0,-0.263,12.011,3,0,0,-0.029,12.011,3,0.234,0.0,2,0.139,8660000.0
3,7,8,0,0,-0.029,12.011,3,3,9,0.149,1.008,1,0.178,11.003,2,0.109,12300000.0
3,7,9,0,0,-0.029,12.011,3,0,0,-0.304,12.011,3,0.2749999999999999,0.0,2,0.139,8660000.0
3,9,10,0,0,-0.304,12.011,3,3,9,0.184,1.008,1,0.488,11.003,2,0.109,12300000.0
3,9,11,0,0,-0.304,12.011,3,0,0,0.416,12.011,3,0.72,0.0,2,0.14,8540000.0
3,11,12,0,0,0.416,12.011,3,5,16,-0.578,15.9994,2,0.994,3.9884,2,0.136,10200000.0
3,11,14,0,0,0.416,12.011,3,0,0,-0.319,12.011,3,0.735,0.0,2,0.139,8660000.0
3,12,13,5,16,-0.578,15.9994,2,3,10,0.45,1.008,1,1.028,14.9914,2,0.0972,19581000.0
3,14,15,0,0,-0.319,12.011,3,3,9,0.21,1.008,1,0.529,11.003,2,0.109,12300000.0
5,1,2,3,10,0.51,1.008,1,5,16,-0.567,15.9994,2,1.077,14.9914,2,0.0984,20656000.0
5,2,3,5,16,-0.567,15.9994,2,0,0,0.379,12.011,3,0.946,3.9884,2,0.134,10500000.0
5,3,4,0,0,0.379,12.011,3,0,0,-0.12,12.011,3,0.499,0.0,2,0.142,3223600.0
5,3,8,0,0,0.379,12.011,3,0,0,-0.245,12.011,3,0.624,0.0,2,0.14,8540000.0
5,4,5,0,0,-0.12,12.011,3,4,14,0.599,14.0067,3,0.719,1.9957000000000007,2,0.1435,6100000.0
5,4,14,0,0,-0.12,12.011,3,0,0,-0.109,12.011,3,0.0109999999999999,0.0,2,0.14,8540000.0
5,5,6,4,14,0.599,14.0067,3,5,18,-0.429,15.9994,1,1.028,1.9926999999999992,2,0.123,16600000.0
5,5,7,4,14,0.599,14.0067,3,5,18,-0.429,15.9994,1,1.028,1.9926999999999992,2,0.123,16600000.0
5,8,9,0,0,-0.245,12.011,3,3,9,0.178,1.008,1,0.423,11.003,2,0.109,12300000.0
5,8,10,0,0,-0.245,12.011,3,0,0,-0.06,12.011,3,0.185,0.0,2,0.139,8660000.0
5,10,11,0,0,-0.06,12.011,3,3,9,0.146,1.008,1,0.206,11.003,2,0.109,12300000.0
5,10,12,0,0,-0.06,12.011,3,0,0,-0.153,12.011,3,0.093,0.0,2,0.14,8540000.0
5,12,13,0,0,-0.153,12.011,3,3,9,0.149,1.008,1,0.302,11.003,2,0.109,12300000.0
5,12,14,0,0,-0.153,12.011,3,0,0,-0.109,12.011,3,0.044,0.0,2,0.139,8660000.0
5,14,15,0,0,-0.109,12.011,3,3,9,0.151,1.008,1,0.26,11.003,2,0.109,12300000.0
0,1,2,3,8,0.448,1.008,1,5,15,-0.608,15.9994,2,1.056,14.9914,2,0.0972,19581000.0
0,2,3,5,15,-0.608,15.9994,2,0,0,0.403,12.011,3,1.011,3.9884,2,0.138,11000000.0
0,3,4,0,0,0.403,12.011,3,0,0,-0.319,12.011,3,0.722,0.0,2,0.139,8660000.0
0,3,11,0,0,0.403,12.011,3,0,0,-0.319,12.011,3,0.722,0.0,2,0.139,8660000.0
0,4,5,0,0,-0.319,12.011,3,3,9,0.171,1.008,1,0.49,11.003,2,0.109,12300000.0
0,4,6,0,0,-0.319,12.011,3,0,0,-0.126,12.011,3,0.193,0.0,2,0.139,8660000.0
0,6,7,0,0,-0.126,12.011,3,3,9,0.131,1.008,1,0.257,11.003,2,0.109,12300000.0
0,6,8,0,0,-0.126,12.011,3,0,0,-0.065,12.011,3,0.061,0.0,2,0.139,8660000.0
0,8,9,0,0,-0.065,12.011,3,0,0,-0.126,12.011,3,0.061,0.0,2,0.139,8660000.0
0,8,13,0,0,-0.065,12.011,3,0,0,0.446,12.011,4,0.511,0.0,2,0.154,4005700.0
0,9,10,0,0,-0.126,12.011,3,3,9,0.131,1.008,1,0.257,11.003,2,0.109,12300000.0
0,9,11,0,0,-0.126,12.011,3,0,0,-0.319,12.011,3,0.193,0.0,2,0.139,8660000.0
0,11,12,0,0,-0.319,12.011,3,3,9,0.171,1.008,1,0.49,11.003,2,0.109,12300000.0
0,13,14,0,0,0.446,12.011,4,0,0,-0.397,12.011,4,0.843,0.0,2,0.154,4005700.0
0,13,18,0,0,0.446,12.011,4,0,0,-0.397,12.011,4,0.843,0.0,2,0.154,4005700.0
0,13,22,0,0,0.446,12.011,4,0,0,-0.065,12.011,3,0.511,0.0,2,0.154,4005700.0
0,14,15,0,0,-0.397,12.011,4,3,9,0.094,1.008,1,0.491,11.003,2,0.109,12300000.0
0,14,16,0,0,-0.397,12.011,4,3,9,0.094,1.008,1,0.491,11.003,2,0.109,12300000.0
0,14,17,0,0,-0.397,12.011,4,3,9,0.094,1.008,1,0.491,11.003,2,0.109,12300000.0
0,18,19,0,0,-0.397,12.011,4,3,9,0.094,1.008,1,0.491,11.003,2,0.109,12300000.0
0,18,20,0,0,-0.397,12.011,4,3,9,0.094,1.008,1,0.491,11.003,2,0.109,12300000.0
0,18,21,0,0,-0.397,12.011,4,3,9,0.094,1.008,1,0.491,11.003,2,0.109,12300000.0
0,22,23,0,0,-0.065,12.011,3,0,0,-0.126,12.011,3,0.061,0.0,2,0.139,8660000.0
0,22,32,0,0,-0.065,12.011,3,0,0,-0.126,12.011,3,0.061,0.0,2,0.139,8660000.0
0,23,24,0,0,-0.126,12.011,3,3,9,0.131,1.008,1,0.257,11.003,2,0.109,12300000.0
0,23,25,0,0,-0.126,12.011,3,0,0,-0.319,12.011,3,0.193,0.0,2,0.139,8660000.0
0,25,26,0,0,-0.319,12.011,3,3,9,0.171,1.008,1,0.49,11.003,2,0.109,12300000.0
0,25,27,0,0,-0.319,12.011,3,0,0,0.403,12.011,3,0.722,0.0,2,0.139,8660000.0
0,27,28,0,0,0.403,12.011,3,5,15,-0.608,15.9994,2,1.011,3.9884,2,0.138,11000000.0
0,27,30,0,0,0.403,12.011,3,0,0,-0.319,12.011,3,0.722,0.0,2,0.139,8660000.0
0,28,29,5,15,-0.608,15.9994,2,3,8,0.448,1.008,1,1.056,14.9914,2,0.0972,19581000.0
0,30,31,0,0,-0.319,12.011,3,3,9,0.171,1.008,1,0.49,11.003,2,0.109,12300000.0
0,30,32,0,0,-0.319,12.011,3,0,0,-0.126,12.011,3,0.193,0.0,2,0.139,8660000.0
0,32,33,0,0,-0.126,12.011,3,3,9,0.131,1.008,1,0.257,11.003,2,0.109,12300000.0
2,1,2,3,9,0.142,1.008,1,0,0,-0.022,12.011,3,0.1639999999999999,11.003,2,0.109,12300000.0
2,2,3,0,0,-0.022,12.011,3,0,0,-0.32,12.011,3,0.298,0.0,2,0.139,8660000.0
2,2,19,0,0,-0.022,12.011,3,0,0,-0.022,12.011,3,0.0,0.0,2,0.139,8660000.0
2,3,4,0,0,-0.32,12.011,3,3,9,0.212,1.008,1,0.532,11.003,2,0.109,12300000.0
2,3,5,0,0,-0.32,12.011,3,0,0,0.27,12.011,3,0.5900000000000001,0.0,2,0.139,8660000.0
2,5,6,0,0,0.27,12.011,3,4,11,-0.575,14.0067,3,0.845,1.9957000000000007,2,0.14,8540000.0
2,5,16,0,0,0.27,12.011,3,0,0,0.119,12.011,3,0.151,0.0,2,0.14,8540000.0
2,6,7,4,11,-0.575,14.0067,3,3,8,0.383,1.008,1,0.958,12.9987,2,0.101,21076000.0
2,6,8,4,11,-0.575,14.0067,3,0,0,0.82,12.011,3,1.395,1.9957000000000007,2,0.136,10200000.0
2,8,9,0,0,0.82,12.011,3,5,17,-0.591,15.9994,1,1.411,3.9884,2,0.121,19807000.0
2,8,10,0,0,0.82,12.011,3,5,17,-0.37,15.9994,2,1.19,3.9884,2,0.136,10200000.0
2,10,11,5,17,-0.37,15.9994,2,0,0,0.04,12.011,4,0.41,3.9884,2,0.146,4691300.0
2,11,12,0,0,0.04,12.011,4,0,0,0.367,12.011,4,0.327,0.0,2,0.156,3081900.0
2,11,16,0,0,0.04,12.011,4,0,0,0.119,12.011,3,0.0789999999999999,0.0,2,0.152,5430000.0
2,11,21,0,0,0.04,12.011,4,0,0,-0.05,12.011,2,0.09,0.0,2,0.146,4691300.0
2,12,13,0,0,0.367,12.011,4,2,7,-0.129,18.9984,1,0.496,6.987400000000001,2,0.135,10300000.0
2,12,14,0,0,0.367,12.011,4,2,7,-0.129,18.9984,1,0.496,6.987400000000001,2,0.135,10300000.0
2,12,15,0,0,0.367,12.011,4,2,7,-0.129,18.9984,1,0.496,6.987400000000001,2,0.135,10300000.0
2,16,17,0,0,0.119,12.011,3,0,0,-0.195,12.011,3,0.314,0.0,2,0.139,8660000.0
2,17,18,0,0,-0.195,12.011,3,3,9,0.198,1.008,1,0.393,11.003,2,0.109,12300000.0
2,17,19,0,0,-0.195,12.011,3,0,0,-0.022,12.011,3,0.173,0.0,2,0.139,8660000.0
2,19,20,0,0,-0.022,12.011,3,0,5,-0.11,35.453,1,0.088,23.442000000000004,2,0.176,1436600.0
2,21,22,0,0,-0.05,12.011,2,0,0,-0.104,12.011,2,0.0539999999999999,0.0,2,0.121,19807000.0
2,22,23,0,0,-0.104,12.011,2,0,0,-0.023,12.011,4,0.0809999999999999,0.0,2,0.1435,6100000.0
2,23,24,0,0,-0.023,12.011,4,3,9,0.156,1.008,1,0.179,11.003,2,0.109,12300000.0
2,23,25,0,0,-0.023,12.011,4,0,0,-0.273,12.011,4,0.25,0.0,2,0.153,7150000.0
2,23,28,0,0,-0.023,12.011,4,0,0,-0.256,12.011,4,0.233,0.0,2,0.152,5430000.0
2,25,26,0,0,-0.273,12.011,4,3,9,0.149,1.008,1,0.422,11.003,2,0.109,12300000.0
2,25,27,0,0,-0.273,12.011,4,3,9,0.15,1.008,1,0.423,11.003,2,0.109,12300000.0
2,25,28,0,0,-0.273,12.011,4,0,0,-0.256,12.011,4,0.017,0.0,2,0.15,3555600.0
2,28,29,0,0,-0.256,12.011,4,3,9,0.15,1.008,1,0.406,11.003,2,0.109,12300000.0
2,28,30,0,0,-0.256,12.011,4,3,9,0.142,1.008,1,0.398,11.003,2,0.109,12300000.0
6,1,2,5,18,-0.44,15.9994,1,4,14,0.644,14.0067,3,1.084,1.9926999999999992,2,0.123,16600000.0
6,2,3,4,14,0.644,14.0067,3,5,18,-0.44,15.9994,1,1.084,1.9926999999999992,2,0.123,16600000.0
6,2,4,4,14,0.644,14.0067,3,0,0,0.022,12.011,3,0.622,1.9957000000000007,2,0.145,5231900.0
6,4,5,0,0,0.022,12.011,3,0,0,-0.129,12.011,3,0.151,0.0,2,0.139,8660000.0
6,4,14,0,0,0.022,12.011,3,0,0,-0.129,12.011,3,0.151,0.0,2,0.139,8660000.0
6,5,6,0,0,-0.129,12.011,3,3,9,0.163,1.008,1,0.292,11.003,2,0.109,12300000.0
6,5,7,0,0,-0.129,12.011,3,0,0,-0.259,12.011,3,0.13,0.0,2,0.139,8660000.0
6,7,8,0,0,-0.259,12.011,3,3,9,0.178,1.008,1,0.437,11.003,2,0.109,12300000.0
6,7,9,0,0,-0.259,12.011,3,0,0,0.422,12.011,3,0.681,0.0,2,0.14,8540000.0
6,9,10,0,0,0.422,12.011,3,5,16,-0.576,15.9994,2,0.998,3.9884,2,0.136,10200000.0
6,9,12,0,0,0.422,12.011,3,0,0,-0.259,12.011,3,0.681,0.0,2,0.14,8540000.0
6,10,11,5,16,-0.576,15.9994,2,3,10,0.462,1.008,1,1.038,14.9914,2,0.0972,19581000.0
6,12,13,0,0,-0.259,12.011,3,3,9,0.178,1.008,1,0.437,11.003,2,0.109,12300000.0
6,12,14,0,0,-0.259,12.011,3,0,0,-0.129,12.011,3,0.13,0.0,2,0.139,8660000.0
6,14,15,0,0,-0.129,12.011,3,3,9,0.163,1.008,1,0.292,11.003,2,0.109,12300000.0
7,1,2,3,10,0.331,1.008,1,4,13,-0.455,14.0067,3,0.786,12.9987,2,0.1,18700000.0
7,2,3,4,13,-0.455,14.0067,3,3,10,0.331,1.008,1,0.786,12.9987,2,0.1,18700000.0
7,2,4,4,13,-0.455,14.0067,3,0,0,0.075,12.011,3,0.53,1.9957000000000007,2,0.134,10500000.0
7,4,5,0,0,0.075,12.011,3,6,19,-0.539,32.06,1,0.614,20.049000000000003,2,0.171,2051900.0
7,4,6,0,0,0.075,12.011,3,4,12,0.113,14.0067,3,0.038,1.9957000000000007,2,0.136,3514300.0
7,6,7,4,12,0.113,14.0067,3,3,10,0.193,1.008,1,0.08,12.9987,2,0.102,17782000.0
7,6,8,4,12,0.113,14.0067,3,4,12,-0.256,14.0067,2,0.369,0.0,2,0.136,10200000.0
7,8,9,4,12,-0.256,14.0067,2,0,0,-0.001,12.011,3,0.255,1.9957000000000007,2,0.128,4272500.0
7,9,10,0,0,-0.001,12.011,3,3,9,0.158,1.008,1,0.159,11.003,2,0.109,12300000.0
7,9,11,0,0,-0.001,12.011,3,0,1,0.039,12.011,3,0.04,0.0,2,0.147,8710000.0
7,11,12,0,1,0.039,12.011,3,0,1,-0.143,12.011,3,0.182,0.0,2,0.14,8540000.0
7,11,20,0,1,0.039,12.011,3,0,1,-0.018,12.011,3,0.0569999999999999,0.0,2,0.14,8540000.0
7,12,13,0,1,-0.143,12.011,3,3,9,0.134,1.008,1,0.277,11.003,2,0.109,12300000.0
7,12,14,0,1,-0.143,12.011,3,0,1,-0.142,12.011,3,0.001,0.0,2,0.139,8660000.0
7,14,15,0,1,-0.142,12.011,3,3,9,0.154,1.008,1,0.296,11.003,2,0.109,12300000.0
7,14,16,0,1,-0.142,12.011,3,0,1,-0.053,12.011,3,0.089,0.0,2,0.139,8660000.0
7,16,17,0,1,-0.053,12.011,3,3,9,0.129,1.008,1,0.182,11.003,2,0.109,12300000.0
7,16,18,0,1,-0.053,12.011,3,0,1,-0.022,12.011,3,0.031,0.0,2,0.139,8660000.0
7,18,19,0,1,-0.022,12.011,3,1,6,-0.119,35.453,1,0.097,23.442000000000004,2,0.176,1436600.0
7,18,20,0,1,-0.022,12.011,3,0,1,-0.018,12.011,3,0.004,0.0,2,0.139,8660000.0
7,20,21,0,1,-0.018,12.011,3,3,9,0.091,1.008,1,0.109,11.003,2,0.109,12300000.0
1,1,2,3,9,0.11,1.008,1,0,0,-0.24,12.011,4,0.35,11.003,2,0.112,37000000.0
1,2,3,0,0,-0.24,12.011,4,3,9,0.11,1.008,1,0.35,11.003,2,0.112,37000000.0
1,2,4,0,0,-0.24,12.011,4,3,9,0.11,1.008,1,0.35,11.003,2,0.112,37000000.0
1,2,5,0,0,-0.24,12.011,4,0,0,0.29,12.011,3,0.53,0.0,2,0.151,3727900.0
1,5,6,0,0,0.29,12.011,3,5,15,-0.38,15.9994,1,0.6699999999999999,3.9884,2,0.125,13400000.0
1,5,7,0,0,0.29,12.011,3,4,11,-0.379,14.0067,3,0.669,1.9957000000000007,2,0.138,11000000.0
1,7,8,4,11,-0.379,14.0067,3,3,8,0.268,1.008,1,0.647,12.9987,2,0.0985,82455000.0
1,7,9,4,11,-0.379,14.0067,3,0,0,-0.018,12.011,4,0.361,1.9957000000000007,2,0.1435,6100000.0
1,9,10,0,0,-0.018,12.011,4,3,9,0.143,1.008,1,0.1609999999999999,11.003,2,0.113,7048300.0
1,9,11,0,0,-0.018,12.011,4,0,0,0.144,12.011,4,0.1619999999999999,0.0,2,0.156,3081900.0
1,9,26,0,0,-0.018,12.011,4,0,0,-0.025,12.011,4,0.007,0.0,2,0.154,4216600.0
1,11,12,0,0,0.144,12.011,4,3,9,0.11,1.008,1,0.0339999999999999,11.003,2,0.113,7048300.0
1,11,13,0,0,0.144,12.011,4,5,17,-0.268,15.9994,2,0.412,3.9884,2,0.142,3223600.0
1,11,14,0,0,0.144,12.011,4,5,17,-0.316,15.9994,2,0.4599999999999999,3.9884,2,0.143,8180000.0
1,13,30,5,17,-0.268,15.9994,2,0,0,-0.029,12.011,4,0.239,3.9884,2,0.143,8180000.0
1,14,15,5,17,-0.316,15.9994,2,0,0,0.005,12.011,4,0.321,3.9884,2,0.143,8180000.0
1,15,16,0,0,0.005,12.011,4,3,9,0.101,1.008,1,0.096,11.003,2,0.112,37000000.0
1,15,17,0,0,0.005,12.011,4,0,0,-0.011,12.011,4,0.016,0.0,2,0.153,7150000.0
1,15,22,0,0,0.005,12.011,4,0,0,-0.023,12.011,4,0.028,0.0,2,0.153,7150000.0
1,17,18,0,0,-0.011,12.011,4,3,9,0.077,1.008,1,0.088,11.003,2,0.112,37000000.0
1,17,19,0,0,-0.011,12.011,4,3,9,0.133,1.008,1,0.144,11.003,2,0.112,37000000.0
1,17,20,0,0,-0.011,12.011,4,5,16,-0.32,15.9994,2,0.309,3.9884,2,0.141,6538900.0
1,20,21,5,16,-0.32,15.9994,2,3,8,0.331,1.008,1,0.651,14.9914,2,0.0971,7954700.0
1,22,23,0,0,-0.023,12.011,4,3,9,0.108,1.008,1,0.131,11.003,2,0.113,7048300.0
1,22,24,0,0,-0.023,12.011,4,5,16,-0.323,15.9994,2,0.3,3.9884,2,0.142,3223600.0
1,22,26,0,0,-0.023,12.011,4,0,0,-0.025,12.011,4,0.002,0.0,2,0.153,7150000.0
1,24,25,5,16,-0.323,15.9994,2,3,8,0.225,1.008,1,0.548,14.9914,2,0.0971,7954700.0
1,26,27,0,0,-0.025,12.011,4,3,9,0.123,1.008,1,0.148,11.003,2,0.113,7048300.0
1,26,28,0,0,-0.025,12.011,4,5,16,-0.327,15.9994,2,0.302,3.9884,2,0.141,6538900.0
1,28,29,5,16,-0.327,15.9994,2,3,8,0.242,1.008,1,0.569,14.9914,2,0.0971,7954700.0
1,30,31,0,0,-0.029,12.011,4,3,9,0.137,1.008,1,0.166,11.003,2,0.112,37000000.0
1,30,32,0,0,-0.029,12.011,4,0,0,-0.014,12.011,4,0.015,0.0,2,0.153,7150000.0
1,30,40,0,0,-0.029,12.011,4,0,0,0.009,12.011,4,0.038,0.0,2,0.153,7150000.0
1,32,33,0,0,-0.014,12.011,4,3,9,0.104,1.008,1,0.118,11.003,2,0.112,37000000.0
1,32,34,0,0,-0.014,12.011,4,5,17,-0.32,15.9994,2,0.306,3.9884,2,0.143,8180000.0
1,32,35,0,0,-0.014,12.011,4,0,0,-0.015,12.011,4,0.0009999999999999,0.0,2,0.153,7150000.0
1,34,48,5,17,-0.32,15.9994,2,0,0,0.133,12.011,4,0.453,3.9884,2,0.143,8180000.0
1,35,36,0,0,-0.015,12.011,4,3,9,0.094,1.008,1,0.109,11.003,2,0.112,37000000.0
1,35,37,0,0,-0.015,12.011,4,3,9,0.105,1.008,1,0.12,11.003,2,0.112,37000000.0
1,35,38,0,0,-0.015,12.011,4,5,16,-0.332,15.9994,2,0.317,3.9884,2,0.141,6538900.0
1,38,39,5,16,-0.332,15.9994,2,3,8,0.27,1.008,1,0.6020000000000001,14.9914,2,0.0971,7954700.0
1,40,41,0,0,0.009,12.011,4,3,9,0.087,1.008,1,0.078,11.003,2,0.113,7048300.0
1,40,42,0,0,0.009,12.011,4,5,16,-0.323,15.9994,2,0.332,3.9884,2,0.141,6538900.0
1,40,44,0,0,0.009,12.011,4,0,0,0.012,12.011,4,0.003,0.0,2,0.156,3081900.0
1,42,43,5,16,-0.323,15.9994,2,3,8,0.227,1.008,1,0.55,14.9914,2,0.0971,7954700.0
1,44,45,0,0,0.012,12.011,4,3,9,0.162,1.008,1,0.15,11.003,2,0.113,7048300.0
1,44,46,0,0,0.012,12.011,4,4,11,-0.37,14.0067,3,0.382,1.9957000000000007,2,0.1435,6100000.0
1,44,48,0,0,0.012,12.011,4,0,0,0.133,12.011,4,0.121,0.0,2,0.156,3081900.0
1,46,47,4,11,-0.37,14.0067,3,3,8,0.203,1.008,1,0.573,12.9987,2,0.1,18700000.0
1,46,322,4,11,-0.37,14.0067,3,0,0,0.274,12.011,3,0.644,1.9957000000000007,2,0.139,8660000.0
1,48,49,0,0,0.133,12.011,4,3,9,0.11,1.008,1,0.023,11.003,2,0.113,7048300.0
1,48,50,0,0,0.133,12.011,4,5,17,-0.25,15.9994,2,0.383,3.9884,2,0.141,6538900.0
1,50,51,5,17,-0.25,15.9994,2,0,0,-0.031,12.011,4,0.219,3.9884,2,0.143,8180000.0
1,51,52,0,0,-0.031,12.011,4,3,9,0.131,1.008,1,0.162,11.003,2,0.112,37000000.0
1,51,53,0,0,-0.031,12.011,4,0,0,-0.014,12.011,4,0.017,0.0,2,0.153,7150000.0
1,51,61,0,0,-0.031,12.011,4,0,0,0.01,12.011,4,0.041,0.0,2,0.153,7150000.0
1,53,54,0,0,-0.014,12.011,4,3,9,0.109,1.008,1,0.123,11.003,2,0.112,37000000.0
1,53,55,0,0,-0.014,12.011,4,5,17,-0.322,15.9994,2,0.308,3.9884,2,0.143,8180000.0
1,53,56,0,0,-0.014,12.011,4,0,0,-0.019,12.011,4,0.0049999999999999,0.0,2,0.153,7150000.0
1,55,69,5,17,-0.322,15.9994,2,0,0,0.133,12.011,4,0.455,3.9884,2,0.143,8180000.0
1,56,57,0,0,-0.019,12.011,4,3,9,0.092,1.008,1,0.111,11.003,2,0.112,37000000.0
1,56,58,0,0,-0.019,12.011,4,3,9,0.117,1.008,1,0.136,11.003,2,0.112,37000000.0
1,56,59,0,0,-0.019,12.011,4,5,16,-0.334,15.9994,2,0.315,3.9884,2,0.141,6538900.0
1,59,60,5,16,-0.334,15.9994,2,3,8,0.271,1.008,1,0.605,14.9914,2,0.0971,7954700.0
1,61,62,0,0,0.01,12.011,4,3,9,0.092,1.008,1,0.082,11.003,2,0.113,7048300.0
1,61,63,0,0,0.01,12.011,4,5,16,-0.324,15.9994,2,0.334,3.9884,2,0.142,3223600.0
1,61,65,0,0,0.01,12.011,4,0,0,0.011,12.011,4,0.0009999999999999,0.0,2,0.156,3081900.0
1,63,64,5,16,-0.324,15.9994,2,3,8,0.222,1.008,1,0.546,14.9914,2,0.0971,7954700.0
1,65,66,0,0,0.011,12.011,4,3,9,0.161,1.008,1,0.15,11.003,2,0.113,7048300.0
1,65,67,0,0,0.011,12.011,4,4,11,-0.369,14.0067,3,0.38,1.9957000000000007,2,0.1435,6100000.0
1,65,69,0,0,0.011,12.011,4,0,0,0.133,12.011,4,0.122,0.0,2,0.156,3081900.0
1,67,68,4,11,-0.369,14.0067,3,3,8,0.204,1.008,1,0.573,12.9987,2,0.1,18700000.0
1,67,316,4,11,-0.369,14.0067,3,0,0,0.277,12.011,3,0.646,1.9957000000000007,2,0.139,8660000.0
1,69,70,0,0,0.133,12.011,4,3,9,0.111,1.008,1,0.022,11.003,2,0.113,7048300.0
1,69,71,0,0,0.133,12.011,4,5,17,-0.251,15.9994,2,0.384,3.9884,2,0.141,6538900.0
1,71,72,5,17,-0.251,15.9994,2,0,0,-0.031,12.011,4,0.22,3.9884,2,0.143,8180000.0
1,72,73,0,0,-0.031,12.011,4,3,9,0.132,1.008,1,0.163,11.003,2,0.112,37000000.0
1,72,74,0,0,-0.031,12.011,4,0,0,-0.014,12.011,4,0.017,0.0,2,0.153,7150000.0
1,72,82,0,0,-0.031,12.011,4,0,0,0.01,12.011,4,0.041,0.0,2,0.153,7150000.0
1,74,75,0,0,-0.014,12.011,4,3,9,0.108,1.008,1,0.122,11.003,2,0.112,37000000.0
1,74,76,0,0,-0.014,12.011,4,5,17,-0.322,15.9994,2,0.308,3.9884,2,0.143,8180000.0
1,74,77,0,0,-0.014,12.011,4,0,0,-0.019,12.011,4,0.0049999999999999,0.0,2,0.153,7150000.0
1,76,90,5,17,-0.322,15.9994,2,0,0,0.134,12.011,4,0.456,3.9884,2,0.143,8180000.0
1,77,78,0,0,-0.019,12.011,4,3,9,0.091,1.008,1,0.11,11.003,2,0.112,37000000.0
1,77,79,0,0,-0.019,12.011,4,3,9,0.117,1.008,1,0.136,11.003,2,0.112,37000000.0
1,77,80,0,0,-0.019,12.011,4,5,16,-0.333,15.9994,2,0.314,3.9884,2,0.141,6538900.0
1,80,81,5,16,-0.333,15.9994,2,3,8,0.271,1.008,1,0.6040000000000001,14.9914,2,0.0971,7954700.0
1,82,83,0,0,0.01,12.011,4,3,9,0.091,1.008,1,0.081,11.003,2,0.113,7048300.0
1,82,84,0,0,0.01,12.011,4,5,16,-0.325,15.9994,2,0.335,3.9884,2,0.141,6538900.0
1,82,86,0,0,0.01,12.011,4,0,0,0.011,12.011,4,0.0009999999999999,0.0,2,0.156,3081900.0
1,84,85,5,16,-0.325,15.9994,2,3,8,0.224,1.008,1,0.549,14.9914,2,0.0971,7954700.0
1,86,87,0,0,0.011,12.011,4,3,9,0.161,1.008,1,0.15,11.003,2,0.113,7048300.0
1,86,88,0,0,0.011,12.011,4,4,11,-0.369,14.0067,3,0.38,1.9957000000000007,2,0.1435,6100000.0
1,86,90,0,0,0.011,12.011,4,0,0,0.134,12.011,4,0.123,0.0,2,0.156,3081900.0
1,88,89,4,11,-0.369,14.0067,3,3,8,0.204,1.008,1,0.573,12.9987,2,0.1,18700000.0
1,88,310,4,11,-0.369,14.0067,3,0,0,0.28,12.011,3,0.649,1.9957000000000007,2,0.139,8660000.0
1,90,91,0,0,0.134,12.011,4,3,9,0.11,1.008,1,0.024,11.003,2,0.113,7048300.0
1,90,92,0,0,0.134,12.011,4,5,17,-0.251,15.9994,2,0.385,3.9884,2,0.141,6538900.0
1,92,93,5,17,-0.251,15.9994,2,0,0,-0.031,12.011,4,0.22,3.9884,2,0.143,8180000.0
1,93,94,0,0,-0.031,12.011,4,3,9,0.132,1.008,1,0.163,11.003,2,0.112,37000000.0
1,93,95,0,0,-0.031,12.011,4,0,0,-0.013,12.011,4,0.018,0.0,2,0.153,7150000.0
1,93,103,0,0,-0.031,12.011,4,0,0,0.01,12.011,4,0.041,0.0,2,0.153,7150000.0
1,95,96,0,0,-0.013,12.011,4,3,9,0.108,1.008,1,0.121,11.003,2,0.112,37000000.0
1,95,97,0,0,-0.013,12.011,4,5,17,-0.323,15.9994,2,0.31,3.9884,2,0.143,8180000.0
1,95,98,0,0,-0.013,12.011,4,0,0,-0.019,12.011,4,0.006,0.0,2,0.153,7150000.0
1,97,111,5,17,-0.323,15.9994,2,0,0,0.134,12.011,4,0.457,3.9884,2,0.143,8180000.0
1,98,99,0,0,-0.019,12.011,4,3,9,0.091,1.008,1,0.11,11.003,2,0.112,37000000.0
1,98,100,0,0,-0.019,12.011,4,3,9,0.117,1.008,1,0.136,11.003,2,0.112,37000000.0
1,98,101,0,0,-0.019,12.011,4,5,16,-0.333,15.9994,2,0.314,3.9884,2,0.141,6538900.0
1,101,102,5,16,-0.333,15.9994,2,3,8,0.271,1.008,1,0.6040000000000001,14.9914,2,0.0971,7954700.0
1,103,104,0,0,0.01,12.011,4,3,9,0.092,1.008,1,0.082,11.003,2,0.113,7048300.0
1,103,105,0,0,0.01,12.011,4,5,16,-0.325,15.9994,2,0.335,3.9884,2,0.141,6538900.0
1,103,107,0,0,0.01,12.011,4,0,0,0.011,12.011,4,0.0009999999999999,0.0,2,0.156,3081900.0
1,105,106,5,16,-0.325,15.9994,2,3,8,0.223,1.008,1,0.548,14.9914,2,0.0971,7954700.0
1,107,108,0,0,0.011,12.011,4,3,9,0.161,1.008,1,0.15,11.003,2,0.113,7048300.0
1,107,109,0,0,0.011,12.011,4,4,11,-0.368,14.0067,3,0.379,1.9957000000000007,2,0.1435,6100000.0
1,107,111,0,0,0.011,12.011,4,0,0,0.134,12.011,4,0.123,0.0,2,0.156,3081900.0
1,109,110,4,11,-0.368,14.0067,3,3,8,0.203,1.008,1,0.571,12.9987,2,0.1,18700000.0
1,109,304,4,11,-0.368,14.0067,3,0,0,0.277,12.011,3,0.645,1.9957000000000007,2,0.139,8660000.0
1,111,112,0,0,0.134,12.011,4,3,9,0.11,1.008,1,0.024,11.003,2,0.113,7048300.0
1,111,113,0,0,0.134,12.011,4,5,17,-0.251,15.9994,2,0.385,3.9884,2,0.141,6538900.0
1,113,114,5,17,-0.251,15.9994,2,0,0,-0.031,12.011,4,0.22,3.9884,2,0.143,8180000.0
1,114,115,0,0,-0.031,12.011,4,3,9,0.132,1.008,1,0.163,11.003,2,0.112,37000000.0
1,114,116,0,0,-0.031,12.011,4,0,0,-0.014,12.011,4,0.017,0.0,2,0.153,7150000.0
1,114,124,0,0,-0.031,12.011,4,0,0,0.01,12.011,4,0.041,0.0,2,0.153,7150000.0
1,116,117,0,0,-0.014,12.011,4,3,9,0.108,1.008,1,0.122,11.003,2,0.112,37000000.0
1,116,118,0,0,-0.014,12.011,4,5,17,-0.323,15.9994,2,0.309,3.9884,2,0.143,8180000.0
1,116,119,0,0,-0.014,12.011,4,0,0,-0.019,12.011,4,0.0049999999999999,0.0,2,0.153,7150000.0
1,118,132,5,17,-0.323,15.9994,2,0,0,0.134,12.011,4,0.457,3.9884,2,0.143,8180000.0
1,119,120,0,0,-0.019,12.011,4,3,9,0.091,1.008,1,0.11,11.003,2,0.112,37000000.0
1,119,121,0,0,-0.019,12.011,4,3,9,0.117,1.008,1,0.136,11.003,2,0.112,37000000.0
1,119,122,0,0,-0.019,12.011,4,5,16,-0.332,15.9994,2,0.313,3.9884,2,0.141,6538900.0
1,122,123,5,16,-0.332,15.9994,2,3,8,0.271,1.008,1,0.603,14.9914,2,0.0971,7954700.0
1,124,125,0,0,0.01,12.011,4,3,9,0.092,1.008,1,0.082,11.003,2,0.113,7048300.0
1,124,126,0,0,0.01,12.011,4,5,16,-0.325,15.9994,2,0.335,3.9884,2,0.141,6538900.0
1,124,128,0,0,0.01,12.011,4,0,0,0.011,12.011,4,0.0009999999999999,0.0,2,0.156,3081900.0
1,126,127,5,16,-0.325,15.9994,2,3,8,0.223,1.008,1,0.548,14.9914,2,0.0971,7954700.0
1,128,129,0,0,0.011,12.011,4,3,9,0.161,1.008,1,0.15,11.003,2,0.113,7048300.0
1,128,130,0,0,0.011,12.011,4,4,11,-0.368,14.0067,3,0.379,1.9957000000000007,2,0.1435,6100000.0
1,128,132,0,0,0.011,12.011,4,0,0,0.134,12.011,4,0.123,0.0,2,0.156,3081900.0
1,130,131,4,11,-0.368,14.0067,3,3,8,0.203,1.008,1,0.571,12.9987,2,0.1,18700000.0
1,130,298,4,11,-0.368,14.0067,3,0,0,0.28,12.011,3,0.648,1.9957000000000007,2,0.139,8660000.0
1,132,133,0,0,0.134,12.011,4,3,9,0.11,1.008,1,0.024,11.003,2,0.113,7048300.0
1,132,134,0,0,0.134,12.011,4,5,17,-0.251,15.9994,2,0.385,3.9884,2,0.141,6538900.0
1,134,135,5,17,-0.251,15.9994,2,0,0,-0.031,12.011,4,0.22,3.9884,2,0.143,8180000.0
1,135,136,0,0,-0.031,12.011,4,3,9,0.132,1.008,1,0.163,11.003,2,0.112,37000000.0
1,135,137,0,0,-0.031,12.011,4,0,0,-0.014,12.011,4,0.017,0.0,2,0.153,7150000.0
1,135,145,0,0,-0.031,12.011,4,0,0,0.01,12.011,4,0.041,0.0,2,0.153,7150000.0
1,137,138,0,0,-0.014,12.011,4,3,9,0.108,1.008,1,0.122,11.003,2,0.112,37000000.0
1,137,139,0,0,-0.014,12.011,4,5,17,-0.323,15.9994,2,0.309,3.9884,2,0.143,8180000.0
1,137,140,0,0,-0.014,12.011,4,0,0,-0.019,12.011,4,0.0049999999999999,0.0,2,0.153,7150000.0
1,139,153,5,17,-0.323,15.9994,2,0,0,0.134,12.011,4,0.457,3.9884,2,0.143,8180000.0
1,140,141,0,0,-0.019,12.011,4,3,9,0.091,1.008,1,0.11,11.003,2,0.112,37000000.0
1,140,142,0,0,-0.019,12.011,4,3,9,0.117,1.008,1,0.136,11.003,2,0.112,37000000.0
1,140,143,0,0,-0.019,12.011,4,5,16,-0.332,15.9994,2,0.313,3.9884,2,0.141,6538900.0
1,143,144,5,16,-0.332,15.9994,2,3,8,0.271,1.008,1,0.603,14.9914,2,0.0971,7954700.0
1,145,146,0,0,0.01,12.011,4,3,9,0.091,1.008,1,0.081,11.003,2,0.113,7048300.0
1,145,147,0,0,0.01,12.011,4,5,16,-0.325,15.9994,2,0.335,3.9884,2,0.141,6538900.0
1,145,149,0,0,0.01,12.011,4,0,0,0.011,12.011,4,0.0009999999999999,0.0,2,0.156,3081900.0
1,147,148,5,16,-0.325,15.9994,2,3,8,0.224,1.008,1,0.549,14.9914,2,0.0971,7954700.0
1,149,150,0,0,0.011,12.011,4,3,9,0.161,1.008,1,0.15,11.003,2,0.113,7048300.0
1,149,151,0,0,0.011,12.011,4,4,11,-0.368,14.0067,3,0.379,1.9957000000000007,2,0.1435,6100000.0
1,149,153,0,0,0.011,12.011,4,0,0,0.134,12.011,4,0.123,0.0,2,0.156,3081900.0
1,151,152,4,11,-0.368,14.0067,3,3,8,0.203,1.008,1,0.571,12.9987,2,0.1,18700000.0
1,151,292,4,11,-0.368,14.0067,3,0,0,0.28,12.011,3,0.648,1.9957000000000007,2,0.139,8660000.0
1,153,154,0,0,0.134,12.011,4,3,9,0.11,1.008,1,0.024,11.003,2,0.113,7048300.0
1,153,155,0,0,0.134,12.011,4,5,17,-0.251,15.9994,2,0.385,3.9884,2,0.141,6538900.0
1,155,156,5,17,-0.251,15.9994,2,0,0,-0.031,12.011,4,0.22,3.9884,2,0.143,8180000.0
1,156,157,0,0,-0.031,12.011,4,3,9,0.132,1.008,1,0.163,11.003,2,0.112,37000000.0
1,156,158,0,0,-0.031,12.011,4,0,0,-0.014,12.011,4,0.017,0.0,2,0.153,7150000.0
1,156,166,0,0,-0.031,12.011,4,0,0,0.01,12.011,4,0.041,0.0,2,0.153,7150000.0
1,158,159,0,0,-0.014,12.011,4,3,9,0.108,1.008,1,0.122,11.003,2,0.112,37000000.0
1,158,160,0,0,-0.014,12.011,4,5,17,-0.323,15.9994,2,0.309,3.9884,2,0.143,8180000.0
1,158,161,0,0,-0.014,12.011,4,0,0,-0.019,12.011,4,0.0049999999999999,0.0,2,0.153,7150000.0
1,160,174,5,17,-0.323,15.9994,2,0,0,0.134,12.011,4,0.457,3.9884,2,0.143,8180000.0
1,161,162,0,0,-0.019,12.011,4,3,9,0.091,1.008,1,0.11,11.003,2,0.112,37000000.0
1,161,163,0,0,-0.019,12.011,4,3,9,0.117,1.008,1,0.136,11.003,2,0.112,37000000.0
1,161,164,0,0,-0.019,12.011,4,5,16,-0.332,15.9994,2,0.313,3.9884,2,0.141,6538900.0
1,164,165,5,16,-0.332,15.9994,2,3,8,0.271,1.008,1,0.603,14.9914,2,0.0971,7954700.0
1,166,167,0,0,0.01,12.011,4,3,9,0.092,1.008,1,0.082,11.003,2,0.113,7048300.0
1,166,168,0,0,0.01,12.011,4,5,16,-0.325,15.9994,2,0.335,3.9884,2,0.141,6538900.0
1,166,170,0,0,0.01,12.011,4,0,0,0.011,12.011,4,0.0009999999999999,0.0,2,0.156,3081900.0
1,168,169,5,16,-0.325,15.9994,2,3,8,0.223,1.008,1,0.548,14.9914,2,0.0971,7954700.0
1,170,171,0,0,0.011,12.011,4,3,9,0.161,1.008,1,0.15,11.003,2,0.113,7048300.0
1,170,172,0,0,0.011,12.011,4,4,11,-0.368,14.0067,3,0.379,1.9957000000000007,2,0.1435,6100000.0
1,170,174,0,0,0.011,12.011,4,0,0,0.134,12.011,4,0.123,0.0,2,0.156,3081900.0
1,172,173,4,11,-0.368,14.0067,3,3,8,0.203,1.008,1,0.571,12.9987,2,0.1,18700000.0
1,172,286,4,11,-0.368,14.0067,3,0,0,0.28,12.011,3,0.648,1.9957000000000007,2,0.139,8660000.0
1,174,175,0,0,0.134,12.011,4,3,9,0.11,1.008,1,0.024,11.003,2,0.113,7048300.0
1,174,176,0,0,0.134,12.011,4,5,17,-0.251,15.9994,2,0.385,3.9884,2,0.141,6538900.0
1,176,177,5,17,-0.251,15.9994,2,0,0,-0.031,12.011,4,0.22,3.9884,2,0.143,8180000.0
1,177,178,0,0,-0.031,12.011,4,3,9,0.132,1.008,1,0.163,11.003,2,0.112,37000000.0
1,177,179,0,0,-0.031,12.011,4,0,0,-0.014,12.011,4,0.017,0.0,2,0.153,7150000.0
1,177,187,0,0,-0.031,12.011,4,0,0,0.01,12.011,4,0.041,0.0,2,0.153,7150000.0
1,179,180,0,0,-0.014,12.011,4,3,9,0.108,1.008,1,0.122,11.003,2,0.112,37000000.0
1,179,181,0,0,-0.014,12.011,4,5,17,-0.323,15.9994,2,0.309,3.9884,2,0.143,8180000.0
1,179,182,0,0,-0.014,12.011,4,0,0,-0.019,12.011,4,0.0049999999999999,0.0,2,0.153,7150000.0
1,181,195,5,17,-0.323,15.9994,2,0,0,0.134,12.011,4,0.457,3.9884,2,0.143,8180000.0
1,182,183,0,0,-0.019,12.011,4,3,9,0.091,1.008,1,0.11,11.003,2,0.112,37000000.0
1,182,184,0,0,-0.019,12.011,4,3,9,0.117,1.008,1,0.136,11.003,2,0.112,37000000.0
1,182,185,0,0,-0.019,12.011,4,5,16,-0.332,15.9994,2,0.313,3.9884,2,0.141,6538900.0
1,185,186,5,16,-0.332,15.9994,2,3,8,0.271,1.008,1,0.603,14.9914,2,0.0971,7954700.0
1,187,188,0,0,0.01,12.011,4,3,9,0.092,1.008,1,0.082,11.003,2,0.113,7048300.0
1,187,189,0,0,0.01,12.011,4,5,16,-0.325,15.9994,2,0.335,3.9884,2,0.141,6538900.0
1,187,191,0,0,0.01,12.011,4,0,0,0.011,12.011,4,0.0009999999999999,0.0,2,0.156,3081900.0
1,189,190,5,16,-0.325,15.9994,2,3,8,0.223,1.008,1,0.548,14.9914,2,0.0971,7954700.0
1,191,192,0,0,0.011,12.011,4,3,9,0.161,1.008,1,0.15,11.003,2,0.113,7048300.0
1,191,193,0,0,0.011,12.011,4,4,11,-0.368,14.0067,3,0.379,1.9957000000000007,2,0.1435,6100000.0
1,191,195,0,0,0.011,12.011,4,0,0,0.134,12.011,4,0.123,0.0,2,0.156,3081900.0
1,193,194,4,11,-0.368,14.0067,3,3,8,0.204,1.008,1,0.572,12.9987,2,0.1,18700000.0
1,193,280,4,11,-0.368,14.0067,3,0,0,0.28,12.011,3,0.648,1.9957000000000007,2,0.139,8660000.0
1,195,196,0,0,0.134,12.011,4,3,9,0.11,1.008,1,0.024,11.003,2,0.113,7048300.0
1,195,197,0,0,0.134,12.011,4,5,17,-0.252,15.9994,2,0.386,3.9884,2,0.141,6538900.0
1,197,198,5,17,-0.252,15.9994,2,0,0,-0.031,12.011,4,0.221,3.9884,2,0.143,8180000.0
1,198,199,0,0,-0.031,12.011,4,3,9,0.132,1.008,1,0.163,11.003,2,0.112,37000000.0
1,198,200,0,0,-0.031,12.011,4,0,0,-0.014,12.011,4,0.017,0.0,2,0.153,7150000.0
1,198,208,0,0,-0.031,12.011,4,0,0,0.01,12.011,4,0.041,0.0,2,0.153,7150000.0
1,200,201,0,0,-0.014,12.011,4,3,9,0.108,1.008,1,0.122,11.003,2,0.112,37000000.0
1,200,202,0,0,-0.014,12.011,4,5,17,-0.322,15.9994,2,0.308,3.9884,2,0.143,8180000.0
1,200,203,0,0,-0.014,12.011,4,0,0,-0.019,12.011,4,0.0049999999999999,0.0,2,0.153,7150000.0
1,202,216,5,17,-0.322,15.9994,2,0,0,0.134,12.011,4,0.456,3.9884,2,0.143,8180000.0
1,203,204,0,0,-0.019,12.011,4,3,9,0.091,1.008,1,0.11,11.003,2,0.112,37000000.0
1,203,205,0,0,-0.019,12.011,4,3,9,0.117,1.008,1,0.136,11.003,2,0.112,37000000.0
1,203,206,0,0,-0.019,12.011,4,5,16,-0.332,15.9994,2,0.313,3.9884,2,0.141,6538900.0
1,206,207,5,16,-0.332,15.9994,2,3,8,0.27,1.008,1,0.6020000000000001,14.9914,2,0.0971,7954700.0
1,208,209,0,0,0.01,12.011,4,3,9,0.091,1.008,1,0.081,11.003,2,0.113,7048300.0
1,208,210,0,0,0.01,12.011,4,5,16,-0.325,15.9994,2,0.335,3.9884,2,0.141,6538900.0
1,208,212,0,0,0.01,12.011,4,0,0,0.01,12.011,4,0.0,0.0,2,0.156,3081900.0
1,210,211,5,16,-0.325,15.9994,2,3,8,0.224,1.008,1,0.549,14.9914,2,0.0971,7954700.0
1,212,213,0,0,0.01,12.011,4,3,9,0.161,1.008,1,0.151,11.003,2,0.113,7048300.0
1,212,214,0,0,0.01,12.011,4,4,11,-0.368,14.0067,3,0.378,1.9957000000000007,2,0.1435,6100000.0
1,212,216,0,0,0.01,12.011,4,0,0,0.134,12.011,4,0.124,0.0,2,0.156,3081900.0
1,214,215,4,11,-0.368,14.0067,3,3,8,0.206,1.008,1,0.574,12.9987,2,0.1,18700000.0
1,214,274,4,11,-0.368,14.0067,3,0,0,0.279,12.011,3,0.647,1.9957000000000007,2,0.139,8660000.0
1,216,217,0,0,0.134,12.011,4,3,9,0.109,1.008,1,0.025,11.003,2,0.113,7048300.0
1,216,218,0,0,0.134,12.011,4,5,17,-0.252,15.9994,2,0.386,3.9884,2,0.141,6538900.0
1,218,219,5,17,-0.252,15.9994,2,0,0,-0.031,12.011,4,0.221,3.9884,2,0.143,8180000.0
1,219,220,0,0,-0.031,12.011,4,3,9,0.132,1.008,1,0.163,11.003,2,0.112,37000000.0
1,219,221,0,0,-0.031,12.011,4,0,0,-0.014,12.011,4,0.017,0.0,2,0.153,7150000.0
1,219,229,0,0,-0.031,12.011,4,0,0,0.01,12.011,4,0.041,0.0,2,0.153,7150000.0
1,221,222,0,0,-0.014,12.011,4,3,9,0.109,1.008,1,0.123,11.003,2,0.112,37000000.0
1,221,223,0,0,-0.014,12.011,4,5,17,-0.324,15.9994,2,0.31,3.9884,2,0.143,8180000.0
1,221,224,0,0,-0.014,12.011,4,0,0,-0.019,12.011,4,0.0049999999999999,0.0,2,0.153,7150000.0
1,223,237,5,17,-0.324,15.9994,2,0,0,0.134,12.011,4,0.458,3.9884,2,0.143,8180000.0
1,224,225,0,0,-0.019,12.011,4,3,9,0.089,1.008,1,0.108,11.003,2,0.112,37000000.0
1,224,226,0,0,-0.019,12.011,4,3,9,0.118,1.008,1,0.1369999999999999,11.003,2,0.112,37000000.0
1,224,227,0,0,-0.019,12.011,4,5,16,-0.332,15.9994,2,0.313,3.9884,2,0.141,6538900.0
1,227,228,5,16,-0.332,15.9994,2,3,8,0.272,1.008,1,0.6040000000000001,14.9914,2,0.0971,7954700.0
1,229,230,0,0,0.01,12.011,4,3,9,0.091,1.008,1,0.081,11.003,2,0.113,7048300.0
1,229,231,0,0,0.01,12.011,4,5,16,-0.325,15.9994,2,0.335,3.9884,2,0.141,6538900.0
1,229,233,0,0,0.01,12.011,4,0,0,0.011,12.011,4,0.0009999999999999,0.0,2,0.156,3081900.0
1,231,232,5,16,-0.325,15.9994,2,3,8,0.224,1.008,1,0.549,14.9914,2,0.0971,7954700.0
1,233,234,0,0,0.011,12.011,4,3,9,0.161,1.008,1,0.15,11.003,2,0.113,7048300.0
1,233,235,0,0,0.011,12.011,4,4,11,-0.368,14.0067,3,0.379,1.9957000000000007,2,0.1435,6100000.0
1,233,237,0,0,0.011,12.011,4,0,0,0.134,12.011,4,0.123,0.0,2,0.156,3081900.0
1,235,236,4,11,-0.368,14.0067,3,3,8,0.204,1.008,1,0.572,12.9987,2,0.1,18700000.0
1,235,268,4,11,-0.368,14.0067,3,0,0,0.28,12.011,3,0.648,1.9957000000000007,2,0.139,8660000.0
1,237,238,0,0,0.134,12.011,4,3,9,0.11,1.008,1,0.024,11.003,2,0.113,7048300.0
1,237,239,0,0,0.134,12.011,4,5,17,-0.252,15.9994,2,0.386,3.9884,2,0.141,6538900.0
1,239,240,5,17,-0.252,15.9994,2,0,0,-0.032,12.011,4,0.22,3.9884,2,0.143,8180000.0
1,240,241,0,0,-0.032,12.011,4,3,9,0.129,1.008,1,0.161,11.003,2,0.112,37000000.0
1,240,242,0,0,-0.032,12.011,4,0,0,-0.018,12.011,4,0.014,0.0,2,0.153,7150000.0
1,240,250,0,0,-0.032,12.011,4,0,0,0.019,12.011,4,0.051,0.0,2,0.154,4216600.0
1,242,243,0,0,-0.018,12.011,4,3,9,0.105,1.008,1,0.123,11.003,2,0.113,7048300.0
1,242,244,0,0,-0.018,12.011,4,5,17,-0.31,15.9994,2,0.292,3.9884,2,0.143,8180000.0
1,242,245,0,0,-0.018,12.011,4,0,0,-0.017,12.011,4,0.0009999999999999,0.0,2,0.153,7150000.0
1,244,258,5,17,-0.31,15.9994,2,0,0,0.145,12.011,4,0.4549999999999999,3.9884,2,0.143,8180000.0
1,245,246,0,0,-0.017,12.011,4,3,9,0.089,1.008,1,0.106,11.003,2,0.112,37000000.0
1,245,247,0,0,-0.017,12.011,4,3,9,0.112,1.008,1,0.129,11.003,2,0.112,37000000.0
1,245,248,0,0,-0.017,12.011,4,5,16,-0.337,15.9994,2,0.32,3.9884,2,0.141,6538900.0
1,248,249,5,16,-0.337,15.9994,2,3,8,0.279,1.008,1,0.6160000000000001,14.9914,2,0.0971,7954700.0
1,250,251,0,0,0.019,12.011,4,3,9,0.097,1.008,1,0.078,11.003,2,0.113,7048300.0
1,250,252,0,0,0.019,12.011,4,5,16,-0.333,15.9994,2,0.352,3.9884,2,0.142,3223600.0
1,250,254,0,0,0.019,12.011,4,0,0,-0.026,12.011,4,0.045,0.0,2,0.154,4216600.0
1,252,253,5,16,-0.333,15.9994,2,3,8,0.217,1.008,1,0.55,14.9914,2,0.0971,7954700.0
1,254,255,0,0,-0.026,12.011,4,3,9,0.128,1.008,1,0.154,11.003,2,0.113,7048300.0
1,254,256,0,0,-0.026,12.011,4,4,11,-0.367,14.0067,3,0.3409999999999999,1.9957000000000007,2,0.1435,6100000.0
1,254,258,0,0,-0.026,12.011,4,0,0,0.145,12.011,4,0.1709999999999999,0.0,2,0.156,3081900.0
1,256,257,4,11,-0.367,14.0067,3,3,8,0.265,1.008,1,0.632,12.9987,2,0.1,18700000.0
1,256,262,4,11,-0.367,14.0067,3,0,0,0.299,12.011,3,0.6659999999999999,1.9957000000000007,2,0.138,11000000.0
1,258,259,0,0,0.145,12.011,4,3,9,0.119,1.008,1,0.0259999999999999,11.003,2,0.112,37000000.0
1,258,260,0,0,0.145,12.011,4,5,16,-0.299,15.9994,2,0.4439999999999999,3.9884,2,0.139,8660000.0
1,260,261,5,16,-0.299,15.9994,2,3,8,0.035,1.008,1,0.3339999999999999,14.9914,2,0.0971,7954700.0
1,262,263,0,0,0.299,12.011,3,5,15,-0.384,15.9994,1,0.683,3.9884,2,0.125,13400000.0
1,262,264,0,0,0.299,12.011,3,0,0,-0.239,12.011,4,0.538,0.0,2,0.151,3727900.0
1,264,265,0,0,-0.239,12.011,4,3,9,0.108,1.008,1,0.347,11.003,2,0.112,37000000.0
1,264,266,0,0,-0.239,12.011,4,3,9,0.108,1.008,1,0.347,11.003,2,0.112,37000000.0
1,264,267,0,0,-0.239,12.011,4,3,9,0.108,1.008,1,0.347,11.003,2,0.112,37000000.0
1,268,269,0,0,0.28,12.011,3,5,15,-0.355,15.9994,1,0.635,3.9884,2,0.125,13400000.0
1,268,270,0,0,0.28,12.011,3,0,0,-0.243,12.011,4,0.523,0.0,2,0.151,3727900.0
1,270,271,0,0,-0.243,12.011,4,3,9,0.106,1.008,1,0.349,11.003,2,0.112,37000000.0
1,270,272,0,0,-0.243,12.011,4,3,9,0.106,1.008,1,0.349,11.003,2,0.112,37000000.0
1,270,273,0,0,-0.243,12.011,4,3,9,0.106,1.008,1,0.349,11.003,2,0.112,37000000.0
1,274,275,0,0,0.279,12.011,3,5,15,-0.354,15.9994,1,0.633,3.9884,2,0.125,13400000.0
1,274,276,0,0,0.279,12.011,3,0,0,-0.243,12.011,4,0.522,0.0,2,0.151,3727900.0
1,276,277,0,0,-0.243,12.011,4,3,9,0.106,1.008,1,0.349,11.003,2,0.112,37000000.0
1,276,278,0,0,-0.243,12.011,4,3,9,0.106,1.008,1,0.349,11.003,2,0.112,37000000.0
1,276,279,0,0,-0.243,12.011,4,3,9,0.106,1.008,1,0.349,11.003,2,0.112,37000000.0
1,280,281,0,0,0.28,12.011,3,5,15,-0.355,15.9994,1,0.635,3.9884,2,0.125,13400000.0
1,280,282,0,0,0.28,12.011,3,0,0,-0.243,12.011,4,0.523,0.0,2,0.151,3727900.0
1,282,283,0,0,-0.243,12.011,4,3,9,0.106,1.008,1,0.349,11.003,2,0.112,37000000.0
1,282,284,0,0,-0.243,12.011,4,3,9,0.106,1.008,1,0.349,11.003,2,0.112,37000000.0
1,282,285,0,0,-0.243,12.011,4,3,9,0.106,1.008,1,0.349,11.003,2,0.112,37000000.0
1,286,287,0,0,0.28,12.011,3,5,15,-0.355,15.9994,1,0.635,3.9884,2,0.125,13400000.0
1,286,288,0,0,0.28,12.011,3,0,0,-0.243,12.011,4,0.523,0.0,2,0.151,3727900.0
1,288,289,0,0,-0.243,12.011,4,3,9,0.106,1.008,1,0.349,11.003,2,0.112,37000000.0
1,288,290,0,0,-0.243,12.011,4,3,9,0.106,1.008,1,0.349,11.003,2,0.112,37000000.0
1,288,291,0,0,-0.243,12.011,4,3,9,0.106,1.008,1,0.349,11.003,2,0.112,37000000.0
1,292,293,0,0,0.28,12.011,3,5,15,-0.355,15.9994,1,0.635,3.9884,2,0.125,13400000.0
1,292,294,0,0,0.28,12.011,3,0,0,-0.243,12.011,4,0.523,0.0,2,0.151,3727900.0
1,294,295,0,0,-0.243,12.011,4,3,9,0.106,1.008,1,0.349,11.003,2,0.112,37000000.0
1,294,296,0,0,-0.243,12.011,4,3,9,0.106,1.008,1,0.349,11.003,2,0.112,37000000.0
1,294,297,0,0,-0.243,12.011,4,3,9,0.106,1.008,1,0.349,11.003,2,0.112,37000000.0
1,298,299,0,0,0.28,12.011,3,5,15,-0.355,15.9994,1,0.635,3.9884,2,0.125,13400000.0
1,298,300,0,0,0.28,12.011,3,0,0,-0.243,12.011,4,0.523,0.0,2,0.151,3727900.0
1,300,301,0,0,-0.243,12.011,4,3,9,0.106,1.008,1,0.349,11.003,2,0.112,37000000.0
1,300,302,0,0,-0.243,12.011,4,3,9,0.106,1.008,1,0.349,11.003,2,0.112,37000000.0
1,300,303,0,0,-0.243,12.011,4,3,9,0.106,1.008,1,0.349,11.003,2,0.112,37000000.0
1,304,305,0,0,0.277,12.011,3,5,15,-0.355,15.9994,1,0.632,3.9884,2,0.125,13400000.0
1,304,306,0,0,0.277,12.011,3,0,0,-0.243,12.011,4,0.52,0.0,2,0.151,3727900.0
1,306,307,0,0,-0.243,12.011,4,3,9,0.107,1.008,1,0.35,11.003,2,0.112,37000000.0
1,306,308,0,0,-0.243,12.011,4,3,9,0.107,1.008,1,0.35,11.003,2,0.112,37000000.0
1,306,309,0,0,-0.243,12.011,4,3,9,0.107,1.008,1,0.35,11.003,2,0.112,37000000.0
1,310,311,0,0,0.28,12.011,3,5,15,-0.355,15.9994,1,0.635,3.9884,2,0.125,13400000.0
1,310,312,0,0,0.28,12.011,3,0,0,-0.243,12.011,4,0.523,0.0,2,0.151,3727900.0
1,312,313,0,0,-0.243,12.011,4,3,9,0.106,1.008,1,0.349,11.003,2,0.112,37000000.0
1,312,314,0,0,-0.243,12.011,4,3,9,0.106,1.008,1,0.349,11.003,2,0.112,37000000.0
1,312,315,0,0,-0.243,12.011,4,3,9,0.106,1.008,1,0.349,11.003,2,0.112,37000000.0
1,316,317,0,0,0.277,12.011,3,5,15,-0.355,15.9994,1,0.632,3.9884,2,0.125,13400000.0
1,316,318,0,0,0.277,12.011,3,0,0,-0.243,12.011,4,0.52,0.0,2,0.151,3727900.0
1,318,319,0,0,-0.243,12.011,4,3,9,0.107,1.008,1,0.35,11.003,2,0.112,37000000.0
1,318,320,0,0,-0.243,12.011,4,3,9,0.107,1.008,1,0.35,11.003,2,0.112,37000000.0
1,318,321,0,0,-0.243,12.011,4,3,9,0.107,1.008,1,0.35,11.003,2,0.112,37000000.0
1,322,323,0,0,0.274,12.011,3,5,15,-0.352,15.9994,1,0.626,3.9884,2,0.125,13400000.0
1,322,324,0,0,0.274,12.011,3,0,0,-0.243,12.011,4,0.517,0.0,2,0.151,3727900.0
1,324,325,0,0,-0.243,12.011,4,3,9,0.107,1.008,1,0.35,11.003,2,0.112,37000000.0
1,324,326,0,0,-0.243,12.011,4,3,9,0.107,1.008,1,0.35,11.003,2,0.112,37000000.0
1,324,327,0,0,-0.243,12.011,4,3,9,0.107,1.008,1,0.35,11.003,2,0.112,37000000.0
