molecule,ai,aj,element_i,type_i,charge_i,mass_i,coord_i,element_j,type_j,charge_j,mass_j,coord_j,delta_charge,delta_mass,funct,target_c0,target_c1
FFX9,1,2,H,H,0.198,1.008,1,O,O,-0.33,15.9994,2,0.528,14.991399999999999,2,0.0971,7954700.0
FFX9,2,3,O,O,-0.33,15.9994,2,C,C,0.034,12.011,4,0.364,3.9884000000000004,2,0.143,8180000.0
FFX9,3,4,C,C,0.034,12.011,4,H,HC,0.075,1.008,1,0.040999999999999995,11.003,2,0.113,7048300.0
FFX9,3,5,C,C,0.034,12.011,4,C,CH2,0.078,14.027,2,0.044,2.016,2,0.153,7150000.0
FFX9,3,31,C,C,0.034,12.011,4,C,CH2,-0.02,14.027,2,0.054000000000000006,2.016,2,0.152,5430000.0
FFX9,5,6,C,CH2,0.078,14.027,2,C,C,-0.102,12.011,3,0.18,2.016,2,0.149,14189000.0
FFX9,6,7,C,C,-0.102,12.011,3,C,C,-0.004,12.011,4,0.09799999999999999,0.0,2,0.151,3727900.0
FFX9,6,28,C,C,-0.102,12.011,3,C,C,-0.162,12.011,3,0.06000000000000001,0.0,2,0.134,10500000.0
FFX9,7,8,C,C,-0.004,12.011,4,C,CH3,0.029,15.035,1,0.033,3.024000000000001,2,0.153,7150000.0
FFX9,7,9,C,C,-0.004,12.011,4,C,CH1,-0.001,13.019,3,0.003,1.008000000000001,2,0.154,4216600.0
FFX9,7,30,C,C,-0.004,12.011,4,C,CH2,0.022,14.027,2,0.026,2.016,2,0.153,7150000.0
FFX9,9,10,C,CH1,-0.001,13.019,3,C,CH2,0.006,14.027,2,0.007,1.0079999999999991,2,0.152,5430000.0
FFX9,9,26,C,CH1,-0.001,13.019,3,C,CH1,0.012,13.019,3,0.013000000000000001,0.0,2,0.153,7150000.0
FFX9,10,11,C,CH2,0.006,14.027,2,C,CH2,0.017,14.027,2,0.011000000000000001,0.0,2,0.152,5430000.0
FFX9,11,12,C,CH2,0.017,14.027,2,C,C,-0.044,12.011,4,0.061,2.016,2,0.152,5430000.0
FFX9,12,13,C,C,-0.044,12.011,4,C,CH3,0.024,15.035,1,0.068,3.024000000000001,2,0.152,5430000.0
FFX9,12,14,C,C,-0.044,12.011,4,C,CH1,-0.007,13.019,3,0.037,1.008000000000001,2,0.154,4216600.0
FFX9,12,25,C,C,-0.044,12.011,4,C,CH1,-0.019,13.019,3,0.024999999999999998,1.008000000000001,2,0.154,4216600.0
FFX9,14,15,C,CH1,-0.007,13.019,3,C,CH1,-0.006,13.019,3,0.001,0.0,2,0.152,5430000.0
FFX9,14,23,C,CH1,-0.007,13.019,3,C,CH2,0.005,14.027,2,0.012,1.0079999999999991,2,0.154,4216600.0
FFX9,15,16,C,CH1,-0.006,13.019,3,C,CH2,0.004,14.027,2,0.01,1.0079999999999991,2,0.153,7150000.0
FFX9,15,22,C,CH1,-0.006,13.019,3,C,CH3,0.01,15.035,1,0.016,2.016,2,0.152,5430000.0
FFX9,16,17,C,CH2,0.004,14.027,2,C,CH2,-0.0,14.027,2,0.004,0.0,2,0.152,5430000.0
FFX9,17,18,C,CH2,-0.0,14.027,2,C,CH2,0.004,14.027,2,0.004,0.0,2,0.152,5430000.0
FFX9,18,19,C,CH2,0.004,14.027,2,C,CH1,-0.021,13.019,3,0.025,1.0079999999999991,2,0.153,7150000.0
FFX9,19,20,C,CH1,-0.021,13.019,3,C,CH3,0.008,15.035,1,0.029,2.016,2,0.152,5430000.0
FFX9,19,21,C,CH1,-0.021,13.019,3,C,CH3,0.009,15.035,1,0.03,2.016,2,0.152,5430000.0
FFX9,23,24,C,CH2,0.005,14.027,2,C,CH2,0.009,14.027,2,0.003999999999999999,0.0,2,0.153,7150000.0
FFX9,24,25,C,CH2,0.009,14.027,2,C,CH1,-0.019,13.019,3,0.027999999999999997,1.0079999999999991,2,0.152,5430000.0
FFX9,25,26,C,CH1,-0.019,13.019,3,C,CH1,0.012,13.019,3,0.031,0.0,2,0.152,5430000.0
FFX9,26,27,C,CH1,0.012,13.019,3,C,CH2,0.051,14.027,2,0.03899999999999999,1.0079999999999991,2,0.152,5430000.0
FFX9,27,28,C,CH2,0.051,14.027,2,C,C,-0.162,12.011,3,0.213,2.016,2,0.148,5730000.0
FFX9,28,29,C,C,-0.162,12.011,3,H,HC,0.121,1.008,1,0.28300000000000003,11.003,2,0.11,12100000.0
FFX9,30,31,C,CH2,0.022,14.027,2,C,CH2,-0.02,14.027,2,0.041999999999999996,0.0,2,0.152,5430000.0
ES3X,1,2,O,OM,-0.446,15.9994,1,N,NT,0.713,14.0067,3,1.159,1.9926999999999992,2,0.123,16600000.0
ES3X,2,3,N,NT,0.713,14.0067,3,O,OM,-0.446,15.9994,1,1.159,1.9926999999999992,2,0.123,16600000.0
ES3X,2,4,N,NT,0.713,14.0067,3,C,C,0.074,12.011,3,0.639,1.9957000000000011,2,0.147,8710000.0
ES3X,4,5,C,C,0.074,12.011,3,C,C,-0.263,12.011,3,0.337,0.0,2,0.139,8660000.0
ES3X,4,14,C,C,0.074,12.011,3,C,C,-0.319,12.011,3,0.393,0.0,2,0.139,8660000.0
ES3X,5,6,C,C,-0.263,12.011,3,H,HC,0.189,1.008,1,0.452,11.003,2,0.109,12300000.0
ES3X,5,7,C,C,-0.263,12.011,3,C,C,-0.029,12.011,3,0.234,0.0,2,0.139,8660000.0
ES3X,7,8,C,C,-0.029,12.011,3,H,HC,0.149,1.008,1,0.178,11.003,2,0.109,12300000.0
ES3X,7,9,C,C,-0.029,12.011,3,C,C,-0.304,12.011,3,0.27499999999999997,0.0,2,0.139,8660000.0
ES3X,9,10,C,C,-0.304,12.011,3,H,HC,0.184,1.008,1,0.488,11.003,2,0.109,12300000.0
ES3X,9,11,C,C,-0.304,12.011,3,C,C,0.416,12.011,3,0.72,0.0,2,0.14,8540000.0
ES3X,11,12,C,C,0.416,12.011,3,O,OA,-0.578,15.9994,2,0.994,3.9884000000000004,2,0.136,10200000.0
ES3X,11,14,C,C,0.416,12.011,3,C,C,-0.319,12.011,3,0.735,0.0,2,0.139,8660000.0
ES3X,12,13,O,OA,-0.578,15.9994,2,H,HS14,0.45,1.008,1,1.028,14.991399999999999,2,0.0972,19581000.0
ES3X,14,15,C,C,-0.319,12.011,3,H,HC,0.21,1.008,1,0.529,11.003,2,0.109,12300000.0
G280,1,2,H,HS14,0.51,1.008,1,O,OA,-0.567,15.9994,2,1.077,14.991399999999999,2,0.0984,20656000.0
G280,2,3,O,OA,-0.567,15.9994,2,C,C,0.379,12.011,3,0.946,3.9884000000000004,2,0.134,10500000.0
G280,3,4,C,C,0.379,12.011,3,C,C,-0.12,12.011,3,0.499,0.0,2,0.142,3223600.0
G280,3,8,C,C,0.379,12.011,3,C,C,-0.245,12.011,3,0.624,0.0,2,0.14,8540000.0
G280,4,5,C,C,-0.12,12.011,3,N,NT,0.599,14.0067,3,0.719,1.9957000000000011,2,0.1435,6100000.0
G280,4,14,C,C,-0.12,12.011,3,C,C,-0.109,12.011,3,0.010999999999999996,0.0,2,0.14,8540000.0
G280,5,6,N,NT,0.599,14.0067,3,O,OM,-0.429,15.9994,1,1.028,1.9926999999999992,2,0.123,16600000.0
G280,5,7,N,NT,0.599,14.0067,3,O,OM,-0.429,15.9994,1,1.028,1.9926999999999992,2,0.123,16600000.0
G280,8,9,C,C,-0.245,12.011,3,H,HC,0.178,1.008,1,0.423,11.003,2,0.109,12300000.0
G280,8,10,C,C,-0.245,12.011,3,C,C,-0.06,12.011,3,0.185,0.0,2,0.139,8660000.0
G280,10,11,C,C,-0.06,12.011,3,H,HC,0.146,1.008,1,0.206,11.003,2,0.109,12300000.0
G280,10,12,C,C,-0.06,12.011,3,C,C,-0.153,12.011,3,0.093,0.0,2,0.14,8540000.0
G280,12,13,C,C,-0.153,12.011,3,H,HC,0.149,1.008,1,0.302,11.003,2,0.109,12300000.0
G280,12,14,C,C,-0.153,12.011,3,C,C,-0.109,12.011,3,0.044,0.0,2,0.139,8660000.0
G280,14,15,C,C,-0.109,12.011,3,H,HC,0.151,1.008,1,0.26,11.003,2,0.109,12300000.0
9WTE,1,2,H,H,0.448,1.008,1,O,O,-0.608,15.9994,2,1.056,14.991399999999999,2,0.0972,19581000.0
9WTE,2,3,O,O,-0.608,15.9994,2,C,C,0.403,12.011,3,1.0110000000000001,3.9884000000000004,2,0.138,11000000.0
9WTE,3,4,C,C,0.403,12.011,3,C,C,-0.319,12.011,3,0.722,0.0,2,0.139,8660000.0
9WTE,3,11,C,C,0.403,12.011,3,C,C,-0.319,12.011,3,0.722,0.0,2,0.139,8660000.0
9WTE,4,5,C,C,-0.319,12.011,3,H,HC,0.171,1.008,1,0.49,11.003,2,0.109,12300000.0
9WTE,4,6,C,C,-0.319,12.011,3,C,C,-0.126,12.011,3,0.193,0.0,2,0.139,8660000.0
9WTE,6,7,C,C,-0.126,12.011,3,H,HC,0.131,1.008,1,0.257,11.003,2,0.109,12300000.0
9WTE,6,8,C,C,-0.126,12.011,3,C,C,-0.065,12.011,3,0.061,0.0,2,0.139,8660000.0
9WTE,8,9,C,C,-0.065,12.011,3,C,C,-0.126,12.011,3,0.061,0.0,2,0.139,8660000.0
9WTE,8,13,C,C,-0.065,12.011,3,C,C,0.446,12.011,4,0.511,0.0,2,0.154,4005700.0
9WTE,9,10,C,C,-0.126,12.011,3,H,HC,0.131,1.008,1,0.257,11.003,2,0.109,12300000.0
9WTE,9,11,C,C,-0.126,12.011,3,C,C,-0.319,12.011,3,0.193,0.0,2,0.139,8660000.0
9WTE,11,12,C,C,-0.319,12.011,3,H,HC,0.171,1.008,1,0.49,11.003,2,0.109,12300000.0
9WTE,13,14,C,C,0.446,12.011,4,C,C,-0.397,12.011,4,0.843,0.0,2,0.154,4005700.0
9WTE,13,18,C,C,0.446,12.011,4,C,C,-0.397,12.011,4,0.843,0.0,2,0.154,4005700.0
9WTE,13,22,C,C,0.446,12.011,4,C,C,-0.065,12.011,3,0.511,0.0,2,0.154,4005700.0
9WTE,14,15,C,C,-0.397,12.011,4,H,HC,0.094,1.008,1,0.491,11.003,2,0.109,12300000.0
9WTE,14,16,C,C,-0.397,12.011,4,H,HC,0.094,1.008,1,0.491,11.003,2,0.109,12300000.0
9WTE,14,17,C,C,-0.397,12.011,4,H,HC,0.094,1.008,1,0.491,11.003,2,0.109,12300000.0
9WTE,18,19,C,C,-0.397,12.011,4,H,HC,0.094,1.008,1,0.491,11.003,2,0.109,12300000.0
9WTE,18,20,C,C,-0.397,12.011,4,H,HC,0.094,1.008,1,0.491,11.003,2,0.109,12300000.0
9WTE,18,21,C,C,-0.397,12.011,4,H,HC,0.094,1.008,1,0.491,11.003,2,0.109,12300000.0
9WTE,22,23,C,C,-0.065,12.011,3,C,C,-0.126,12.011,3,0.061,0.0,2,0.139,8660000.0
9WTE,22,32,C,C,-0.065,12.011,3,C,C,-0.126,12.011,3,0.061,0.0,2,0.139,8660000.0
9WTE,23,24,C,C,-0.126,12.011,3,H,HC,0.131,1.008,1,0.257,11.003,2,0.109,12300000.0
9WTE,23,25,C,C,-0.126,12.011,3,C,C,-0.319,12.011,3,0.193,0.0,2,0.139,8660000.0
9WTE,25,26,C,C,-0.319,12.011,3,H,HC,0.171,1.008,1,0.49,11.003,2,0.109,12300000.0
9WTE,25,27,C,C,-0.319,12.011,3,C,C,0.403,12.011,3,0.722,0.0,2,0.139,8660000.0
9WTE,27,28,C,C,0.403,12.011,3,O,O,-0.608,15.9994,2,1.0110000000000001,3.9884000000000004,2,0.138,11000000.0
9WTE,27,30,C,C,0.403,12.011,3,C,C,-0.319,12.011,3,0.722,0.0,2,0.139,8660000.0
9WTE,28,29,O,O,-0.608,15.9994,2,H,H,0.448,1.008,1,1.056,14.991399999999999,2,0.0972,19581000.0
9WTE,30,31,C,C,-0.319,12.011,3,H,HC,0.171,1.008,1,0.49,11.003,2,0.109,12300000.0
9WTE,30,32,C,C,-0.319,12.011,3,C,C,-0.126,12.011,3,0.193,0.0,2,0.139,8660000.0
9WTE,32,33,C,C,-0.126,12.011,3,H,HC,0.131,1.008,1,0.257,11.003,2,0.109,12300000.0
EFZ,1,2,H,HC,0.142,1.008,1,C,C,-0.022,12.011,3,0.16399999999999998,11.003,2,0.109,12300000.0
EFZ,2,3,C,C,-0.022,12.011,3,C,C,-0.32,12.011,3,0.298,0.0,2,0.139,8660000.0
EFZ,2,19,C,C,-0.022,12.011,3,C,C,-0.022,12.011,3,0.0,0.0,2,0.139,8660000.0
EFZ,3,4,C,C,-0.32,12.011,3,H,HC,0.212,1.008,1,0.532,11.003,2,0.109,12300000.0
EFZ,3,5,C,C,-0.32,12.011,3,C,C,0.27,12.011,3,0.5900000000000001,0.0,2,0.139,8660000.0
EFZ,5,6,C,C,0.27,12.011,3,N,N,-0.575,14.0067,3,0.845,1.9957000000000011,2,0.14,8540000.0
EFZ,5,16,C,C,0.27,12.011,3,C,C,0.119,12.011,3,0.15100000000000002,0.0,2,0.14,8540000.0
EFZ,6,7,N,N,-0.575,14.0067,3,H,H,0.383,1.008,1,0.958,12.9987,2,0.101,21076000.0
EFZ,6,8,N,N,-0.575,14.0067,3,C,C,0.82,12.011,3,1.395,1.9957000000000011,2,0.136,10200000.0
EFZ,8,9,C,C,0.82,12.011,3,O,OE,-0.591,15.9994,1,1.411,3.9884000000000004,2,0.121,19807000.0
EFZ,8,10,C,C,0.82,12.011,3,O,OE,-0.37,15.9994,2,1.19,3.9884000000000004,2,0.136,10200000.0
EFZ,10,11,O,OE,-0.37,15.9994,2,C,C,0.04,12.011,4,0.41,3.9884000000000004,2,0.146,4691300.0
EFZ,11,12,C,C,0.04,12.011,4,C,C,0.367,12.011,4,0.327,0.0,2,0.156,3081900.0
EFZ,11,16,C,C,0.04,12.011,4,C,C,0.119,12.011,3,0.07899999999999999,0.0,2,0.152,5430000.0
EFZ,11,21,C,C,0.04,12.011,4,C,C,-0.05,12.011,2,0.09,0.0,2,0.146,4691300.0
EFZ,12,13,C,C,0.367,12.011,4,F,F,-0.129,18.9984,1,0.496,6.987400000000001,2,0.135,10300000.0
EFZ,12,14,C,C,0.367,12.011,4,F,F,-0.129,18.9984,1,0.496,6.987400000000001,2,0.135,10300000.0
EFZ,12,15,C,C,0.367,12.011,4,F,F,-0.129,18.9984,1,0.496,6.987400000000001,2,0.135,10300000.0
EFZ,16,17,C,C,0.119,12.011,3,C,C,-0.195,12.011,3,0.314,0.0,2,0.139,8660000.0
EFZ,17,18,C,C,-0.195,12.011,3,H,HC,0.198,1.008,1,0.393,11.003,2,0.109,12300000.0
EFZ,17,19,C,C,-0.195,12.011,3,C,C,-0.022,12.011,3,0.17300000000000001,0.0,2,0.139,8660000.0
EFZ,19,20,C,C,-0.022,12.011,3,C,CL,-0.11,35.453,1,0.088,23.442000000000004,2,0.176,1436600.0
EFZ,21,22,C,C,-0.05,12.011,2,C,C,-0.104,12.011,2,0.05399999999999999,0.0,2,0.121,19807000.0
EFZ,22,23,C,C,-0.104,12.011,2,C,C,-0.023,12.011,4,0.08099999999999999,0.0,2,0.1435,6100000.0
EFZ,23,24,C,C,-0.023,12.011,4,H,HC,0.156,1.008,1,0.179,11.003,2,0.109,12300000.0
EFZ,23,25,C,C,-0.023,12.011,4,C,C,-0.273,12.011,4,0.25,0.0,2,0.153,7150000.0
EFZ,23,28,C,C,-0.023,12.011,4,C,C,-0.256,12.011,4,0.233,0.0,2,0.152,5430000.0
EFZ,25,26,C,C,-0.273,12.011,4,H,HC,0.149,1.008,1,0.42200000000000004,11.003,2,0.109,12300000.0
EFZ,25,27,C,C,-0.273,12.011,4,H,HC,0.15,1.008,1,0.42300000000000004,11.003,2,0.109,12300000.0
EFZ,25,28,C,C,-0.273,12.011,4,C,C,-0.256,12.011,4,0.017000000000000015,0.0,2,0.15,3555600.0
EFZ,28,29,C,C,-0.256,12.011,4,H,HC,0.15,1.008,1,0.406,11.003,2,0.109,12300000.0
EFZ,28,30,C,C,-0.256,12.011,4,H,HC,0.142,1.008,1,0.398,11.003,2,0.109,12300000.0
NPO,1,2,O,OM,-0.44,15.9994,1,N,NT,0.644,14.0067,3,1.084,1.9926999999999992,2,0.123,16600000.0
NPO,2,3,N,NT,0.644,14.0067,3,O,OM,-0.44,15.9994,1,1.084,1.9926999999999992,2,0.123,16600000.0
NPO,2,4,N,NT,0.644,14.0067,3,C,C,0.022,12.011,3,0.622,1.9957000000000011,2,0.145,5231900.0
NPO,4,5,C,C,0.022,12.011,3,C,C,-0.129,12.011,3,0.151,0.0,2,0.139,8660000.0
NPO,4,14,C,C,0.022,12.011,3,C,C,-0.129,12.011,3,0.151,0.0,2,0.139,8660000.0
NPO,5,6,C,C,-0.129,12.011,3,H,HC,0.163,1.008,1,0.29200000000000004,11.003,2,0.109,12300000.0
NPO,5,7,C,C,-0.129,12.011,3,C,C,-0.259,12.011,3,0.13,0.0,2,0.139,8660000.0
NPO,7,8,C,C,-0.259,12.011,3,H,HC,0.178,1.008,1,0.437,11.003,2,0.109,12300000.0
NPO,7,9,C,C,-0.259,12.011,3,C,C,0.422,12.011,3,0.681,0.0,2,0.14,8540000.0
NPO,9,10,C,C,0.422,12.011,3,O,OA,-0.576,15.9994,2,0.998,3.9884000000000004,2,0.136,10200000.0
NPO,9,12,C,C,0.422,12.011,3,C,C,-0.259,12.011,3,0.681,0.0,2,0.14,8540000.0
NPO,10,11,O,OA,-0.576,15.9994,2,H,HS14,0.462,1.008,1,1.038,14.991399999999999,2,0.0972,19581000.0
NPO,12,13,C,C,-0.259,12.011,3,H,HC,0.178,1.008,1,0.437,11.003,2,0.109,12300000.0
NPO,12,14,C,C,-0.259,12.011,3,C,C,-0.129,12.011,3,0.13,0.0,2,0.139,8660000.0
NPO,14,15,C,C,-0.129,12.011,3,H,HC,0.163,1.008,1,0.29200000000000004,11.003,2,0.109,12300000.0
ZUVU,1,2,H,HS14,0.331,1.008,1,N,NPri,-0.455,14.0067,3,0.786,12.9987,2,0.1,18700000.0
ZUVU,2,3,N,NPri,-0.455,14.0067,3,H,HS14,0.331,1.008,1,0.786,12.9987,2,0.1,18700000.0
ZUVU,2,4,N,NPri,-0.455,14.0067,3,C,C,0.075,12.011,3,0.53,1.9957000000000011,2,0.134,10500000.0
ZUVU,4,5,C,C,0.075,12.011,3,S,SDmso,-0.539,32.06,1,0.614,20.049000000000003,2,0.171,2051900.0
ZUVU,4,6,C,C,0.075,12.011,3,N,NOpt,0.113,14.0067,3,0.038000000000000006,1.9957000000000011,2,0.136,3514300.0
ZUVU,6,7,N,NOpt,0.113,14.0067,3,H,HS14,0.193,1.008,1,0.08,12.9987,2,0.102,17782000.0
ZUVU,6,8,N,NOpt,0.113,14.0067,3,N,NOpt,-0.256,14.0067,2,0.369,0.0,2,0.136,10200000.0
ZUVU,8,9,N,NOpt,-0.256,14.0067,2,C,C,-0.001,12.011,3,0.255,1.9957000000000011,2,0.128,4272500.0
ZUVU,9,10,C,C,-0.001,12.011,3,H,HC,0.158,1.008,1,0.159,11.003,2,0.109,12300000.0
ZUVU,9,11,C,C,-0.001,12.011,3,C,CAro,0.039,12.011,3,0.04,0.0,2,0.147,8710000.0
ZUVU,11,12,C,CAro,0.039,12.011,3,C,CAro,-0.143,12.011,3,0.182,0.0,2,0.14,8540000.0
ZUVU,11,20,C,CAro,0.039,12.011,3,C,CAro,-0.018,12.011,3,0.056999999999999995,0.0,2,0.14,8540000.0
ZUVU,12,13,C,CAro,-0.143,12.011,3,H,HC,0.134,1.008,1,0.277,11.003,2,0.109,12300000.0
ZUVU,12,14,C,CAro,-0.143,12.011,3,C,CAro,-0.142,12.011,3,0.0010000000000000009,0.0,2,0.139,8660000.0
ZUVU,14,15,C,CAro,-0.142,12.011,3,H,HC,0.154,1.008,1,0.296,11.003,2,0.109,12300000.0
ZUVU,14,16,C,CAro,-0.142,12.011,3,C,CAro,-0.053,12.011,3,0.089,0.0,2,0.139,8660000.0
ZUVU,16,17,C,CAro,-0.053,12.011,3,H,HC,0.129,1.008,1,0.182,11.003,2,0.109,12300000.0
ZUVU,16,18,C,CAro,-0.053,12.011,3,C,CAro,-0.022,12.011,3,0.031,0.0,2,0.139,8660000.0
ZUVU,18,19,C,CAro,-0.022,12.011,3,Cl,CLAro,-0.119,35.453,1,0.097,23.442000000000004,2,0.176,1436600.0
ZUVU,18,20,C,CAro,-0.022,12.011,3,C,CAro,-0.018,12.011,3,0.004,0.0,2,0.139,8660000.0
ZUVU,20,21,C,CAro,-0.018,12.011,3,H,HC,0.091,1.008,1,0.109,11.003,2,0.109,12300000.0
B5XE,1,2,H,HC,0.11,1.008,1,C,C,-0.24,12.011,4,0.35,11.003,2,0.112,37000000.0
B5XE,2,3,C,C,-0.24,12.011,4,H,HC,0.11,1.008,1,0.35,11.003,2,0.112,37000000.0
B5XE,2,4,C,C,-0.24,12.011,4,H,HC,0.11,1.008,1,0.35,11.003,2,0.112,37000000.0
B5XE,2,5,C,C,-0.24,12.011,4,C,C,0.29,12.011,3,0.53,0.0,2,0.151,3727900.0
B5XE,5,6,C,C,0.29,12.011,3,O,O,-0.38,15.9994,1,0.6699999999999999,3.9884000000000004,2,0.125,13400000.0
B5XE,5,7,C,C,0.29,12.011,3,N,N,-0.379,14.0067,3,0.669,1.9957000000000011,2,0.138,11000000.0
B5XE,7,8,N,N,-0.379,14.0067,3,H,H,0.268,1.008,1,0.647,12.9987,2,0.0985,82455000.0
B5XE,7,9,N,N,-0.379,14.0067,3,C,C,-0.018,12.011,4,0.361,1.9957000000000011,2,0.1435,6100000.0
B5XE,9,10,C,C,-0.018,12.011,4,H,HC,0.143,1.008,1,0.16099999999999998,11.003,2,0.113,7048300.0
B5XE,9,11,C,C,-0.018,12.011,4,C,C,0.144,12.011,4,0.16199999999999998,0.0,2,0.156,3081900.0
B5XE,9,26,C,C,-0.018,12.011,4,C,C,-0.025,12.011,4,0.007000000000000003,0.0,2,0.154,4216600.0
B5XE,11,12,C,C,0.144,12.011,4,H,HC,0.11,1.008,1,0.03399999999999999,11.003,2,0.113,7048300.0
B5XE,11,13,C,C,0.144,12.011,4,O,OE,-0.268,15.9994,2,0.41200000000000003,3.9884000000000004,2,0.142,3223600.0
B5XE,11,14,C,C,0.144,12.011,4,O,OE,-0.316,15.9994,2,0.45999999999999996,3.9884000000000004,2,0.143,8180000.0
B5XE,13,30,O,OE,-0.268,15.9994,2,C,C,-0.029,12.011,4,0.23900000000000002,3.9884000000000004,2,0.143,8180000.0
B5XE,14,15,O,OE,-0.316,15.9994,2,C,C,0.005,12.011,4,0.321,3.9884000000000004,2,0.143,8180000.0
B5XE,15,16,C,C,0.005,12.011,4,H,HC,0.101,1.008,1,0.096,11.003,2,0.112,37000000.0
B5XE,15,17,C,C,0.005,12.011,4,C,C,-0.011,12.011,4,0.016,0.0,2,0.153,7150000.0
B5XE,15,22,C,C,0.005,12.011,4,C,C,-0.023,12.011,4,0.028,0.0,2,0.153,7150000.0
B5XE,17,18,C,C,-0.011,12.011,4,H,HC,0.077,1.008,1,0.088,11.003,2,0.112,37000000.0
B5XE,17,19,C,C,-0.011,12.011,4,H,HC,0.133,1.008,1,0.14400000000000002,11.003,2,0.112,37000000.0
B5XE,17,20,C,C,-0.011,12.011,4,O,OA,-0.32,15.9994,2,0.309,3.9884000000000004,2,0.141,6538900.0
B5XE,20,21,O,OA,-0.32,15.9994,2,H,H,0.331,1.008,1,0.651,14.991399999999999,2,0.0971,7954700.0
B5XE,22,23,C,C,-0.023,12.011,4,H,HC,0.108,1.008,1,0.131,11.003,2,0.113,7048300.0
B5XE,22,24,C,C,-0.023,12.011,4,O,OA,-0.323,15.9994,2,0.3,3.9884000000000004,2,0.142,3223600.0
B5XE,22,26,C,C,-0.023,12.011,4,C,C,-0.025,12.011,4,0.0020000000000000018,0.0,2,0.153,7150000.0
B5XE,24,25,O,OA,-0.323,15.9994,2,H,H,0.225,1.008,1,0.548,14.991399999999999,2,0.0971,7954700.0
B5XE,26,27,C,C,-0.025,12.011,4,H,HC,0.123,1.008,1,0.148,11.003,2,0.113,7048300.0
B5XE,26,28,C,C,-0.025,12.011,4,O,OA,-0.327,15.9994,2,0.302,3.9884000000000004,2,0.141,6538900.0
B5XE,28,29,O,OA,-0.327,15.9994,2,H,H,0.242,1.008,1,0.569,14.991399999999999,2,0.0971,7954700.0
B5XE,30,31,C,C,-0.029,12.011,4,H,HC,0.137,1.008,1,0.166,11.003,2,0.112,37000000.0
B5XE,30,32,C,C,-0.029,12.011,4,C,C,-0.014,12.011,4,0.015000000000000001,0.0,2,0.153,7150000.0
B5XE,30,40,C,C,-0.029,12.011,4,C,C,0.009,12.011,4,0.038,0.0,2,0.153,7150000.0
B5XE,32,33,C,C,-0.014,12.011,4,H,HC,0.104,1.008,1,0.118,11.003,2,0.112,37000000.0
B5XE,32,34,C,C,-0.014,12.011,4,O,OE,-0.32,15.9994,2,0.306,3.9884000000000004,2,0.143,8180000.0
B5XE,32,35,C,C,-0.014,12.011,4,C,C,-0.015,12.011,4,0.0009999999999999992,0.0,2,0.153,7150000.0
B5XE,34,48,O,OE,-0.32,15.9994,2,C,C,0.133,12.011,4,0.453,3.9884000000000004,2,0.143,8180000.0
B5XE,35,36,C,C,-0.015,12.011,4,H,HC,0.094,1.008,1,0.109,11.003,2,0.112,37000000.0
B5XE,35,37,C,C,-0.015,12.011,4,H,HC,0.105,1.008,1,0.12,11.003,2,0.112,37000000.0
B5XE,35,38,C,C,-0.015,12.011,4,O,OA,-0.332,15.9994,2,0.317,3.9884000000000004,2,0.141,6538900.0
B5XE,38,39,O,OA,-0.332,15.9994,2,H,H,0.27,1.008,1,0.6020000000000001,14.991399999999999,2,0.0971,7954700.0
B5XE,40,41,C,C,0.009,12.011,4,H,HC,0.087,1.008,1,0.078,11.003,2,0.113,7048300.0
B5XE,40,42,C,C,0.009,12.011,4,O,OA,-0.323,15.9994,2,0.332,3.9884000000000004,2,0.141,6538900.0
B5XE,40,44,C,C,0.009,12.011,4,C,C,0.012,12.011,4,0.003000000000000001,0.0,2,0.156,3081900.0
B5XE,42,43,O,OA,-0.323,15.9994,2,H,H,0.227,1.008,1,0.55,14.991399999999999,2,0.0971,7954700.0
B5XE,44,45,C,C,0.012,12.011,4,H,HC,0.162,1.008,1,0.15,11.003,2,0.113,7048300.0
B5XE,44,46,C,C,0.012,12.011,4,N,N,-0.37,14.0067,3,0.382,1.9957000000000011,2,0.1435,6100000.0
B5XE,44,48,C,C,0.012,12.011,4,C,C,0.133,12.011,4,0.12100000000000001,0.0,2,0.156,3081900.0
B5XE,46,47,N,N,-0.37,14.0067,3,H,H,0.203,1.008,1,0.573,12.9987,2,0.1,18700000.0
B5XE,46,322,N,N,-0.37,14.0067,3,C,C,0.274,12.011,3,0.644,1.9957000000000011,2,0.139,8660000.0
B5XE,48,49,C,C,0.133,12.011,4,H,HC,0.11,1.008,1,0.023000000000000007,11.003,2,0.113,7048300.0
B5XE,48,50,C,C,0.133,12.011,4,O,OE,-0.25,15.9994,2,0.383,3.9884000000000004,2,0.141,6538900.0
B5XE,50,51,O,OE,-0.25,15.9994,2,C,C,-0.031,12.011,4,0.219,3.9884000000000004,2,0.143,8180000.0
B5XE,51,52,C,C,-0.031,12.011,4,H,HC,0.131,1.008,1,0.162,11.003,2,0.112,37000000.0
B5XE,51,53,C,C,-0.031,12.011,4,C,C,-0.014,12.011,4,0.017,0.0,2,0.153,7150000.0
B5XE,51,61,C,C,-0.031,12.011,4,C,C,0.01,12.011,4,0.041,0.0,2,0.153,7150000.0
B5XE,53,54,C,C,-0.014,12.011,4,H,HC,0.109,1.008,1,0.123,11.003,2,0.112,37000000.0
B5XE,53,55,C,C,-0.014,12.011,4,O,OE,-0.322,15.9994,2,0.308,3.9884000000000004,2,0.143,8180000.0
B5XE,53,56,C,C,-0.014,12.011,4,C,C,-0.019,12.011,4,0.004999999999999999,0.0,2,0.153,7150000.0
B5XE,55,69,O,OE,-0.322,15.9994,2,C,C,0.133,12.011,4,0.455,3.9884000000000004,2,0.143,8180000.0
B5XE,56,57,C,C,-0.019,12.011,4,H,HC,0.092,1.008,1,0.111,11.003,2,0.112,37000000.0
B5XE,56,58,C,C,-0.019,12.011,4,H,HC,0.117,1.008,1,0.136,11.003,2,0.112,37000000.0
B5XE,56,59,C,C,-0.019,12.011,4,O,OA,-0.334,15.9994,2,0.315,3.9884000000000004,2,0.141,6538900.0
B5XE,59,60,O,OA,-0.334,15.9994,2,H,H,0.271,1.008,1,0.605,14.991399999999999,2,0.0971,7954700.0
B5XE,61,62,C,C,0.01,12.011,4,H,HC,0.092,1.008,1,0.082,11.003,2,0.113,7048300.0
B5XE,61,63,C,C,0.01,12.011,4,O,OA,-0.324,15.9994,2,0.334,3.9884000000000004,2,0.142,3223600.0
B5XE,61,65,C,C,0.01,12.011,4,C,C,0.011,12.011,4,0.0009999999999999992,0.0,2,0.156,3081900.0
B5XE,63,64,O,OA,-0.324,15.9994,2,H,H,0.222,1.008,1,0.546,14.991399999999999,2,0.0971,7954700.0
B5XE,65,66,C,C,0.011,12.011,4,H,HC,0.161,1.008,1,0.15,11.003,2,0.113,7048300.0
B5XE,65,67,C,C,0.011,12.011,4,N,N,-0.369,14.0067,3,0.38,1.9957000000000011,2,0.1435,6100000.0
B5XE,65,69,C,C,0.011,12.011,4,C,C,0.133,12.011,4,0.12200000000000001,0.0,2,0.156,3081900.0
B5XE,67,68,N,N,-0.369,14.0067,3,H,H,0.204,1.008,1,0.573,12.9987,2,0.1,18700000.0
B5XE,67,316,N,N,-0.369,14.0067,3,C,C,0.277,12.011,3,0.646,1.9957000000000011,2,0.139,8660000.0
B5XE,69,70,C,C,0.133,12.011,4,H,HC,0.111,1.008,1,0.022000000000000006,11.003,2,0.113,7048300.0
B5XE,69,71,C,C,0.133,12.011,4,O,OE,-0.251,15.9994,2,0.384,3.9884000000000004,2,0.141,6538900.0
B5XE,71,72,O,OE,-0.251,15.9994,2,C,C,-0.031,12.011,4,0.22,3.9884000000000004,2,0.143,8180000.0
B5XE,72,73,C,C,-0.031,12.011,4,H,HC,0.132,1.008,1,0.163,11.003,2,0.112,37000000.0
B5XE,72,74,C,C,-0.031,12.011,4,C,C,-0.014,12.011,4,0.017,0.0,2,0.153,7150000.0
B5XE,72,82,C,C,-0.031,12.011,4,C,C,0.01,12.011,4,0.041,0.0,2,0.153,7150000.0
B5XE,74,75,C,C,-0.014,12.011,4,H,HC,0.108,1.008,1,0.122,11.003,2,0.112,37000000.0
B5XE,74,76,C,C,-0.014,12.011,4,O,OE,-0.322,15.9994,2,0.308,3.9884000000000004,2,0.143,8180000.0
B5XE,74,77,C,C,-0.014,12.011,4,C,C,-0.019,12.011,4,0.004999999999999999,0.0,2,0.153,7150000.0
B5XE,76,90,O,OE,-0.322,15.9994,2,C,C,0.134,12.011,4,0.456,3.9884000000000004,2,0.143,8180000.0
B5XE,77,78,C,C,-0.019,12.011,4,H,HC,0.091,1.008,1,0.11,11.003,2,0.112,37000000.0
B5XE,77,79,C,C,-0.019,12.011,4,H,HC,0.117,1.008,1,0.136,11.003,2,0.112,37000000.0
B5XE,77,80,C,C,-0.019,12.011,4,O,OA,-0.333,15.9994,2,0.314,3.9884000000000004,2,0.141,6538900.0
B5XE,80,81,O,OA,-0.333,15.9994,2,H,H,0.271,1.008,1,0.6040000000000001,14.991399999999999,2,0.0971,7954700.0
B5XE,82,83,C,C,0.01,12.011,4,H,HC,0.091,1.008,1,0.081,11.003,2,0.113,7048300.0
B5XE,82,84,C,C,0.01,12.011,4,O,OA,-0.325,15.9994,2,0.335,3.9884000000000004,2,0.141,6538900.0
B5XE,82,86,C,C,0.01,12.011,4,C,C,0.011,12.011,4,0.0009999999999999992,0.0,2,0.156,3081900.0
B5XE,84,85,O,OA,-0.325,15.9994,2,H,H,0.224,1.008,1,0.549,14.991399999999999,2,0.0971,7954700.0
B5XE,86,87,C,C,0.011,12.011,4,H,HC,0.161,1.008,1,0.15,11.003,2,0.113,7048300.0
B5XE,86,88,C,C,0.011,12.011,4,N,N,-0.369,14.0067,3,0.38,1.9957000000000011,2,0.1435,6100000.0
B5XE,86,90,C,C,0.011,12.011,4,C,C,0.134,12.011,4,0.12300000000000001,0.0,2,0.156,3081900.0
B5XE,88,89,N,N,-0.369,14.0067,3,H,H,0.204,1.008,1,0.573,12.9987,2,0.1,18700000.0
B5XE,88,310,N,N,-0.369,14.0067,3,C,C,0.28,12.011,3,0.649,1.9957000000000011,2,0.139,8660000.0
B5XE,90,91,C,C,0.134,12.011,4,H,HC,0.11,1.008,1,0.024000000000000007,11.003,2,0.113,7048300.0
B5XE,90,92,C,C,0.134,12.011,4,O,OE,-0.251,15.9994,2,0.385,3.9884000000000004,2,0.141,6538900.0
B5XE,92,93,O,OE,-0.251,15.9994,2,C,C,-0.031,12.011,4,0.22,3.9884000000000004,2,0.143,8180000.0
B5XE,93,94,C,C,-0.031,12.011,4,H,HC,0.132,1.008,1,0.163,11.003,2,0.112,37000000.0
B5XE,93,95,C,C,-0.031,12.011,4,C,C,-0.013,12.011,4,0.018000000000000002,0.0,2,0.153,7150000.0
B5XE,93,103,C,C,-0.031,12.011,4,C,C,0.01,12.011,4,0.041,0.0,2,0.153,7150000.0
B5XE,95,96,C,C,-0.013,12.011,4,H,HC,0.108,1.008,1,0.121,11.003,2,0.112,37000000.0
B5XE,95,97,C,C,-0.013,12.011,4,O,OE,-0.323,15.9994,2,0.31,3.9884000000000004,2,0.143,8180000.0
B5XE,95,98,C,C,-0.013,12.011,4,C,C,-0.019,12.011,4,0.006,0.0,2,0.153,7150000.0
B5XE,97,111,O,OE,-0.323,15.9994,2,C,C,0.134,12.011,4,0.457,3.9884000000000004,2,0.143,8180000.0
B5XE,98,99,C,C,-0.019,12.011,4,H,HC,0.091,1.008,1,0.11,11.003,2,0.112,37000000.0
B5XE,98,100,C,C,-0.019,12.011,4,H,HC,0.117,1.008,1,0.136,11.003,2,0.112,37000000.0
B5XE,98,101,C,C,-0.019,12.011,4,O,OA,-0.333,15.9994,2,0.314,3.9884000000000004,2,0.141,6538900.0
B5XE,101,102,O,OA,-0.333,15.9994,2,H,H,0.271,1.008,1,0.6040000000000001,14.991399999999999,2,0.0971,7954700.0
B5XE,103,104,C,C,0.01,12.011,4,H,HC,0.092,1.008,1,0.082,11.003,2,0.113,7048300.0
B5XE,103,105,C,C,0.01,12.011,4,O,OA,-0.325,15.9994,2,0.335,3.9884000000000004,2,0.141,6538900.0
B5XE,103,107,C,C,0.01,12.011,4,C,C,0.011,12.011,4,0.0009999999999999992,0.0,2,0.156,3081900.0
B5XE,105,106,O,OA,-0.325,15.9994,2,H,H,0.223,1.008,1,0.548,14.991399999999999,2,0.0971,7954700.0
B5XE,107,108,C,C,0.011,12.011,4,H,HC,0.161,1.008,1,0.15,11.003,2,0.113,7048300.0
B5XE,107,109,C,C,0.011,12.011,4,N,N,-0.368,14.0067,3,0.379,1.9957000000000011,2,0.1435,6100000.0
B5XE,107,111,C,C,0.011,12.011,4,C,C,0.134,12.011,4,0.12300000000000001,0.0,2,0.156,3081900.0
B5XE,109,110,N,N,-0.368,14.0067,3,H,H,0.203,1.008,1,0.571,12.9987,2,0.1,18700000.0
B5XE,109,304,N,N,-0.368,14.0067,3,C,C,0.277,12.011,3,0.645,1.9957000000000011,2,0.139,8660000.0
B5XE,111,112,C,C,0.134,12.011,4,H,HC,0.11,1.008,1,0.024000000000000007,11.003,2,0.113,7048300.0
B5XE,111,113,C,C,0.134,12.011,4,O,OE,-0.251,15.9994,2,0.385,3.9884000000000004,2,0.141,6538900.0
B5XE,113,114,O,OE,-0.251,15.9994,2,C,C,-0.031,12.011,4,0.22,3.9884000000000004,2,0.143,8180000.0
B5XE,114,115,C,C,-0.031,12.011,4,H,HC,0.132,1.008,1,0.163,11.003,2,0.112,37000000.0
B5XE,114,116,C,C,-0.031,12.011,4,C,C,-0.014,12.011,4,0.017,0.0,2,0.153,7150000.0
B5XE,114,124,C,C,-0.031,12.011,4,C,C,0.01,12.011,4,0.041,0.0,2,0.153,7150000.0
B5XE,116,117,C,C,-0.014,12.011,4,H,HC,0.108,1.008,1,0.122,11.003,2,0.112,37000000.0
B5XE,116,118,C,C,-0.014,12.011,4,O,OE,-0.323,15.9994,2,0.309,3.9884000000000004,2,0.143,8180000.0
B5XE,116,119,C,C,-0.014,12.011,4,C,C,-0.019,12.011,4,0.004999999999999999,0.0,2,0.153,7150000.0
B5XE,118,132,O,OE,-0.323,15.9994,2,C,C,0.134,12.011,4,0.457,3.9884000000000004,2,0.143,8180000.0
B5XE,119,120,C,C,-0.019,12.011,4,H,HC,0.091,1.008,1,0.11,11.003,2,0.112,37000000.0
B5XE,119,121,C,C,-0.019,12.011,4,H,HC,0.117,1.008,1,0.136,11.003,2,0.112,37000000.0
B5XE,119,122,C,C,-0.019,12.011,4,O,OA,-0.332,15.9994,2,0.313,3.9884000000000004,2,0.141,6538900.0
B5XE,122,123,O,OA,-0.332,15.9994,2,H,H,0.271,1.008,1,0.603,14.991399999999999,2,0.0971,7954700.0
B5XE,124,125,C,C,0.01,12.011,4,H,HC,0.092,1.008,1,0.082,11.003,2,0.113,7048300.0
B5XE,124,126,C,C,0.01,12.011,4,O,OA,-0.325,15.9994,2,0.335,3.9884000000000004,2,0.141,6538900.0
B5XE,124,128,C,C,0.01,12.011,4,C,C,0.011,12.011,4,0.0009999999999999992,0.0,2,0.156,3081900.0
B5XE,126,127,O,OA,-0.325,15.9994,2,H,H,0.223,1.008,1,0.548,14.991399999999999,2,0.0971,7954700.0
B5XE,128,129,C,C,0.011,12.011,4,H,HC,0.161,1.008,1,0.15,11.003,2,0.113,7048300.0
B5XE,128,130,C,C,0.011,12.011,4,N,N,-0.368,14.0067,3,0.379,1.9957000000000011,2,0.1435,6100000.0
B5XE,128,132,C,C,0.011,12.011,4,C,C,0.134,12.011,4,0.12300000000000001,0.0,2,0.156,3081900.0
B5XE,130,131,N,N,-0.368,14.0067,3,H,H,0.203,1.008,1,0.571,12.9987,2,0.1,18700000.0
B5XE,130,298,N,N,-0.368,14.0067,3,C,C,0.28,12.011,3,0.648,1.9957000000000011,2,0.139,8660000.0
B5XE,132,133,C,C,0.134,12.011,4,H,HC,0.11,1.008,1,0.024000000000000007,11.003,2,0.113,7048300.0
B5XE,132,134,C,C,0.134,12.011,4,O,OE,-0.251,15.9994,2,0.385,3.9884000000000004,2,0.141,6538900.0
B5XE,134,135,O,OE,-0.251,15.9994,2,C,C,-0.031,12.011,4,0.22,3.9884000000000004,2,0.143,8180000.0
B5XE,135,136,C,C,-0.031,12.011,4,H,HC,0.132,1.008,1,0.163,11.003,2,0.112,37000000.0
B5XE,135,137,C,C,-0.031,12.011,4,C,C,-0.014,12.011,4,0.017,0.0,2,0.153,7150000.0
B5XE,135,145,C,C,-0.031,12.011,4,C,C,0.01,12.011,4,0.041,0.0,2,0.153,7150000.0
B5XE,137,138,C,C,-0.014,12.011,4,H,HC,0.108,1.008,1,0.122,11.003,2,0.112,37000000.0
B5XE,137,139,C,C,-0.014,12.011,4,O,OE,-0.323,15.9994,2,0.309,3.9884000000000004,2,0.143,8180000.0
B5XE,137,140,C,C,-0.014,12.011,4,C,C,-0.019,12.011,4,0.004999999999999999,0.0,2,0.153,7150000.0
B5XE,139,153,O,OE,-0.323,15.9994,2,C,C,0.134,12.011,4,0.457,3.9884000000000004,2,0.143,8180000.0
B5XE,140,141,C,C,-0.019,12.011,4,H,HC,0.091,1.008,1,0.11,11.003,2,0.112,37000000.0
B5XE,140,142,C,C,-0.019,12.011,4,H,HC,0.117,1.008,1,0.136,11.003,2,0.112,37000000.0
B5XE,140,143,C,C,-0.019,12.011,4,O,OA,-0.332,15.9994,2,0.313,3.9884000000000004,2,0.141,6538900.0
B5XE,143,144,O,OA,-0.332,15.9994,2,H,H,0.271,1.008,1,0.603,14.991399999999999,2,0.0971,7954700.0
B5XE,145,146,C,C,0.01,12.011,4,H,HC,0.091,1.008,1,0.081,11.003,2,0.113,7048300.0
B5XE,145,147,C,C,0.01,12.011,4,O,OA,-0.325,15.9994,2,0.335,3.9884000000000004,2,0.141,6538900.0
B5XE,145,149,C,C,0.01,12.011,4,C,C,0.011,12.011,4,0.0009999999999999992,0.0,2,0.156,3081900.0
B5XE,147,148,O,OA,-0.325,15.9994,2,H,H,0.224,1.008,1,0.549,14.991399999999999,2,0.0971,7954700.0
B5XE,149,150,C,C,0.011,12.011,4,H,HC,0.161,1.008,1,0.15,11.003,2,0.113,7048300.0
B5XE,149,151,C,C,0.011,12.011,4,N,N,-0.368,14.0067,3,0.379,1.9957000000000011,2,0.1435,6100000.0
B5XE,149,153,C,C,0.011,12.011,4,C,C,0.134,12.011,4,0.12300000000000001,0.0,2,0.156,3081900.0
B5XE,151,152,N,N,-0.368,14.0067,3,H,H,0.203,1.008,1,0.571,12.9987,2,0.1,18700000.0
B5XE,151,292,N,N,-0.368,14.0067,3,C,C,0.28,12.011,3,0.648,1.9957000000000011,2,0.139,8660000.0
B5XE,153,154,C,C,0.134,12.011,4,H,HC,0.11,1.008,1,0.024000000000000007,11.003,2,0.113,7048300.0
B5XE,153,155,C,C,0.134,12.011,4,O,OE,-0.251,15.9994,2,0.385,3.9884000000000004,2,0.141,6538900.0
B5XE,155,156,O,OE,-0.251,15.9994,2,C,C,-0.031,12.011,4,0.22,3.9884000000000004,2,0.143,8180000.0
B5XE,156,157,C,C,-0.031,12.011,4,H,HC,0.132,1.008,1,0.163,11.003,2,0.112,37000000.0
B5XE,156,158,C,C,-0.031,12.011,4,C,C,-0.014,12.011,4,0.017,0.0,2,0.153,7150000.0
B5XE,156,166,C,C,-0.031,12.011,4,C,C,0.01,12.011,4,0.041,0.0,2,0.153,7150000.0
B5XE,158,159,C,C,-0.014,12.011,4,H,HC,0.108,1.008,1,0.122,11.003,2,0.112,37000000.0
B5XE,158,160,C,C,-0.014,12.011,4,O,OE,-0.323,15.9994,2,0.309,3.9884000000000004,2,0.143,8180000.0
B5XE,158,161,C,C,-0.014,12.011,4,C,C,-0.019,12.011,4,0.004999999999999999,0.0,2,0.153,7150000.0
B5XE,160,174,O,OE,-0.323,15.9994,2,C,C,0.134,12.011,4,0.457,3.9884000000000004,2,0.143,8180000.0
B5XE,161,162,C,C,-0.019,12.011,4,H,HC,0.091,1.008,1,0.11,11.003,2,0.112,37000000.0
B5XE,161,163,C,C,-0.019,12.011,4,H,HC,0.117,1.008,1,0.136,11.003,2,0.112,37000000.0
B5XE,161,164,C,C,-0.019,12.011,4,O,OA,-0.332,15.9994,2,0.313,3.9884000000000004,2,0.141,6538900.0
B5XE,164,165,O,OA,-0.332,15.9994,2,H,H,0.271,1.008,1,0.603,14.991399999999999,2,0.0971,7954700.0
B5XE,166,167,C,C,0.01,12.011,4,H,HC,0.092,1.008,1,0.082,11.003,2,0.113,7048300.0
B5XE,166,168,C,C,0.01,12.011,4,O,OA,-0.325,15.9994,2,0.335,3.9884000000000004,2,0.141,6538900.0
B5XE,166,170,C,C,0.01,12.011,4,C,C,0.011,12.011,4,0.0009999999999999992,0.0,2,0.156,3081900.0
B5XE,168,169,O,OA,-0.325,15.9994,2,H,H,0.223,1.008,1,0.548,14.991399999999999,2,0.0971,7954700.0
B5XE,170,171,C,C,0.011,12.011,4,H,HC,0.161,1.008,1,0.15,11.003,2,0.113,7048300.0
B5XE,170,172,C,C,0.011,12.011,4,N,N,-0.368,14.0067,3,0.379,1.9957000000000011,2,0.1435,6100000.0
B5XE,170,174,C,C,0.011,12.011,4,C,C,0.134,12.011,4,0.12300000000000001,0.0,2,0.156,3081900.0
B5XE,172,173,N,N,-0.368,14.0067,3,H,H,0.203,1.008,1,0.571,12.9987,2,0.1,18700000.0
B5XE,172,286,N,N,-0.368,14.0067,3,C,C,0.28,12.011,3,0.648,1.9957000000000011,2,0.139,8660000.0
B5XE,174,175,C,C,0.134,12.011,4,H,HC,0.11,1.008,1,0.024000000000000007,11.003,2,0.113,7048300.0
B5XE,174,176,C,C,0.134,12.011,4,O,OE,-0.251,15.9994,2,0.385,3.9884000000000004,2,0.141,6538900.0
B5XE,176,177,O,OE,-0.251,15.9994,2,C,C,-0.031,12.011,4,0.22,3.9884000000000004,2,0.143,8180000.0
B5XE,177,178,C,C,-0.031,12.011,4,H,HC,0.132,1.008,1,0.163,11.003,2,0.112,37000000.0
B5XE,177,179,C,C,-0.031,12.011,4,C,C,-0.014,12.011,4,0.017,0.0,2,0.153,7150000.0
B5XE,177,187,C,C,-0.031,12.011,4,C,C,0.01,12.011,4,0.041,0.0,2,0.153,7150000.0
B5XE,179,180,C,C,-0.014,12.011,4,H,HC,0.108,1.008,1,0.122,11.003,2,0.112,37000000.0
B5XE,179,181,C,C,-0.014,12.011,4,O,OE,-0.323,15.9994,2,0.309,3.9884000000000004,2,0.143,8180000.0
B5XE,179,182,C,C,-0.014,12.011,4,C,C,-0.019,12.011,4,0.004999999999999999,0.0,2,0.153,7150000.0
B5XE,181,195,O,OE,-0.323,15.9994,2,C,C,0.134,12.011,4,0.457,3.9884000000000004,2,0.143,8180000.0
B5XE,182,183,C,C,-0.019,12.011,4,H,HC,0.091,1.008,1,0.11,11.003,2,0.112,37000000.0
B5XE,182,184,C,C,-0.019,12.011,4,H,HC,0.117,1.008,1,0.136,11.003,2,0.112,37000000.0
B5XE,182,185,C,C,-0.019,12.011,4,O,OA,-0.332,15.9994,2,0.313,3.9884000000000004,2,0.141,6538900.0
B5XE,185,186,O,OA,-0.332,15.9994,2,H,H,0.271,1.008,1,0.603,14.991399999999999,2,0.0971,7954700.0
B5XE,187,188,C,C,0.01,12.011,4,H,HC,0.092,1.008,1,0.082,11.003,2,0.113,7048300.0
B5XE,187,189,C,C,0.01,12.011,4,O,OA,-0.325,15.9994,2,0.335,3.9884000000000004,2,0.141,6538900.0
B5XE,187,191,C,C,0.01,12.011,4,C,C,0.011,12.011,4,0.0009999999999999992,0.0,2,0.156,3081900.0
B5XE,189,190,O,OA,-0.325,15.9994,2,H,H,0.223,1.008,1,0.548,14.991399999999999,2,0.0971,7954700.0
B5XE,191,192,C,C,0.011,12.011,4,H,HC,0.161,1.008,1,0.15,11.003,2,0.113,7048300.0
B5XE,191,193,C,C,0.011,12.011,4,N,N,-0.368,14.0067,3,0.379,1.9957000000000011,2,0.1435,6100000.0
B5XE,191,195,C,C,0.011,12.011,4,C,C,0.134,12.011,4,0.12300000000000001,0.0,2,0.156,3081900.0
B5XE,193,194,N,N,-0.368,14.0067,3,H,H,0.204,1.008,1,0.572,12.9987,2,0.1,18700000.0
B5XE,193,280,N,N,-0.368,14.0067,3,C,C,0.28,12.011,3,0.648,1.9957000000000011,2,0.139,8660000.0
B5XE,195,196,C,C,0.134,12.011,4,H,HC,0.11,1.008,1,0.024000000000000007,11.003,2,0.113,7048300.0
B5XE,195,197,C,C,0.134,12.011,4,O,OE,-0.252,15.9994,2,0.386,3.9884000000000004,2,0.141,6538900.0
B5XE,197,198,O,OE,-0.252,15.9994,2,C,C,-0.031,12.011,4,0.221,3.9884000000000004,2,0.143,8180000.0
B5XE,198,199,C,C,-0.031,12.011,4,H,HC,0.132,1.008,1,0.163,11.003,2,0.112,37000000.0
B5XE,198,200,C,C,-0.031,12.011,4,C,C,-0.014,12.011,4,0.017,0.0,2,0.153,7150000.0
B5XE,198,208,C,C,-0.031,12.011,4,C,C,0.01,12.011,4,0.041,0.0,2,0.153,7150000.0
B5XE,200,201,C,C,-0.014,12.011,4,H,HC,0.108,1.008,1,0.122,11.003,2,0.112,37000000.0
B5XE,200,202,C,C,-0.014,12.011,4,O,OE,-0.322,15.9994,2,0.308,3.9884000000000004,2,0.143,8180000.0
B5XE,200,203,C,C,-0.014,12.011,4,C,C,-0.019,12.011,4,0.004999999999999999,0.0,2,0.153,7150000.0
B5XE,202,216,O,OE,-0.322,15.9994,2,C,C,0.134,12.011,4,0.456,3.9884000000000004,2,0.143,8180000.0
B5XE,203,204,C,C,-0.019,12.011,4,H,HC,0.091,1.008,1,0.11,11.003,2,0.112,37000000.0
B5XE,203,205,C,C,-0.019,12.011,4,H,HC,0.117,1.008,1,0.136,11.003,2,0.112,37000000.0
B5XE,203,206,C,C,-0.019,12.011,4,O,OA,-0.332,15.9994,2,0.313,3.9884000000000004,2,0.141,6538900.0
B5XE,206,207,O,OA,-0.332,15.9994,2,H,H,0.27,1.008,1,0.6020000000000001,14.991399999999999,2,0.0971,7954700.0
B5XE,208,209,C,C,0.01,12.011,4,H,HC,0.091,1.008,1,0.081,11.003,2,0.113,7048300.0
B5XE,208,210,C,C,0.01,12.011,4,O,OA,-0.325,15.9994,2,0.335,3.9884000000000004,2,0.141,6538900.0
B5XE,208,212,C,C,0.01,12.011,4,C,C,0.01,12.011,4,0.0,0.0,2,0.156,3081900.0
B5XE,210,211,O,OA,-0.325,15.9994,2,H,H,0.224,1.008,1,0.549,14.991399999999999,2,0.0971,7954700.0
B5XE,212,213,C,C,0.01,12.011,4,H,HC,0.161,1.008,1,0.151,11.003,2,0.113,7048300.0
B5XE,212,214,C,C,0.01,12.011,4,N,N,-0.368,14.0067,3,0.378,1.9957000000000011,2,0.1435,6100000.0
B5XE,212,216,C,C,0.01,12.011,4,C,C,0.134,12.011,4,0.12400000000000001,0.0,2,0.156,3081900.0
B5XE,214,215,N,N,-0.368,14.0067,3,H,H,0.206,1.008,1,0.574,12.9987,2,0.1,18700000.0
B5XE,214,274,N,N,-0.368,14.0067,3,C,C,0.279,12.011,3,0.647,1.9957000000000011,2,0.139,8660000.0
B5XE,216,217,C,C,0.134,12.011,4,H,HC,0.109,1.008,1,0.02500000000000001,11.003,2,0.113,7048300.0
B5XE,216,218,C,C,0.134,12.011,4,O,OE,-0.252,15.9994,2,0.386,3.9884000000000004,2,0.141,6538900.0
B5XE,218,219,O,OE,-0.252,15.9994,2,C,C,-0.031,12.011,4,0.221,3.9884000000000004,2,0.143,8180000.0
B5XE,219,220,C,C,-0.031,12.011,4,H,HC,0.132,1.008,1,0.163,11.003,2,0.112,37000000.0
B5XE,219,221,C,C,-0.031,12.011,4,C,C,-0.014,12.011,4,0.017,0.0,2,0.153,7150000.0
B5XE,219,229,C,C,-0.031,12.011,4,C,C,0.01,12.011,4,0.041,0.0,2,0.153,7150000.0
B5XE,221,222,C,C,-0.014,12.011,4,H,HC,0.109,1.008,1,0.123,11.003,2,0.112,37000000.0
B5XE,221,223,C,C,-0.014,12.011,4,O,OE,-0.324,15.9994,2,0.31,3.9884000000000004,2,0.143,8180000.0
B5XE,221,224,C,C,-0.014,12.011,4,C,C,-0.019,12.011,4,0.004999999999999999,0.0,2,0.153,7150000.0
B5XE,223,237,O,OE,-0.324,15.9994,2,C,C,0.134,12.011,4,0.458,3.9884000000000004,2,0.143,8180000.0
B5XE,224,225,C,C,-0.019,12.011,4,H,HC,0.089,1.008,1,0.108,11.003,2,0.112,37000000.0
B5XE,224,226,C,C,-0.019,12.011,4,H,HC,0.118,1.008,1,0.13699999999999998,11.003,2,0.112,37000000.0
B5XE,224,227,C,C,-0.019,12.011,4,O,OA,-0.332,15.9994,2,0.313,3.9884000000000004,2,0.141,6538900.0
B5XE,227,228,O,OA,-0.332,15.9994,2,H,H,0.272,1.008,1,0.6040000000000001,14.991399999999999,2,0.0971,7954700.0
B5XE,229,230,C,C,0.01,12.011,4,H,HC,0.091,1.008,1,0.081,11.003,2,0.113,7048300.0
B5XE,229,231,C,C,0.01,12.011,4,O,OA,-0.325,15.9994,2,0.335,3.9884000000000004,2,0.141,6538900.0
B5XE,229,233,C,C,0.01,12.011,4,C,C,0.011,12.011,4,0.0009999999999999992,0.0,2,0.156,3081900.0
B5XE,231,232,O,OA,-0.325,15.9994,2,H,H,0.224,1.008,1,0.549,14.991399999999999,2,0.0971,7954700.0
B5XE,233,234,C,C,0.011,12.011,4,H,HC,0.161,1.008,1,0.15,11.003,2,0.113,7048300.0
B5XE,233,235,C,C,0.011,12.011,4,N,N,-0.368,14.0067,3,0.379,1.9957000000000011,2,0.1435,6100000.0
B5XE,233,237,C,C,0.011,12.011,4,C,C,0.134,12.011,4,0.12300000000000001,0.0,2,0.156,3081900.0
B5XE,235,236,N,N,-0.368,14.0067,3,H,H,0.204,1.008,1,0.572,12.9987,2,0.1,18700000.0
B5XE,235,268,N,N,-0.368,14.0067,3,C,C,0.28,12.011,3,0.648,1.9957000000000011,2,0.139,8660000.0
B5XE,237,238,C,C,0.134,12.011,4,H,HC,0.11,1.008,1,0.024000000000000007,11.003,2,0.113,7048300.0
B5XE,237,239,C,C,0.134,12.011,4,O,OE,-0.252,15.9994,2,0.386,3.9884000000000004,2,0.141,6538900.0
B5XE,239,240,O,OE,-0.252,15.9994,2,C,C,-0.032,12.011,4,0.22,3.9884000000000004,2,0.143,8180000.0
B5XE,240,241,C,C,-0.032,12.011,4,H,HC,0.129,1.008,1,0.161,11.003,2,0.112,37000000.0
B5XE,240,242,C,C,-0.032,12.011,4,C,C,-0.018,12.011,4,0.014000000000000002,0.0,2,0.153,7150000.0
B5XE,240,250,C,C,-0.032,12.011,4,C,C,0.019,12.011,4,0.051000000000000004,0.0,2,0.154,4216600.0
B5XE,242,243,C,C,-0.018,12.011,4,H,HC,0.105,1.008,1,0.123,11.003,2,0.113,7048300.0
B5XE,242,244,C,C,-0.018,12.011,4,O,OE,-0.31,15.9994,2,0.292,3.9884000000000004,2,0.143,8180000.0
B5XE,242,245,C,C,-0.018,12.011,4,C,C,-0.017,12.011,4,0.0009999999999999974,0.0,2,0.153,7150000.0
B5XE,244,258,O,OE,-0.31,15.9994,2,C,C,0.145,12.011,4,0.45499999999999996,3.9884000000000004,2,0.143,8180000.0
B5XE,245,246,C,C,-0.017,12.011,4,H,HC,0.089,1.008,1,0.106,11.003,2,0.112,37000000.0
B5XE,245,247,C,C,-0.017,12.011,4,H,HC,0.112,1.008,1,0.129,11.003,2,0.112,37000000.0
B5XE,245,248,C,C,-0.017,12.011,4,O,OA,-0.337,15.9994,2,0.32,3.9884000000000004,2,0.141,6538900.0
B5XE,248,249,O,OA,-0.337,15.9994,2,H,H,0.279,1.008,1,0.6160000000000001,14.991399999999999,2,0.0971,7954700.0
B5XE,250,251,C,C,0.019,12.011,4,H,HC,0.097,1.008,1,0.078,11.003,2,0.113,7048300.0
B5XE,250,252,C,C,0.019,12.011,4,O,OA,-0.333,15.9994,2,0.35200000000000004,3.9884000000000004,2,0.142,3223600.0
B5XE,250,254,C,C,0.019,12.011,4,C,C,-0.026,12.011,4,0.045,0.0,2,0.154,4216600.0
B5XE,252,253,O,OA,-0.333,15.9994,2,H,H,0.217,1.008,1,0.55,14.991399999999999,2,0.0971,7954700.0
B5XE,254,255,C,C,-0.026,12.011,4,H,HC,0.128,1.008,1,0.154,11.003,2,0.113,7048300.0
B5XE,254,256,C,C,-0.026,12.011,4,N,N,-0.367,14.0067,3,0.34099999999999997,1.9957000000000011,2,0.1435,6100000.0
B5XE,254,258,C,C,-0.026,12.011,4,C,C,0.145,12.011,4,0.17099999999999999,0.0,2,0.156,3081900.0
B5XE,256,257,N,N,-0.367,14.0067,3,H,H,0.265,1.008,1,0.632,12.9987,2,0.1,18700000.0
B5XE,256,262,N,N,-0.367,14.0067,3,C,C,0.299,12.011,3,0.6659999999999999,1.9957000000000011,2,0.138,11000000.0
B5XE,258,259,C,C,0.145,12.011,4,H,HC,0.119,1.008,1,0.025999999999999995,11.003,2,0.112,37000000.0
B5XE,258,260,C,C,0.145,12.011,4,O,OA,-0.299,15.9994,2,0.44399999999999995,3.9884000000000004,2,0.139,8660000.0
B5XE,260,261,O,OA,-0.299,15.9994,2,H,H,0.035,1.008,1,0.33399999999999996,14.991399999999999,2,0.0971,7954700.0
B5XE,262,263,C,C,0.299,12.011,3,O,O,-0.384,15.9994,1,0.683,3.9884000000000004,2,0.125,13400000.0
B5XE,262,264,C,C,0.299,12.011,3,C,C,-0.239,12.011,4,0.538,0.0,2,0.151,3727900.0
B5XE,264,265,C,C,-0.239,12.011,4,H,HC,0.108,1.008,1,0.347,11.003,2,0.112,37000000.0
B5XE,264,266,C,C,-0.239,12.011,4,H,HC,0.108,1.008,1,0.347,11.003,2,0.112,37000000.0
B5XE,264,267,C,C,-0.239,12.011,4,H,HC,0.108,1.008,1,0.347,11.003,2,0.112,37000000.0
B5XE,268,269,C,C,0.28,12.011,3,O,O,-0.355,15.9994,1,0.635,3.9884000000000004,2,0.125,13400000.0
B5XE,268,270,C,C,0.28,12.011,3,C,C,-0.243,12.011,4,0.523,0.0,2,0.151,3727900.0
B5XE,270,271,C,C,-0.243,12.011,4,H,HC,0.106,1.008,1,0.349,11.003,2,0.112,37000000.0
B5XE,270,272,C,C,-0.243,12.011,4,H,HC,0.106,1.008,1,0.349,11.003,2,0.112,37000000.0
B5XE,270,273,C,C,-0.243,12.011,4,H,HC,0.106,1.008,1,0.349,11.003,2,0.112,37000000.0
B5XE,274,275,C,C,0.279,12.011,3,O,O,-0.354,15.9994,1,0.633,3.9884000000000004,2,0.125,13400000.0
B5XE,274,276,C,C,0.279,12.011,3,C,C,-0.243,12.011,4,0.522,0.0,2,0.151,3727900.0
B5XE,276,277,C,C,-0.243,12.011,4,H,HC,0.106,1.008,1,0.349,11.003,2,0.112,37000000.0
B5XE,276,278,C,C,-0.243,12.011,4,H,HC,0.106,1.008,1,0.349,11.003,2,0.112,37000000.0
B5XE,276,279,C,C,-0.243,12.011,4,H,HC,0.106,1.008,1,0.349,11.003,2,0.112,37000000.0
B5XE,280,281,C,C,0.28,12.011,3,O,O,-0.355,15.9994,1,0.635,3.9884000000000004,2,0.125,13400000.0
B5XE,280,282,C,C,0.28,12.011,3,C,C,-0.243,12.011,4,0.523,0.0,2,0.151,3727900.0
B5XE,282,283,C,C,-0.243,12.011,4,H,HC,0.106,1.008,1,0.349,11.003,2,0.112,37000000.0
B5XE,282,284,C,C,-0.243,12.011,4,H,HC,0.106,1.008,1,0.349,11.003,2,0.112,37000000.0
B5XE,282,285,C,C,-0.243,12.011,4,H,HC,0.106,1.008,1,0.349,11.003,2,0.112,37000000.0
B5XE,286,287,C,C,0.28,12.011,3,O,O,-0.355,15.9994,1,0.635,3.9884000000000004,2,0.125,13400000.0
B5XE,286,288,C,C,0.28,12.011,3,C,C,-0.243,12.011,4,0.523,0.0,2,0.151,3727900.0
B5XE,288,289,C,C,-0.243,12.011,4,H,HC,0.106,1.008,1,0.349,11.003,2,0.112,37000000.0
B5XE,288,290,C,C,-0.243,12.011,4,H,HC,0.106,1.008,1,0.349,11.003,2,0.112,37000000.0
B5XE,288,291,C,C,-0.243,12.011,4,H,HC,0.106,1.008,1,0.349,11.003,2,0.112,37000000.0
B5XE,292,293,C,C,0.28,12.011,3,O,O,-0.355,15.9994,1,0.635,3.9884000000000004,2,0.125,13400000.0
B5XE,292,294,C,C,0.28,12.011,3,C,C,-0.243,12.011,4,0.523,0.0,2,0.151,3727900.0
B5XE,294,295,C,C,-0.243,12.011,4,H,HC,0.106,1.008,1,0.349,11.003,2,0.112,37000000.0
B5XE,294,296,C,C,-0.243,12.011,4,H,HC,0.106,1.008,1,0.349,11.003,2,0.112,37000000.0
B5XE,294,297,C,C,-0.243,12.011,4,H,HC,0.106,1.008,1,0.349,11.003,2,0.112,37000000.0
B5XE,298,299,C,C,0.28,12.011,3,O,O,-0.355,15.9994,1,0.635,3.9884000000000004,2,0.125,13400000.0
B5XE,298,300,C,C,0.28,12.011,3,C,C,-0.243,12.011,4,0.523,0.0,2,0.151,3727900.0
B5XE,300,301,C,C,-0.243,12.011,4,H,HC,0.106,1.008,1,0.349,11.003,2,0.112,37000000.0
B5XE,300,302,C,C,-0.243,12.011,4,H,HC,0.106,1.008,1,0.349,11.003,2,0.112,37000000.0
B5XE,300,303,C,C,-0.243,12.011,4,H,HC,0.106,1.008,1,0.349,11.003,2,0.112,37000000.0
B5XE,304,305,C,C,0.277,12.011,3,O,O,-0.355,15.9994,1,0.632,3.9884000000000004,2,0.125,13400000.0
B5XE,304,306,C,C,0.277,12.011,3,C,C,-0.243,12.011,4,0.52,0.0,2,0.151,3727900.0
B5XE,306,307,C,C,-0.243,12.011,4,H,HC,0.107,1.008,1,0.35,11.003,2,0.112,37000000.0
B5XE,306,308,C,C,-0.243,12.011,4,H,HC,0.107,1.008,1,0.35,11.003,2,0.112,37000000.0
B5XE,306,309,C,C,-0.243,12.011,4,H,HC,0.107,1.008,1,0.35,11.003,2,0.112,37000000.0
B5XE,310,311,C,C,0.28,12.011,3,O,O,-0.355,15.9994,1,0.635,3.9884000000000004,2,0.125,13400000.0
B5XE,310,312,C,C,0.28,12.011,3,C,C,-0.243,12.011,4,0.523,0.0,2,0.151,3727900.0
B5XE,312,313,C,C,-0.243,12.011,4,H,HC,0.106,1.008,1,0.349,11.003,2,0.112,37000000.0
B5XE,312,314,C,C,-0.243,12.011,4,H,HC,0.106,1.008,1,0.349,11.003,2,0.112,37000000.0
B5XE,312,315,C,C,-0.243,12.011,4,H,HC,0.106,1.008,1,0.349,11.003,2,0.112,37000000.0
B5XE,316,317,C,C,0.277,12.011,3,O,O,-0.355,15.9994,1,0.632,3.9884000000000004,2,0.125,13400000.0
B5XE,316,318,C,C,0.277,12.011,3,C,C,-0.243,12.011,4,0.52,0.0,2,0.151,3727900.0
B5XE,318,319,C,C,-0.243,12.011,4,H,HC,0.107,1.008,1,0.35,11.003,2,0.112,37000000.0
B5XE,318,320,C,C,-0.243,12.011,4,H,HC,0.107,1.008,1,0.35,11.003,2,0.112,37000000.0
B5XE,318,321,C,C,-0.243,12.011,4,H,HC,0.107,1.008,1,0.35,11.003,2,0.112,37000000.0
B5XE,322,323,C,C,0.274,12.011,3,O,O,-0.352,15.9994,1,0.626,3.9884000000000004,2,0.125,13400000.0
B5XE,322,324,C,C,0.274,12.011,3,C,C,-0.243,12.011,4,0.517,0.0,2,0.151,3727900.0
B5XE,324,325,C,C,-0.243,12.011,4,H,HC,0.107,1.008,1,0.35,11.003,2,0.112,37000000.0
B5XE,324,326,C,C,-0.243,12.011,4,H,HC,0.107,1.008,1,0.35,11.003,2,0.112,37000000.0
B5XE,324,327,C,C,-0.243,12.011,4,H,HC,0.107,1.008,1,0.35,11.003,2,0.112,37000000.0
