molecule,element,mass,coordination,neighbor_config,n_dihedrals,is_planar,avg_bond_len_A,target_atom_type,target_charge,C_count,H_count,O_count,N_count
4,4,15.9994,2,6,2,0,1.2005,4,-0.33,0,0,0,0
4,0,12.011,4,2,6,0,1.4025,0,0.034,0,0,0,0
4,2,1.008,1,0,0,0,1.13,9,0.075,0,0,0,0
4,0,12.011,3,11,8,1,1.4467,0,-0.102,0,0,0,0
4,0,12.011,4,18,7,1,1.5275,0,-0.004,0,0,0,0
4,0,12.011,4,18,9,1,1.53,0,-0.044,0,0,0,0
4,0,12.011,3,21,6,0,1.3067,0,-0.162,0,0,0,0
4,2,1.008,1,0,1,0,1.1,9,0.121,0,0,0,0
3,4,15.9994,1,15,1,0,1.23,7,-0.446,0,0,0,0
3,3,14.0067,3,14,3,0,1.31,3,0.713,0,0,0,0
3,4,15.9994,1,15,2,0,1.23,7,-0.446,0,0,0,0
3,0,12.011,3,3,9,1,1.4167,0,0.074,0,0,0,0
3,0,12.011,3,21,8,1,1.29,0,-0.263,0,0,0,0
3,2,1.008,1,0,1,0,1.09,9,0.189,0,0,0,0
3,0,12.011,3,21,7,1,1.29,0,-0.029,0,0,0,0
3,2,1.008,1,0,1,0,1.09,9,0.149,0,0,0,0
3,0,12.011,3,21,7,0,1.2933,0,-0.304,0,0,0,0
3,2,1.008,1,0,1,0,1.09,9,0.184,0,0,0,0
3,0,12.011,3,4,8,0,1.3833,0,0.416,0,0,0,0
3,4,15.9994,2,6,2,0,1.166,5,-0.578,0,0,0,0
3,0,12.011,3,21,8,1,1.29,0,-0.319,0,0,0,0
3,2,1.008,1,0,1,0,1.09,9,0.21,0,0,0,0
5,4,15.9994,2,6,2,0,1.162,5,-0.567,0,0,0,0
5,0,12.011,3,4,9,1,1.3867,0,0.379,0,0,0,0
5,0,12.011,3,3,9,1,1.4183,0,-0.12,0,0,0,0
5,3,14.0067,3,14,3,0,1.2983,3,0.599,0,0,0,0
5,4,15.9994,1,15,2,0,1.23,7,-0.429,0,0,0,0
5,4,15.9994,1,15,1,0,1.23,7,-0.429,0,0,0,0
5,0,12.011,3,21,8,1,1.2933,0,-0.245,0,0,0,0
5,2,1.008,1,0,1,0,1.09,9,0.178,0,0,0,0
5,0,12.011,3,21,7,1,1.2933,0,-0.06,0,0,0,0
5,2,1.008,1,0,1,0,1.09,9,0.146,0,0,0,0
5,0,12.011,3,21,7,1,1.2933,0,-0.153,0,0,0,0
5,2,1.008,1,0,1,0,1.09,9,0.149,0,0,0,0
5,0,12.011,3,21,7,0,1.2933,0,-0.109,0,0,0,0
5,2,1.008,1,0,1,0,1.09,9,0.151,0,0,0,0
0,4,15.9994,2,6,2,1,1.176,4,-0.608,0,0,0,0
0,0,12.011,3,4,8,1,1.3867,0,0.403,0,0,0,0
0,0,12.011,3,21,8,1,1.29,0,-0.319,0,0,0,0
0,2,1.008,1,0,1,0,1.09,9,0.171,0,0,0,0
0,0,12.011,3,21,8,1,1.29,0,-0.126,0,0,0,0
0,2,1.008,1,0,1,0,1.09,9,0.131,0,0,0,0
0,0,12.011,3,11,9,1,1.44,0,-0.065,0,0,0,0
0,0,12.011,3,21,7,0,1.29,0,-0.126,0,0,0,0
0,2,1.008,1,0,1,0,1.09,9,0.131,0,0,0,0
0,0,12.011,3,21,7,0,1.29,0,-0.319,0,0,0,0
0,2,1.008,1,0,1,0,1.09,9,0.171,0,0,0,0
0,0,12.011,4,18,6,1,1.54,0,0.446,0,0,0,0
0,0,12.011,4,7,1,0,1.2025,0,-0.397,0,0,0,0
0,2,1.008,1,0,1,0,1.09,9,0.094,0,0,0,0
0,2,1.008,1,0,0,0,1.09,9,0.094,0,0,0,0
0,2,1.008,1,0,0,0,1.09,9,0.094,0,0,0,0
0,0,12.011,4,7,1,0,1.2025,0,-0.397,0,0,0,0
0,2,1.008,1,0,1,0,1.09,9,0.094,0,0,0,0
0,2,1.008,1,0,0,0,1.09,9,0.094,0,0,0,0
0,2,1.008,1,0,0,0,1.09,9,0.094,0,0,0,0
0,0,12.011,3,11,11,1,1.44,0,-0.065,0,0,0,0
0,0,12.011,3,21,8,1,1.29,0,-0.126,0,0,0,0
0,2,1.008,1,0,1,0,1.09,9,0.131,0,0,0,0
0,0,12.011,3,21,8,1,1.29,0,-0.319,0,0,0,0
0,2,1.008,1,0,1,0,1.09,9,0.171,0,0,0,0
0,0,12.011,3,4,8,1,1.3867,0,0.403,0,0,0,0
0,4,15.9994,2,6,2,0,1.176,4,-0.608,0,0,0,0
0,0,12.011,3,21,7,0,1.29,0,-0.319,0,0,0,0
0,2,1.008,1,0,1,0,1.09,9,0.171,0,0,0,0
0,0,12.011,3,21,7,0,1.29,0,-0.126,0,0,0,0
0,2,1.008,1,0,1,0,1.09,9,0.131,0,0,0,0
2,2,1.008,1,0,1,1,1.09,9,0.142,0,0,0,0
2,0,12.011,3,21,7,1,1.29,0,-0.022,0,0,0,0
2,0,12.011,3,21,7,1,1.29,0,-0.32,0,0,0,0
2,2,1.008,1,0,1,0,1.09,9,0.212,0,0,0,0
2,0,12.011,3,3,11,1,1.3967,0,0.27,0,0,0,0
2,3,14.0067,3,21,5,1,1.2567,1,-0.575,0,0,0,0
2,0,12.011,3,17,6,0,1.31,0,0.82,0,0,0,0
2,4,15.9994,1,0,2,0,1.21,6,-0.591,0,0,0,0
2,4,15.9994,2,1,6,0,1.41,6,-0.37,0,0,0,0
2,0,12.011,4,20,5,0,1.5,0,0.04,0,0,0,0
2,0,12.011,4,5,1,0,1.4025,0,0.367,0,0,0,0
2,1,18.9984,1,0,1,0,1.35,8,-0.129,0,0,0,0
2,1,18.9984,1,0,0,0,1.35,8,-0.129,0,0,0,0
2,1,18.9984,1,0,0,0,1.35,8,-0.129,0,0,0,0
2,0,12.011,3,11,10,1,1.4367,0,0.119,0,0,0,0
2,0,12.011,3,21,7,0,1.29,0,-0.195,0,0,0,0
2,2,1.008,1,0,1,0,1.09,9,0.198,0,0,0,0
2,0,12.011,3,11,7,0,1.5133,0,-0.022,0,0,0,0
2,0,12.011,2,1,0,0,1.335,0,-0.05,0,0,0,0
2,0,12.011,2,1,0,0,1.3225,0,-0.104,0,0,0,0
2,0,12.011,4,19,3,0,1.3937,0,-0.023,0,0,0,0
2,2,1.008,1,0,0,0,1.09,9,0.156,0,0,0,0
2,0,12.011,4,22,3,0,1.3025,0,-0.273,0,0,0,0
2,2,1.008,1,0,1,0,1.09,9,0.149,0,0,0,0
2,2,1.008,1,0,0,0,1.09,9,0.15,0,0,0,0
2,0,12.011,4,22,3,0,1.3,0,-0.256,0,0,0,0
2,2,1.008,1,0,2,0,1.09,9,0.15,0,0,0,0
2,2,1.008,1,0,0,0,1.09,9,0.142,0,0,0,0
6,4,15.9994,1,15,1,0,1.23,7,-0.44,0,0,0,0
6,3,14.0067,3,14,3,0,1.3033,3,0.644,0,0,0,0
6,4,15.9994,1,15,2,0,1.23,7,-0.44,0,0,0,0
6,0,12.011,3,3,9,1,1.41,0,0.022,0,0,0,0
6,0,12.011,3,21,7,0,1.29,0,-0.129,0,0,0,0
6,2,1.008,1,0,1,0,1.09,9,0.163,0,0,0,0
6,0,12.011,3,21,7,0,1.2933,0,-0.259,0,0,0,0
6,2,1.008,1,0,1,0,1.09,9,0.178,0,0,0,0
6,0,12.011,3,4,8,1,1.3867,0,0.422,0,0,0,0
6,4,15.9994,2,6,2,0,1.166,5,-0.576,0,0,0,0
6,0,12.011,3,21,8,1,1.2933,0,-0.259,0,0,0,0
6,2,1.008,1,0,1,0,1.09,9,0.178,0,0,0,0
6,0,12.011,3,21,8,1,1.29,0,-0.129,0,0,0,0
6,2,1.008,1,0,1,0,1.09,9,0.163,0,0,0,0
7,0,12.011,3,16,6,1,1.47,0,0.075,0,0,0,0
7,3,14.0067,3,9,6,0,1.2467,2,0.113,0,0,0,0
7,3,14.0067,2,12,6,1,1.32,2,-0.256,0,0,0,0
7,0,12.011,3,9,5,1,1.28,0,-0.001,0,0,0,0
7,2,1.008,1,0,1,0,1.09,9,0.158,0,0,0,0
7,2,1.008,1,0,1,0,1.09,9,0.134,0,0,0,0
7,2,1.008,1,0,1,0,1.09,9,0.154,0,0,0,0
7,2,1.008,1,0,1,0,1.09,9,0.129,0,0,0,0
7,2,1.008,1,0,1,0,1.09,9,0.091,0,0,0,0
1,2,1.008,1,0,0,0,1.12,9,0.11,0,0,0,0
1,0,12.011,4,7,3,1,1.2175,0,-0.24,0,0,0,0
1,2,1.008,1,0,1,0,1.12,9,0.11,0,0,0,0
1,2,1.008,1,0,0,0,1.12,9,0.11,0,0,0,0
1,0,12.011,3,13,5,0,1.38,0,0.29,0,0,0,0
1,4,15.9994,1,0,1,0,1.25,4,-0.38,0,0,0,0
1,3,14.0067,3,21,5,0,1.2667,1,-0.379,0,0,0,0
1,0,12.011,4,23,9,1,1.4162,0,-0.018,0,0,0,0
1,2,1.008,1,0,0,0,1.13,9,0.143,0,0,0,0
1,0,12.011,4,10,7,0,1.385,0,0.144,0,0,0,0
1,2,1.008,1,0,0,0,1.13,9,0.11,0,0,0,0
1,4,15.9994,2,1,5,0,1.425,6,-0.268,0,0,0,0
1,4,15.9994,2,1,2,0,1.43,6,-0.316,0,0,0,0
1,0,12.011,4,2,6,0,1.4025,0,0.005,0,0,0,0
1,2,1.008,1,0,0,0,1.12,9,0.101,0,0,0,0
1,0,12.011,4,8,3,0,1.295,0,-0.011,0,0,0,0
1,2,1.008,1,0,0,0,1.12,9,0.077,0,0,0,0
1,2,1.008,1,0,0,0,1.12,9,0.133,0,0,0,0
1,4,15.9994,2,6,2,0,1.1905,5,-0.32,0,0,0,0
1,0,12.011,4,2,6,0,1.4025,0,-0.023,0,0,0,0
1,2,1.008,1,0,0,0,1.13,9,0.108,0,0,0,0
1,4,15.9994,2,6,1,0,1.1955,5,-0.323,0,0,0,0
1,0,12.011,4,2,6,0,1.4025,0,-0.025,0,0,0,0
1,2,1.008,1,0,0,0,1.13,9,0.123,0,0,0,0
1,4,15.9994,2,6,1,0,1.1905,5,-0.327,0,0,0,0
1,0,12.011,4,2,7,0,1.4025,0,-0.029,0,0,0,0
1,2,1.008,1,0,0,0,1.12,9,0.137,0,0,0,0
1,0,12.011,4,2,5,0,1.4025,0,-0.014,0,0,0,0
1,2,1.008,1,0,0,0,1.12,9,0.104,0,0,0,0
1,4,15.9994,2,1,2,0,1.43,6,-0.32,0,0,0,0
1,0,12.011,4,8,3,0,1.295,0,-0.015,0,0,0,0
1,2,1.008,1,0,0,0,1.12,9,0.094,0,0,0,0
1,2,1.008,1,0,0,0,1.12,9,0.105,0,0,0,0
1,4,15.9994,2,6,2,0,1.1905,5,-0.332,0,0,0,0
1,0,12.011,4,2,5,0,1.4075,0,0.009,0,0,0,0
1,2,1.008,1,0,0,0,1.13,9,0.087,0,0,0,0
1,4,15.9994,2,6,1,0,1.1905,5,-0.323,0,0,0,0
1,0,12.011,4,23,9,1,1.4213,0,0.012,0,0,0,0
1,2,1.008,1,0,0,0,1.13,9,0.162,0,0,0,0
1,3,14.0067,3,21,5,0,1.275,1,-0.37,0,0,0,0
1,0,12.011,4,10,7,0,1.3825,0,0.133,0,0,0,0
1,2,1.008,1,0,0,0,1.13,9,0.11,0,0,0,0
1,4,15.9994,2,1,5,0,1.42,6,-0.25,0,0,0,0
1,0,12.011,4,2,7,0,1.4025,0,-0.031,0,0,0,0
1,2,1.008,1,0,0,0,1.12,9,0.131,0,0,0,0
1,0,12.011,4,2,5,0,1.4025,0,-0.014,0,0,0,0
1,2,1.008,1,0,0,0,1.12,9,0.109,0,0,0,0
1,4,15.9994,2,1,2,0,1.43,6,-0.322,0,0,0,0
1,0,12.011,4,8,3,0,1.295,0,-0.019,0,0,0,0
1,2,1.008,1,0,0,0,1.12,9,0.092,0,0,0,0
1,2,1.008,1,0,0,0,1.12,9,0.117,0,0,0,0
1,4,15.9994,2,6,2,0,1.1905,5,-0.334,0,0,0,0
1,0,12.011,4,2,5,0,1.41,0,0.01,0,0,0,0
1,2,1.008,1,0,0,0,1.13,9,0.092,0,0,0,0
1,4,15.9994,2,6,1,0,1.1955,5,-0.324,0,0,0,0
1,0,12.011,4,23,9,1,1.4213,0,0.011,0,0,0,0
1,2,1.008,1,0,0,0,1.13,9,0.161,0,0,0,0
1,3,14.0067,3,21,5,0,1.275,1,-0.369,0,0,0,0
1,0,12.011,4,10,7,0,1.3825,0,0.133,0,0,0,0
1,2,1.008,1,0,0,0,1.13,9,0.111,0,0,0,0
1,4,15.9994,2,1,5,0,1.42,6,-0.251,0,0,0,0
1,0,12.011,4,2,7,0,1.4025,0,-0.031,0,0,0,0
1,2,1.008,1,0,0,0,1.12,9,0.132,0,0,0,0
1,0,12.011,4,2,5,0,1.4025,0,-0.014,0,0,0,0
1,2,1.008,1,0,0,0,1.12,9,0.108,0,0,0,0
1,4,15.9994,2,1,2,0,1.43,6,-0.322,0,0,0,0
1,0,12.011,4,8,3,0,1.295,0,-0.019,0,0,0,0
1,2,1.008,1,0,0,0,1.12,9,0.091,0,0,0,0
1,2,1.008,1,0,0,0,1.12,9,0.117,0,0,0,0
1,4,15.9994,2,6,2,0,1.1905,5,-0.333,0,0,0,0
1,0,12.011,4,2,5,0,1.4075,0,0.01,0,0,0,0
1,2,1.008,1,0,0,0,1.13,9,0.091,0,0,0,0
1,4,15.9994,2,6,1,0,1.1905,5,-0.325,0,0,0,0
1,0,12.011,4,23,9,1,1.4213,0,0.011,0,0,0,0
1,2,1.008,1,0,0,0,1.13,9,0.161,0,0,0,0
1,3,14.0067,3,21,5,0,1.275,1,-0.369,0,0,0,0
1,0,12.011,4,10,7,0,1.3825,0,0.134,0,0,0,0
1,2,1.008,1,0,0,0,1.13,9,0.11,0,0,0,0
1,4,15.9994,2,1,5,0,1.42,6,-0.251,0,0,0,0
1,0,12.011,4,2,7,0,1.4025,0,-0.031,0,0,0,0
1,2,1.008,1,0,0,0,1.12,9,0.132,0,0,0,0
1,0,12.011,4,2,5,0,1.4025,0,-0.013,0,0,0,0
1,2,1.008,1,0,0,0,1.12,9,0.108,0,0,0,0
1,4,15.9994,2,1,2,0,1.43,6,-0.323,0,0,0,0
1,0,12.011,4,8,3,0,1.295,0,-0.019,0,0,0,0
1,2,1.008,1,0,0,0,1.12,9,0.091,0,0,0,0
1,2,1.008,1,0,0,0,1.12,9,0.117,0,0,0,0
1,4,15.9994,2,6,2,0,1.1905,5,-0.333,0,0,0,0
1,0,12.011,4,2,5,0,1.4075,0,0.01,0,0,0,0
1,2,1.008,1,0,0,0,1.13,9,0.092,0,0,0,0
1,4,15.9994,2,6,1,0,1.1905,5,-0.325,0,0,0,0
1,0,12.011,4,23,9,1,1.4213,0,0.011,0,0,0,0
1,2,1.008,1,0,0,0,1.13,9,0.161,0,0,0,0
1,3,14.0067,3,21,5,0,1.275,1,-0.368,0,0,0,0
1,0,12.011,4,10,7,0,1.3825,0,0.134,0,0,0,0
1,2,1.008,1,0,0,0,1.13,9,0.11,0,0,0,0
1,4,15.9994,2,1,5,0,1.42,6,-0.251,0,0,0,0
1,0,12.011,4,2,7,0,1.4025,0,-0.031,0,0,0,0
1,2,1.008,1,0,0,0,1.12,9,0.132,0,0,0,0
1,0,12.011,4,2,5,0,1.4025,0,-0.014,0,0,0,0
1,2,1.008,1,0,0,0,1.12,9,0.108,0,0,0,0
1,4,15.9994,2,1,2,0,1.43,6,-0.323,0,0,0,0
1,0,12.011,4,8,3,0,1.295,0,-0.019,0,0,0,0
1,2,1.008,1,0,0,0,1.12,9,0.091,0,0,0,0
1,2,1.008,1,0,0,0,1.12,9,0.117,0,0,0,0
1,4,15.9994,2,6,2,0,1.1905,5,-0.332,0,0,0,0
1,0,12.011,4,2,5,0,1.4075,0,0.01,0,0,0,0
1,2,1.008,1,0,0,0,1.13,9,0.092,0,0,0,0
1,4,15.9994,2,6,1,0,1.1905,5,-0.325,0,0,0,0
1,0,12.011,4,23,9,1,1.4213,0,0.011,0,0,0,0
1,2,1.008,1,0,0,0,1.13,9,0.161,0,0,0,0
1,3,14.0067,3,21,5,0,1.275,1,-0.368,0,0,0,0
1,0,12.011,4,10,7,0,1.3825,0,0.134,0,0,0,0
1,2,1.008,1,0,0,0,1.13,9,0.11,0,0,0,0
1,4,15.9994,2,1,5,0,1.42,6,-0.251,0,0,0,0
1,0,12.011,4,2,7,0,1.4025,0,-0.031,0,0,0,0
1,2,1.008,1,0,0,0,1.12,9,0.132,0,0,0,0
1,0,12.011,4,2,5,0,1.4025,0,-0.014,0,0,0,0
1,2,1.008,1,0,0,0,1.12,9,0.108,0,0,0,0
1,4,15.9994,2,1,2,0,1.43,6,-0.323,0,0,0,0
1,0,12.011,4,8,3,0,1.295,0,-0.019,0,0,0,0
1,2,1.008,1,0,0,0,1.12,9,0.091,0,0,0,0
1,2,1.008,1,0,0,0,1.12,9,0.117,0,0,0,0
1,4,15.9994,2,6,2,0,1.1905,5,-0.332,0,0,0,0
1,0,12.011,4,2,5,0,1.4075,0,0.01,0,0,0,0
1,2,1.008,1,0,0,0,1.13,9,0.091,0,0,0,0
1,4,15.9994,2,6,1,0,1.1905,5,-0.325,0,0,0,0
1,0,12.011,4,23,9,1,1.4213,0,0.011,0,0,0,0
1,2,1.008,1,0,0,0,1.13,9,0.161,0,0,0,0
1,3,14.0067,3,21,5,0,1.275,1,-0.368,0,0,0,0
1,0,12.011,4,10,7,0,1.3825,0,0.134,0,0,0,0
1,2,1.008,1,0,0,0,1.13,9,0.11,0,0,0,0
1,4,15.9994,2,1,5,0,1.42,6,-0.251,0,0,0,0
1,0,12.011,4,2,7,0,1.4025,0,-0.031,0,0,0,0
1,2,1.008,1,0,0,0,1.12,9,0.132,0,0,0,0
1,0,12.011,4,2,5,0,1.4025,0,-0.014,0,0,0,0
1,2,1.008,1,0,0,0,1.12,9,0.108,0,0,0,0
1,4,15.9994,2,1,2,0,1.43,6,-0.323,0,0,0,0
1,0,12.011,4,8,3,0,1.295,0,-0.019,0,0,0,0
1,2,1.008,1,0,0,0,1.12,9,0.091,0,0,0,0
1,2,1.008,1,0,0,0,1.12,9,0.117,0,0,0,0
1,4,15.9994,2,6,2,0,1.1905,5,-0.332,0,0,0,0
1,0,12.011,4,2,5,0,1.4075,0,0.01,0,0,0,0
1,2,1.008,1,0,0,0,1.13,9,0.092,0,0,0,0
1,4,15.9994,2,6,1,0,1.1905,5,-0.325,0,0,0,0
1,0,12.011,4,23,9,1,1.4213,0,0.011,0,0,0,0
1,2,1.008,1,0,0,0,1.13,9,0.161,0,0,0,0
1,3,14.0067,3,21,5,0,1.275,1,-0.368,0,0,0,0
1,0,12.011,4,10,7,0,1.3825,0,0.134,0,0,0,0
1,2,1.008,1,0,0,0,1.13,9,0.11,0,0,0,0
1,4,15.9994,2,1,5,0,1.42,6,-0.251,0,0,0,0
1,0,12.011,4,2,7,0,1.4025,0,-0.031,0,0,0,0
1,2,1.008,1,0,0,0,1.12,9,0.132,0,0,0,0
1,0,12.011,4,2,5,0,1.4025,0,-0.014,0,0,0,0
1,2,1.008,1,0,0,0,1.12,9,0.108,0,0,0,0
1,4,15.9994,2,1,2,0,1.43,6,-0.323,0,0,0,0
1,0,12.011,4,8,3,0,1.295,0,-0.019,0,0,0,0
1,2,1.008,1,0,0,0,1.12,9,0.091,0,0,0,0
1,2,1.008,1,0,0,0,1.12,9,0.117,0,0,0,0
1,4,15.9994,2,6,2,0,1.1905,5,-0.332,0,0,0,0
1,0,12.011,4,2,5,0,1.4075,0,0.01,0,0,0,0
1,2,1.008,1,0,0,0,1.13,9,0.092,0,0,0,0
1,4,15.9994,2,6,1,0,1.1905,5,-0.325,0,0,0,0
1,0,12.011,4,23,9,1,1.4213,0,0.011,0,0,0,0
1,2,1.008,1,0,0,0,1.13,9,0.161,0,0,0,0
1,3,14.0067,3,21,5,0,1.275,1,-0.368,0,0,0,0
1,0,12.011,4,10,7,0,1.3825,0,0.134,0,0,0,0
1,2,1.008,1,0,0,0,1.13,9,0.11,0,0,0,0
1,4,15.9994,2,1,5,0,1.42,6,-0.252,0,0,0,0
1,0,12.011,4,2,7,0,1.4025,0,-0.031,0,0,0,0
1,2,1.008,1,0,0,0,1.12,9,0.132,0,0,0,0
1,0,12.011,4,2,5,0,1.4025,0,-0.014,0,0,0,0
1,2,1.008,1,0,0,0,1.12,9,0.108,0,0,0,0
1,4,15.9994,2,1,2,0,1.43,6,-0.322,0,0,0,0
1,0,12.011,4,8,3,0,1.295,0,-0.019,0,0,0,0
1,2,1.008,1,0,0,0,1.12,9,0.091,0,0,0,0
1,2,1.008,1,0,0,0,1.12,9,0.117,0,0,0,0
1,4,15.9994,2,6,2,0,1.1905,5,-0.332,0,0,0,0
1,0,12.011,4,2,5,0,1.4075,0,0.01,0,0,0,0
1,2,1.008,1,0,0,0,1.13,9,0.091,0,0,0,0
1,4,15.9994,2,6,1,0,1.1905,5,-0.325,0,0,0,0
1,0,12.011,4,23,9,1,1.4213,0,0.01,0,0,0,0
1,2,1.008,1,0,0,0,1.13,9,0.161,0,0,0,0
1,3,14.0067,3,21,5,0,1.275,1,-0.368,0,0,0,0
1,0,12.011,4,10,7,0,1.3825,0,0.134,0,0,0,0
1,2,1.008,1,0,0,0,1.13,9,0.109,0,0,0,0
1,4,15.9994,2,1,5,0,1.42,6,-0.252,0,0,0,0
1,0,12.011,4,2,7,0,1.4025,0,-0.031,0,0,0,0
1,2,1.008,1,0,0,0,1.12,9,0.132,0,0,0,0
1,0,12.011,4,2,5,0,1.4025,0,-0.014,0,0,0,0
1,2,1.008,1,0,0,0,1.12,9,0.109,0,0,0,0
1,4,15.9994,2,1,2,0,1.43,6,-0.324,0,0,0,0
1,0,12.011,4,8,3,0,1.295,0,-0.019,0,0,0,0
1,2,1.008,1,0,0,0,1.12,9,0.089,0,0,0,0
1,2,1.008,1,0,0,0,1.12,9,0.118,0,0,0,0
1,4,15.9994,2,6,2,0,1.1905,5,-0.332,0,0,0,0
1,0,12.011,4,2,5,0,1.4075,0,0.01,0,0,0,0
1,2,1.008,1,0,0,0,1.13,9,0.091,0,0,0,0
1,4,15.9994,2,6,1,0,1.1905,5,-0.325,0,0,0,0
1,0,12.011,4,23,9,1,1.4213,0,0.011,0,0,0,0
1,2,1.008,1,0,0,0,1.13,9,0.161,0,0,0,0
1,3,14.0067,3,21,5,0,1.275,1,-0.368,0,0,0,0
1,0,12.011,4,10,7,0,1.3825,0,0.134,0,0,0,0
1,2,1.008,1,0,0,0,1.13,9,0.11,0,0,0,0
1,4,15.9994,2,1,5,0,1.42,6,-0.252,0,0,0,0
1,0,12.011,4,2,7,0,1.405,0,-0.032,0,0,0,0
1,2,1.008,1,0,0,0,1.12,9,0.129,0,0,0,0
1,0,12.011,4,2,5,0,1.405,0,-0.018,0,0,0,0
1,2,1.008,1,0,0,0,1.13,9,0.105,0,0,0,0
1,4,15.9994,2,1,2,0,1.43,6,-0.31,0,0,0,0
1,0,12.011,4,8,3,0,1.295,0,-0.017,0,0,0,0
1,2,1.008,1,0,0,0,1.12,9,0.089,0,0,0,0
1,2,1.008,1,0,0,0,1.12,9,0.112,0,0,0,0
1,4,15.9994,2,6,2,0,1.1905,5,-0.337,0,0,0,0
1,0,12.011,4,2,5,0,1.4075,0,0.019,0,0,0,0
1,2,1.008,1,0,0,0,1.13,9,0.097,0,0,0,0
1,4,15.9994,2,6,1,0,1.1955,5,-0.333,0,0,0,0
1,0,12.011,4,23,9,1,1.4162,0,-0.026,0,0,0,0
1,2,1.008,1,0,0,0,1.13,9,0.128,0,0,0,0
1,3,14.0067,3,21,5,0,1.2717,1,-0.367,0,0,0,0
1,0,12.011,4,10,6,0,1.375,0,0.145,0,0,0,0
1,2,1.008,1,0,0,0,1.12,9,0.119,0,0,0,0
1,4,15.9994,2,6,2,0,1.1805,5,-0.299,0,0,0,0
1,0,12.011,3,13,5,0,1.38,0,0.299,0,0,0,0
1,4,15.9994,1,0,1,0,1.25,4,-0.384,0,0,0,0
1,0,12.011,4,7,3,1,1.2175,0,-0.239,0,0,0,0
1,2,1.008,1,0,1,0,1.12,9,0.108,0,0,0,0
1,2,1.008,1,0,0,0,1.12,9,0.108,0,0,0,0
1,2,1.008,1,0,0,0,1.12,9,0.108,0,0,0,0
1,0,12.011,3,13,5,0,1.3833,0,0.28,0,0,0,0
1,4,15.9994,1,0,1,0,1.25,4,-0.355,0,0,0,0
1,0,12.011,4,7,3,1,1.2175,0,-0.243,0,0,0,0
1,2,1.008,1,0,1,0,1.12,9,0.106,0,0,0,0
1,2,1.008,1,0,0,0,1.12,9,0.106,0,0,0,0
1,2,1.008,1,0,0,0,1.12,9,0.106,0,0,0,0
1,0,12.011,3,13,5,0,1.3833,0,0.279,0,0,0,0
1,4,15.9994,1,0,1,0,1.25,4,-0.354,0,0,0,0
1,0,12.011,4,7,3,1,1.2175,0,-0.243,0,0,0,0
1,2,1.008,1,0,1,0,1.12,9,0.106,0,0,0,0
1,2,1.008,1,0,0,0,1.12,9,0.106,0,0,0,0
1,2,1.008,1,0,0,0,1.12,9,0.106,0,0,0,0
1,0,12.011,3,13,5,0,1.3833,0,0.28,0,0,0,0
1,4,15.9994,1,0,1,0,1.25,4,-0.355,0,0,0,0
1,0,12.011,4,7,3,1,1.2175,0,-0.243,0,0,0,0
1,2,1.008,1,0,1,0,1.12,9,0.106,0,0,0,0
1,2,1.008,1,0,0,0,1.12,9,0.106,0,0,0,0
1,2,1.008,1,0,0,0,1.12,9,0.106,0,0,0,0
1,0,12.011,3,13,5,0,1.3833,0,0.28,0,0,0,0
1,4,15.9994,1,0,1,0,1.25,4,-0.355,0,0,0,0
1,0,12.011,4,7,3,1,1.2175,0,-0.243,0,0,0,0
1,2,1.008,1,0,1,0,1.12,9,0.106,0,0,0,0
1,2,1.008,1,0,0,0,1.12,9,0.106,0,0,0,0
1,2,1.008,1,0,0,0,1.12,9,0.106,0,0,0,0
1,0,12.011,3,13,5,0,1.3833,0,0.28,0,0,0,0
1,4,15.9994,1,0,1,0,1.25,4,-0.355,0,0,0,0
1,0,12.011,4,7,3,1,1.2175,0,-0.243,0,0,0,0
1,2,1.008,1,0,1,0,1.12,9,0.106,0,0,0,0
1,2,1.008,1,0,0,0,1.12,9,0.106,0,0,0,0
1,2,1.008,1,0,0,0,1.12,9,0.106,0,0,0,0
1,0,12.011,3,13,5,0,1.3833,0,0.28,0,0,0,0
1,4,15.9994,1,0,1,0,1.25,4,-0.355,0,0,0,0
1,0,12.011,4,7,3,1,1.2175,0,-0.243,0,0,0,0
1,2,1.008,1,0,1,0,1.12,9,0.106,0,0,0,0
1,2,1.008,1,0,0,0,1.12,9,0.106,0,0,0,0
1,2,1.008,1,0,0,0,1.12,9,0.106,0,0,0,0
1,0,12.011,3,13,5,0,1.3833,0,0.277,0,0,0,0
1,4,15.9994,1,0,1,0,1.25,4,-0.355,0,0,0,0
1,0,12.011,4,7,3,1,1.2175,0,-0.243,0,0,0,0
1,2,1.008,1,0,1,0,1.12,9,0.107,0,0,0,0
1,2,1.008,1,0,0,0,1.12,9,0.107,0,0,0,0
1,2,1.008,1,0,0,0,1.12,9,0.107,0,0,0,0
1,0,12.011,3,13,5,0,1.3833,0,0.28,0,0,0,0
1,4,15.9994,1,0,1,0,1.25,4,-0.355,0,0,0,0
1,0,12.011,4,7,3,1,1.2175,0,-0.243,0,0,0,0
1,2,1.008,1,0,1,0,1.12,9,0.106,0,0,0,0
1,2,1.008,1,0,0,0,1.12,9,0.106,0,0,0,0
1,2,1.008,1,0,0,0,1.12,9,0.106,0,0,0,0
1,0,12.011,3,13,5,0,1.3833,0,0.277,0,0,0,0
1,4,15.9994,1,0,1,0,1.25,4,-0.355,0,0,0,0
1,0,12.011,4,7,3,1,1.2175,0,-0.243,0,0,0,0
1,2,1.008,1,0,1,0,1.12,9,0.107,0,0,0,0
1,2,1.008,1,0,0,0,1.12,9,0.107,0,0,0,0
1,2,1.008,1,0,0,0,1.12,9,0.107,0,0,0,0
1,0,12.011,3,13,5,0,1.3833,0,0.274,0,0,0,0
1,4,15.9994,1,0,1,0,1.25,4,-0.352,0,0,0,0
1,0,12.011,4,7,3,1,1.2175,0,-0.243,0,0,0,0
1,2,1.008,1,0,1,0,1.12,9,0.107,0,0,0,0
1,2,1.008,1,0,0,0,1.12,9,0.107,0,0,0,0
1,2,1.008,1,0,0,0,1.12,9,0.107,0,0,0,0
