molecule,element,mass,coordination,neighbor_config,n_dihedrals,is_planar,avg_bond_len_A,std_bond_len_A,avg_force_const_bond,avg_angle_deg,avg_force_const_angle,target_atom_type,target_charge
FFX9,H,1.008,1,O,1,0,0.971,0.0,7954700.0,,,H,0.198
FFX9,O,15.9994,2,C-H,2,0,1.2005,0.2295,8067350.0,109.5,450.0,O,-0.33
FFX9,C,12.011,4,C-C-H-O,6,0,1.4025,0.1621,6952075.0,110.02,665.92,C,0.034
FFX9,H,1.008,1,C,0,0,1.13,0.0,7048300.0,,,HC,0.075
FFX9,C,14.027,2,C-C,7,1,1.51,0.02,10669500.0,111.0,530.0,CH2,0.078
FFX9,C,12.011,3,C-C-C,8,1,1.4467,0.0759,9472300.0,122.0,586.67,C,-0.102
FFX9,C,12.011,4,C-C-C-C,7,1,1.5275,0.0109,5561125.0,110.0,523.33,C,-0.004
FFX9,C,15.035,1,C,0,0,1.53,0.0,7150000.0,,,CH3,0.029
FFX9,C,13.019,3,C-C-C,7,0,1.53,0.0082,5598866.67,111.0,530.0,CH1,-0.001
FFX9,C,14.027,2,C-C,4,0,1.52,0.0,5430000.0,111.0,530.0,CH2,0.006
FFX9,C,14.027,2,C-C,5,0,1.52,0.0,5430000.0,111.0,530.0,CH2,0.017
FFX9,C,12.011,4,C-C-C-C,9,1,1.53,0.01,4823300.0,110.33,789.39,C,-0.044
FFX9,C,15.035,1,C,0,0,1.52,0.0,5430000.0,,,CH3,0.024
FFX9,C,13.019,3,C-C-C,7,1,1.5333,0.0094,4621066.67,111.67,526.67,CH1,-0.007
FFX9,C,13.019,3,C-C-C,5,0,1.5233,0.0047,6003333.33,110.0,523.33,CH1,-0.006
FFX9,C,14.027,2,C-C,4,0,1.525,0.005,6290000.0,111.0,530.0,CH2,0.004
FFX9,C,14.027,2,C-C,4,0,1.52,0.0,5430000.0,111.0,530.0,CH2,-0.0
FFX9,C,14.027,2,C-C,4,1,1.525,0.005,6290000.0,111.0,530.0,CH2,0.004
FFX9,C,13.019,3,C-C-C,3,0,1.5233,0.0047,6003333.33,110.5,526.67,CH1,-0.021
FFX9,C,15.035,1,C,1,0,1.52,0.0,5430000.0,,,CH3,0.008
FFX9,C,15.035,1,C,2,0,1.52,0.0,5430000.0,,,CH3,0.009
FFX9,C,15.035,1,C,2,0,1.52,0.0,5430000.0,,,CH3,0.01
FFX9,C,14.027,2,C-C,5,0,1.535,0.005,5683300.0,109.5,520.0,CH2,0.005
FFX9,C,14.027,2,C-C,4,0,1.525,0.005,6290000.0,104.0,490.0,CH2,0.009
FFX9,C,13.019,3,C-C-C,7,0,1.5267,0.0094,5025533.33,111.67,526.67,CH1,-0.019
FFX9,C,13.019,3,C-C-C,11,0,1.5233,0.0047,6003333.33,109.5,520.0,CH1,0.012
FFX9,C,14.027,2,C-C,7,1,1.5,0.02,5580000.0,111.0,530.0,CH2,0.051
FFX9,C,12.011,3,C-C-H,6,0,1.3067,0.1569,9443333.33,120.33,398.33,C,-0.162
FFX9,H,1.008,1,C,1,0,1.1,0.0,12100000.0,,,HC,0.121
FFX9,C,14.027,2,C-C,5,0,1.525,0.005,6290000.0,111.0,530.0,CH2,0.022
FFX9,C,14.027,2,C-C,6,0,1.52,0.0,5430000.0,111.0,530.0,CH2,-0.02
ES3X,O,15.9994,1,N,1,0,1.23,0.0,16600000.0,,,OM,-0.446
ES3X,N,14.0067,3,C-O-O,3,0,1.31,0.1131,13970000.0,121.33,763.33,NT,0.713
ES3X,O,15.9994,1,N,2,0,1.23,0.0,16600000.0,,,OM,-0.446
ES3X,C,12.011,3,C-C-N,9,1,1.4167,0.0377,8676666.67,122.0,586.67,C,0.074
ES3X,C,12.011,3,C-C-H,8,1,1.29,0.1414,9873333.33,120.0,523.33,C,-0.263
ES3X,H,1.008,1,C,1,0,1.09,0.0,12300000.0,,,HC,0.189
ES3X,C,12.011,3,C-C-H,7,1,1.29,0.1414,9873333.33,120.0,523.33,C,-0.029
ES3X,H,1.008,1,C,1,0,1.09,0.0,12300000.0,,,HC,0.149
ES3X,C,12.011,3,C-C-H,7,0,1.2933,0.1438,9833333.33,120.0,523.33,C,-0.304
ES3X,H,1.008,1,C,1,0,1.09,0.0,12300000.0,,,HC,0.184
ES3X,C,12.011,3,C-C-O,8,0,1.3833,0.017,9133333.33,119.33,626.67,C,0.416
ES3X,O,15.9994,2,C-H,2,0,1.166,0.194,14890500.0,109.5,450.0,OA,-0.578
ES3X,H,1.008,1,O,1,0,0.972,0.0,19581000.0,,,HS14,0.45
ES3X,C,12.011,3,C-C-H,8,1,1.29,0.1414,9873333.33,120.0,523.33,C,-0.319
ES3X,H,1.008,1,C,1,0,1.09,0.0,12300000.0,,,HC,0.21
G280,H,1.008,1,O,1,0,0.984,0.0,20656000.0,,,HS14,0.51
G280,O,15.9994,2,C-H,2,0,1.162,0.178,15578000.0,109.5,450.0,OA,-0.567
G280,C,12.011,3,C-C-O,9,1,1.3867,0.034,7421200.0,121.0,611.67,C,0.379
G280,C,12.011,3,C-C-N,9,1,1.4183,0.0143,5954533.33,120.0,560.0,C,-0.12
G280,N,14.0067,3,C-O-O,3,0,1.2983,0.0966,13100000.0,119.0,2782.86,NT,0.599
G280,O,15.9994,1,N,2,0,1.23,0.0,16600000.0,,,OM,-0.429
G280,O,15.9994,1,N,1,0,1.23,0.0,16600000.0,,,OM,-0.429
G280,C,12.011,3,C-C-H,8,1,1.2933,0.1438,9833333.33,120.0,523.33,C,-0.245
G280,H,1.008,1,C,1,0,1.09,0.0,12300000.0,,,HC,0.178
G280,C,12.011,3,C-C-H,7,1,1.2933,0.1438,9833333.33,120.0,523.33,C,-0.06
G280,H,1.008,1,C,1,0,1.09,0.0,12300000.0,,,HC,0.146
G280,C,12.011,3,C-C-H,7,1,1.2933,0.1438,9833333.33,120.0,523.33,C,-0.153
G280,H,1.008,1,C,1,0,1.09,0.0,12300000.0,,,HC,0.149
G280,C,12.011,3,C-C-H,7,0,1.2933,0.1438,9833333.33,120.0,523.33,C,-0.109
G280,H,1.008,1,C,1,0,1.09,0.0,12300000.0,,,HC,0.151
9WTE,H,1.008,1,O,1,0,0.972,0.0,19581000.0,,,H,0.448
9WTE,O,15.9994,2,C-H,2,1,1.176,0.204,15290500.0,109.5,450.0,O,-0.608
9WTE,C,12.011,3,C-C-O,8,1,1.3867,0.0047,9440000.0,118.0,610.0,C,0.403
9WTE,C,12.011,3,C-C-H,8,1,1.29,0.1414,9873333.33,120.0,523.33,C,-0.319
9WTE,H,1.008,1,C,1,0,1.09,0.0,12300000.0,,,HC,0.171
9WTE,C,12.011,3,C-C-H,8,1,1.29,0.1414,9873333.33,120.0,523.33,C,-0.126
9WTE,H,1.008,1,C,1,0,1.09,0.0,12300000.0,,,HC,0.131
9WTE,C,12.011,3,C-C-C,9,1,1.44,0.0707,7108566.67,120.0,560.0,C,-0.065
9WTE,C,12.011,3,C-C-H,7,0,1.29,0.1414,9873333.33,120.0,523.33,C,-0.126
9WTE,H,1.008,1,C,1,0,1.09,0.0,12300000.0,,,HC,0.131
9WTE,C,12.011,3,C-C-H,7,0,1.29,0.1414,9873333.33,120.0,523.33,C,-0.319
9WTE,H,1.008,1,C,1,0,1.09,0.0,12300000.0,,,HC,0.171
9WTE,C,12.011,4,C-C-C-C,6,1,1.54,0.0,4005700.0,110.5,526.67,C,0.446
9WTE,C,12.011,4,C-H-H-H,1,0,1.2025,0.1949,10226425.0,108.55,477.5,C,-0.397
9WTE,H,1.008,1,C,1,0,1.09,0.0,12300000.0,,,HC,0.094
9WTE,H,1.008,1,C,0,0,1.09,0.0,12300000.0,,,HC,0.094
9WTE,H,1.008,1,C,0,0,1.09,0.0,12300000.0,,,HC,0.094
9WTE,C,12.011,4,C-H-H-H,1,0,1.2025,0.1949,10226425.0,108.55,477.5,C,-0.397
9WTE,H,1.008,1,C,1,0,1.09,0.0,12300000.0,,,HC,0.094
9WTE,H,1.008,1,C,0,0,1.09,0.0,12300000.0,,,HC,0.094
9WTE,H,1.008,1,C,0,0,1.09,0.0,12300000.0,,,HC,0.094
9WTE,C,12.011,3,C-C-C,11,1,1.44,0.0707,7108566.67,120.0,560.0,C,-0.065
9WTE,C,12.011,3,C-C-H,8,1,1.29,0.1414,9873333.33,120.0,523.33,C,-0.126
9WTE,H,1.008,1,C,1,0,1.09,0.0,12300000.0,,,HC,0.131
9WTE,C,12.011,3,C-C-H,8,1,1.29,0.1414,9873333.33,120.0,523.33,C,-0.319
9WTE,H,1.008,1,C,1,0,1.09,0.0,12300000.0,,,HC,0.171
9WTE,C,12.011,3,C-C-O,8,1,1.3867,0.0047,9440000.0,118.0,610.0,C,0.403
9WTE,O,15.9994,2,C-H,2,0,1.176,0.204,15290500.0,109.5,450.0,O,-0.608
9WTE,H,1.008,1,O,1,0,0.972,0.0,19581000.0,,,H,0.448
9WTE,C,12.011,3,C-C-H,7,0,1.29,0.1414,9873333.33,120.0,523.33,C,-0.319
9WTE,H,1.008,1,C,1,0,1.09,0.0,12300000.0,,,HC,0.171
9WTE,C,12.011,3,C-C-H,7,0,1.29,0.1414,9873333.33,120.0,523.33,C,-0.126
9WTE,H,1.008,1,C,1,0,1.09,0.0,12300000.0,,,HC,0.131
EFZ,H,1.008,1,C,1,1,1.09,0.0,12300000.0,,,HC,0.142
EFZ,C,12.011,3,C-C-H,7,1,1.29,0.1414,9873333.33,120.0,523.33,C,-0.022
EFZ,C,12.011,3,C-C-H,7,1,1.29,0.1414,9873333.33,120.0,523.33,C,-0.32
EFZ,H,1.008,1,C,1,0,1.09,0.0,12300000.0,,,HC,0.212
EFZ,C,12.011,3,C-C-N,11,1,1.3967,0.0047,8580000.0,120.0,560.0,C,0.27
EFZ,N,14.0067,3,C-C-H,5,1,1.2567,0.1752,13272000.0,119.67,526.67,N,-0.575
EFZ,H,1.008,1,N,1,0,1.01,0.0,21076000.0,,,H,0.383
EFZ,C,12.011,3,N-O-O,6,0,1.31,0.0707,13402333.33,122.33,1223.8,C,0.82
EFZ,O,15.9994,1,C,2,0,1.21,0.0,19807000.0,,,OE,-0.591
EFZ,O,15.9994,2,C-C,6,0,1.41,0.05,7445650.0,124.0,3074.03,OE,-0.37
EFZ,C,12.011,4,C-C-C-O,5,0,1.5,0.0424,4473625.0,110.0,523.33,C,0.04
EFZ,C,12.011,4,C-F-F-F,1,0,1.4025,0.0909,8495475.0,109.0,1680.51,C,0.367
EFZ,F,18.9984,1,C,1,0,1.35,0.0,10300000.0,,,F,-0.129
EFZ,F,18.9984,1,C,0,0,1.35,0.0,10300000.0,,,F,-0.129
EFZ,F,18.9984,1,C,0,0,1.35,0.0,10300000.0,,,F,-0.129
EFZ,C,12.011,3,C-C-C,10,1,1.4367,0.0591,7543333.33,120.0,560.0,C,0.119
EFZ,C,12.011,3,C-C-H,7,0,1.29,0.1414,9873333.33,120.0,523.33,C,-0.195
EFZ,H,1.008,1,C,1,0,1.09,0.0,12300000.0,,,HC,0.198
EFZ,C,12.011,3,C-C-C,7,0,1.5133,0.1744,6252200.0,120.0,560.0,C,-0.022
EFZ,C,35.453,1,C,1,0,1.76,0.0,1436600.0,,,CL,-0.11
EFZ,C,12.011,2,C-C,0,0,1.335,0.125,12249150.0,180.0,500.0,C,-0.05
EFZ,C,12.011,2,C-C,0,0,1.3225,0.1125,12953500.0,180.0,500.0,C,-0.104
EFZ,C,12.011,4,C-C-C-H,3,0,1.3937,0.1792,7745000.0,109.17,676.36,C,-0.023
EFZ,H,1.008,1,C,0,0,1.09,0.0,12300000.0,,,HC,0.156
EFZ,C,12.011,4,C-C-H-H,3,0,1.3025,0.2128,8826400.0,109.33,805.78,C,-0.273
EFZ,H,1.008,1,C,1,0,1.09,0.0,12300000.0,,,HC,0.149
EFZ,H,1.008,1,C,0,0,1.09,0.0,12300000.0,,,HC,0.15
EFZ,C,12.011,4,C-C-H-H,3,0,1.3,0.2101,8396400.0,109.33,805.78,C,-0.256
EFZ,H,1.008,1,C,2,0,1.09,0.0,12300000.0,,,HC,0.15
EFZ,H,1.008,1,C,0,0,1.09,0.0,12300000.0,,,HC,0.142
NPO,O,15.9994,1,N,1,0,1.23,0.0,16600000.0,,,OM,-0.44
NPO,N,14.0067,3,C-O-O,3,0,1.3033,0.1037,12810633.33,119.47,667.33,NT,0.644
NPO,O,15.9994,1,N,2,0,1.23,0.0,16600000.0,,,OM,-0.44
NPO,C,12.011,3,C-C-N,9,1,1.41,0.0283,7517300.0,120.0,560.0,C,0.022
NPO,C,12.011,3,C-C-H,7,0,1.29,0.1414,9873333.33,120.0,523.33,C,-0.129
NPO,H,1.008,1,C,1,0,1.09,0.0,12300000.0,,,HC,0.163
NPO,C,12.011,3,C-C-H,7,0,1.2933,0.1438,9833333.33,120.0,523.33,C,-0.259
NPO,H,1.008,1,C,1,0,1.09,0.0,12300000.0,,,HC,0.178
NPO,C,12.011,3,C-C-O,8,1,1.3867,0.0189,9093333.33,118.0,610.0,C,0.422
NPO,O,15.9994,2,C-H,2,0,1.166,0.194,14890500.0,109.5,450.0,OA,-0.576
NPO,H,1.008,1,O,1,0,0.972,0.0,19581000.0,,,HS14,0.462
NPO,C,12.011,3,C-C-H,8,1,1.2933,0.1438,9833333.33,120.0,523.33,C,-0.259
NPO,H,1.008,1,C,1,0,1.09,0.0,12300000.0,,,HC,0.178
NPO,C,12.011,3,C-C-H,8,1,1.29,0.1414,9873333.33,120.0,523.33,C,-0.129
NPO,H,1.008,1,C,1,0,1.09,0.0,12300000.0,,,HC,0.163
ZUVU,H,1.008,1,N,1,1,1.0,0.0,18700000.0,,,HS14,0.331
ZUVU,N,14.0067,3,C-H-H,3,1,1.1133,0.1603,15966666.67,120.0,408.33,NPri,-0.455
ZUVU,H,1.008,1,N,2,0,1.0,0.0,18700000.0,,,HS14,0.331
ZUVU,C,12.011,3,N-N-S,6,1,1.47,0.1699,5355400.0,121.0,1948.48,C,0.075
ZUVU,S,32.06,1,C,2,0,1.71,0.0,2051900.0,,,SDmso,-0.539
ZUVU,N,14.0067,3,C-H-N,6,0,1.2467,0.1603,10498766.67,118.67,1120.47,NOpt,0.113
ZUVU,H,1.008,1,N,1,0,1.02,0.0,17782000.0,,,HS14,0.193
ZUVU,N,14.0067,2,C-N,6,1,1.32,0.04,7236250.0,119.0,2211.4,NOpt,-0.256
ZUVU,C,12.011,3,C-H-N,5,1,1.28,0.1551,8427500.0,120.0,523.33,C,-0.001
ZUVU,H,1.008,1,C,1,0,1.09,0.0,12300000.0,,,HC,0.158
ZUVU,C,12.011,3,C-C-C,10,1,1.4233,0.033,8596666.67,120.0,560.0,CAro,0.039
ZUVU,C,12.011,3,C-C-H,8,1,1.2933,0.1438,9833333.33,120.0,523.33,CAro,-0.143
ZUVU,H,1.008,1,C,1,0,1.09,0.0,12300000.0,,,HC,0.134
ZUVU,C,12.011,3,C-C-H,7,1,1.29,0.1414,9873333.33,120.0,523.33,CAro,-0.142
ZUVU,H,1.008,1,C,1,0,1.09,0.0,12300000.0,,,HC,0.154
ZUVU,C,12.011,3,C-C-H,7,1,1.29,0.1414,9873333.33,120.0,523.33,CAro,-0.053
ZUVU,H,1.008,1,C,1,0,1.09,0.0,12300000.0,,,HC,0.129
ZUVU,C,12.011,3,C-C-Cl,7,0,1.5133,0.1744,6252200.0,120.0,560.0,CAro,-0.022
ZUVU,Cl,35.453,1,C,1,0,1.76,0.0,1436600.0,,,CLAro,-0.119
ZUVU,C,12.011,3,C-C-H,7,0,1.2933,0.1438,9833333.33,120.0,523.33,CAro,-0.018
ZUVU,H,1.008,1,C,1,0,1.09,0.0,12300000.0,,,HC,0.091
B5XE,H,1.008,1,C,0,0,1.12,0.0,37000000.0,,,HC,0.11
B5XE,C,12.011,4,C-H-H-H,3,1,1.2175,0.1689,28681975.0,108.76,1061.75,C,-0.24
B5XE,H,1.008,1,C,1,0,1.12,0.0,37000000.0,,,HC,0.11
B5XE,H,1.008,1,C,0,0,1.12,0.0,37000000.0,,,HC,0.11
B5XE,C,12.011,3,C-N-O,5,0,1.38,0.1061,9375966.67,120.0,675.0,C,0.29
B5XE,O,15.9994,1,C,1,0,1.25,0.0,13400000.0,,,O,-0.38
B5XE,N,14.0067,3,C-C-H,5,0,1.2667,0.2004,33185000.0,120.33,488.33,N,-0.379
B5XE,H,1.008,1,N,1,0,0.985,0.0,82455000.0,,,H,0.268
B5XE,C,12.011,4,C-C-H-N,9,1,1.4162,0.172,5111700.0,109.92,509.17,C,-0.018
B5XE,H,1.008,1,C,0,0,1.13,0.0,7048300.0,,,HC,0.143
B5XE,C,12.011,4,C-H-O-O,7,0,1.385,0.1572,5383450.0,109.48,788.89,C,0.144
B5XE,H,1.008,1,C,0,0,1.13,0.0,7048300.0,,,HC,0.11
B5XE,O,15.9994,2,C-C,5,0,1.425,0.005,5701800.0,109.5,450.0,OE,-0.268
B5XE,O,15.9994,2,C-C,2,0,1.43,0.0,8180000.0,109.5,450.0,OE,-0.316
B5XE,C,12.011,4,C-C-H-O,6,0,1.4025,0.1681,14870000.0,109.87,1205.58,C,0.005
B5XE,H,1.008,1,C,0,0,1.12,0.0,37000000.0,,,HC,0.101
B5XE,C,12.011,4,C-H-H-O,3,0,1.295,0.1801,21922225.0,109.27,673.26,C,-0.011
B5XE,H,1.008,1,C,0,0,1.12,0.0,37000000.0,,,HC,0.077
B5XE,H,1.008,1,C,0,0,1.12,0.0,37000000.0,,,HC,0.133
B5XE,O,15.9994,2,C-H,2,0,1.1905,0.2195,7246800.0,109.5,450.0,OA,-0.32
B5XE,H,1.008,1,O,1,0,0.971,0.0,7954700.0,,,H,0.331
B5XE,C,12.011,4,C-C-H-O,6,0,1.4025,0.1636,6142975.0,109.67,497.33,C,-0.023
B5XE,H,1.008,1,C,0,0,1.13,0.0,7048300.0,,,HC,0.108
B5XE,O,15.9994,2,C-H,1,0,1.1955,0.2245,5589150.0,109.5,450.0,OA,-0.323
B5XE,H,1.008,1,O,1,0,0.971,0.0,7954700.0,,,H,0.225
B5XE,C,12.011,4,C-C-H-O,6,0,1.4025,0.1654,6238450.0,109.13,496.17,C,-0.025
B5XE,H,1.008,1,C,0,0,1.13,0.0,7048300.0,,,HC,0.123
B5XE,O,15.9994,2,C-H,1,0,1.1905,0.2195,7246800.0,109.5,450.0,OA,-0.327
B5XE,H,1.008,1,O,1,0,0.971,0.0,7954700.0,,,H,0.242
B5XE,C,12.011,4,C-C-H-O,7,0,1.4025,0.1681,14870000.0,109.98,1936.49,C,-0.029
B5XE,H,1.008,1,C,0,0,1.12,0.0,37000000.0,,,HC,0.137
B5XE,C,12.011,4,C-C-H-O,5,0,1.4025,0.1681,14870000.0,109.98,1217.91,C,-0.014
B5XE,H,1.008,1,C,0,0,1.12,0.0,37000000.0,,,HC,0.104
B5XE,O,15.9994,2,C-C,2,0,1.43,0.0,8180000.0,109.5,450.0,OE,-0.32
B5XE,C,12.011,4,C-H-H-O,3,0,1.295,0.1801,21922225.0,109.37,907.01,C,-0.015
B5XE,H,1.008,1,C,0,0,1.12,0.0,37000000.0,,,HC,0.094
B5XE,H,1.008,1,C,0,0,1.12,0.0,37000000.0,,,HC,0.105
B5XE,O,15.9994,2,C-H,2,0,1.1905,0.2195,7246800.0,109.5,450.0,OA,-0.332
B5XE,H,1.008,1,O,1,0,0.971,0.0,7954700.0,,,H,0.27
B5XE,C,12.011,4,C-C-H-O,5,0,1.4075,0.1698,5954775.0,109.92,677.58,C,0.009
B5XE,H,1.008,1,C,0,0,1.13,0.0,7048300.0,,,HC,0.087
B5XE,O,15.9994,2,C-H,1,0,1.1905,0.2195,7246800.0,109.5,450.0,OA,-0.323
B5XE,H,1.008,1,O,1,0,0.971,0.0,7954700.0,,,H,0.227
B5XE,C,12.011,4,C-C-H-N,9,1,1.4213,0.1757,4828025.0,110.17,708.08,C,0.012
B5XE,H,1.008,1,C,0,0,1.13,0.0,7048300.0,,,HC,0.162
B5XE,N,14.0067,3,C-C-H,5,0,1.275,0.1953,11153333.33,119.33,518.33,N,-0.37
B5XE,H,1.008,1,N,1,0,1.0,0.0,18700000.0,,,H,0.203
B5XE,C,12.011,4,C-H-O-O,7,0,1.3825,0.1567,6212275.0,109.63,790.06,C,0.133
B5XE,H,1.008,1,C,0,0,1.13,0.0,7048300.0,,,HC,0.11
B5XE,O,15.9994,2,C-C,5,0,1.42,0.01,7359450.0,109.5,450.0,OE,-0.25
B5XE,C,12.011,4,C-C-H-O,7,0,1.4025,0.1681,14870000.0,109.98,1936.49,C,-0.031
B5XE,H,1.008,1,C,0,0,1.12,0.0,37000000.0,,,HC,0.131
B5XE,C,12.011,4,C-C-H-O,5,0,1.4025,0.1681,14870000.0,109.98,1217.91,C,-0.014
B5XE,H,1.008,1,C,0,0,1.12,0.0,37000000.0,,,HC,0.109
B5XE,O,15.9994,2,C-C,2,0,1.43,0.0,8180000.0,109.5,450.0,OE,-0.322
B5XE,C,12.011,4,C-H-H-O,3,0,1.295,0.1801,21922225.0,109.37,907.01,C,-0.019
B5XE,H,1.008,1,C,0,0,1.12,0.0,37000000.0,,,HC,0.092
B5XE,H,1.008,1,C,0,0,1.12,0.0,37000000.0,,,HC,0.117
B5XE,O,15.9994,2,C-H,2,0,1.1905,0.2195,7246800.0,109.5,450.0,OA,-0.334
B5XE,H,1.008,1,O,1,0,0.971,0.0,7954700.0,,,H,0.271
B5XE,C,12.011,4,C-C-H-O,5,0,1.41,0.1699,5125950.0,109.92,677.58,C,0.01
B5XE,H,1.008,1,C,0,0,1.13,0.0,7048300.0,,,HC,0.092
B5XE,O,15.9994,2,C-H,1,0,1.1955,0.2245,5589150.0,109.5,450.0,OA,-0.324
B5XE,H,1.008,1,O,1,0,0.971,0.0,7954700.0,,,H,0.222
B5XE,C,12.011,4,C-C-H-N,9,1,1.4213,0.1757,4828025.0,109.5,694.75,C,0.011
B5XE,H,1.008,1,C,0,0,1.13,0.0,7048300.0,,,HC,0.161
B5XE,N,14.0067,3,C-C-H,5,0,1.275,0.1953,11153333.33,119.33,518.33,N,-0.369
B5XE,H,1.008,1,N,1,0,1.0,0.0,18700000.0,,,H,0.204
B5XE,C,12.011,4,C-H-O-O,7,0,1.3825,0.1567,6212275.0,109.63,790.06,C,0.133
B5XE,H,1.008,1,C,0,0,1.13,0.0,7048300.0,,,HC,0.111
B5XE,O,15.9994,2,C-C,5,0,1.42,0.01,7359450.0,109.5,450.0,OE,-0.251
B5XE,C,12.011,4,C-C-H-O,7,0,1.4025,0.1681,14870000.0,109.98,1936.49,C,-0.031
B5XE,H,1.008,1,C,0,0,1.12,0.0,37000000.0,,,HC,0.132
B5XE,C,12.011,4,C-C-H-O,5,0,1.4025,0.1681,14870000.0,109.98,1217.91,C,-0.014
B5XE,H,1.008,1,C,0,0,1.12,0.0,37000000.0,,,HC,0.108
B5XE,O,15.9994,2,C-C,2,0,1.43,0.0,8180000.0,109.5,450.0,OE,-0.322
B5XE,C,12.011,4,C-H-H-O,3,0,1.295,0.1801,21922225.0,109.37,907.01,C,-0.019
B5XE,H,1.008,1,C,0,0,1.12,0.0,37000000.0,,,HC,0.091
B5XE,H,1.008,1,C,0,0,1.12,0.0,37000000.0,,,HC,0.117
B5XE,O,15.9994,2,C-H,2,0,1.1905,0.2195,7246800.0,109.5,450.0,OA,-0.333
B5XE,H,1.008,1,O,1,0,0.971,0.0,7954700.0,,,H,0.271
B5XE,C,12.011,4,C-C-H-O,5,0,1.4075,0.1698,5954775.0,109.92,677.58,C,0.01
B5XE,H,1.008,1,C,0,0,1.13,0.0,7048300.0,,,HC,0.091
B5XE,O,15.9994,2,C-H,1,0,1.1905,0.2195,7246800.0,109.5,450.0,OA,-0.325
B5XE,H,1.008,1,O,1,0,0.971,0.0,7954700.0,,,H,0.224
B5XE,C,12.011,4,C-C-H-N,9,1,1.4213,0.1757,4828025.0,109.5,694.75,C,0.011
B5XE,H,1.008,1,C,0,0,1.13,0.0,7048300.0,,,HC,0.161
B5XE,N,14.0067,3,C-C-H,5,0,1.275,0.1953,11153333.33,119.33,518.33,N,-0.369
B5XE,H,1.008,1,N,1,0,1.0,0.0,18700000.0,,,H,0.204
B5XE,C,12.011,4,C-H-O-O,7,0,1.3825,0.1567,6212275.0,109.63,790.06,C,0.134
B5XE,H,1.008,1,C,0,0,1.13,0.0,7048300.0,,,HC,0.11
B5XE,O,15.9994,2,C-C,5,0,1.42,0.01,7359450.0,109.5,450.0,OE,-0.251
B5XE,C,12.011,4,C-C-H-O,7,0,1.4025,0.1681,14870000.0,109.98,1936.49,C,-0.031
B5XE,H,1.008,1,C,0,0,1.12,0.0,37000000.0,,,HC,0.132
B5XE,C,12.011,4,C-C-H-O,5,0,1.4025,0.1681,14870000.0,109.98,1217.91,C,-0.013
B5XE,H,1.008,1,C,0,0,1.12,0.0,37000000.0,,,HC,0.108
B5XE,O,15.9994,2,C-C,2,0,1.43,0.0,8180000.0,109.5,450.0,OE,-0.323
B5XE,C,12.011,4,C-H-H-O,3,0,1.295,0.1801,21922225.0,109.37,907.01,C,-0.019
B5XE,H,1.008,1,C,0,0,1.12,0.0,37000000.0,,,HC,0.091
B5XE,H,1.008,1,C,0,0,1.12,0.0,37000000.0,,,HC,0.117
B5XE,O,15.9994,2,C-H,2,0,1.1905,0.2195,7246800.0,109.5,450.0,OA,-0.333
B5XE,H,1.008,1,O,1,0,0.971,0.0,7954700.0,,,H,0.271
B5XE,C,12.011,4,C-C-H-O,5,0,1.4075,0.1698,5954775.0,109.83,910.17,C,0.01
B5XE,H,1.008,1,C,0,0,1.13,0.0,7048300.0,,,HC,0.092
B5XE,O,15.9994,2,C-H,1,0,1.1905,0.2195,7246800.0,109.5,450.0,OA,-0.325
B5XE,H,1.008,1,O,1,0,0.971,0.0,7954700.0,,,H,0.223
B5XE,C,12.011,4,C-C-H-N,9,1,1.4213,0.1757,4828025.0,109.5,694.75,C,0.011
B5XE,H,1.008,1,C,0,0,1.13,0.0,7048300.0,,,HC,0.161
B5XE,N,14.0067,3,C-C-H,5,0,1.275,0.1953,11153333.33,119.33,518.33,N,-0.368
B5XE,H,1.008,1,N,1,0,1.0,0.0,18700000.0,,,H,0.203
B5XE,C,12.011,4,C-H-O-O,7,0,1.3825,0.1567,6212275.0,109.63,790.06,C,0.134
B5XE,H,1.008,1,C,0,0,1.13,0.0,7048300.0,,,HC,0.11
B5XE,O,15.9994,2,C-C,5,0,1.42,0.01,7359450.0,109.5,450.0,OE,-0.251
B5XE,C,12.011,4,C-C-H-O,7,0,1.4025,0.1681,14870000.0,109.98,1936.49,C,-0.031
B5XE,H,1.008,1,C,0,0,1.12,0.0,37000000.0,,,HC,0.132
B5XE,C,12.011,4,C-C-H-O,5,0,1.4025,0.1681,14870000.0,109.98,1217.91,C,-0.014
B5XE,H,1.008,1,C,0,0,1.12,0.0,37000000.0,,,HC,0.108
B5XE,O,15.9994,2,C-C,2,0,1.43,0.0,8180000.0,109.5,450.0,OE,-0.323
B5XE,C,12.011,4,C-H-H-O,3,0,1.295,0.1801,21922225.0,109.37,907.01,C,-0.019
B5XE,H,1.008,1,C,0,0,1.12,0.0,37000000.0,,,HC,0.091
B5XE,H,1.008,1,C,0,0,1.12,0.0,37000000.0,,,HC,0.117
B5XE,O,15.9994,2,C-H,2,0,1.1905,0.2195,7246800.0,109.5,450.0,OA,-0.332
B5XE,H,1.008,1,O,1,0,0.971,0.0,7954700.0,,,H,0.271
B5XE,C,12.011,4,C-C-H-O,5,0,1.4075,0.1698,5954775.0,109.83,910.17,C,0.01
B5XE,H,1.008,1,C,0,0,1.13,0.0,7048300.0,,,HC,0.092
B5XE,O,15.9994,2,C-H,1,0,1.1905,0.2195,7246800.0,109.5,450.0,OA,-0.325
B5XE,H,1.008,1,O,1,0,0.971,0.0,7954700.0,,,H,0.223
B5XE,C,12.011,4,C-C-H-N,9,1,1.4213,0.1757,4828025.0,109.5,694.75,C,0.011
B5XE,H,1.008,1,C,0,0,1.13,0.0,7048300.0,,,HC,0.161
B5XE,N,14.0067,3,C-C-H,5,0,1.275,0.1953,11153333.33,119.33,518.33,N,-0.368
B5XE,H,1.008,1,N,1,0,1.0,0.0,18700000.0,,,H,0.203
B5XE,C,12.011,4,C-H-O-O,7,0,1.3825,0.1567,6212275.0,109.63,790.06,C,0.134
B5XE,H,1.008,1,C,0,0,1.13,0.0,7048300.0,,,HC,0.11
B5XE,O,15.9994,2,C-C,5,0,1.42,0.01,7359450.0,109.5,450.0,OE,-0.251
B5XE,C,12.011,4,C-C-H-O,7,0,1.4025,0.1681,14870000.0,109.98,1936.49,C,-0.031
B5XE,H,1.008,1,C,0,0,1.12,0.0,37000000.0,,,HC,0.132
B5XE,C,12.011,4,C-C-H-O,5,0,1.4025,0.1681,14870000.0,109.98,1217.91,C,-0.014
B5XE,H,1.008,1,C,0,0,1.12,0.0,37000000.0,,,HC,0.108
B5XE,O,15.9994,2,C-C,2,0,1.43,0.0,8180000.0,109.5,450.0,OE,-0.323
B5XE,C,12.011,4,C-H-H-O,3,0,1.295,0.1801,21922225.0,109.37,907.01,C,-0.019
B5XE,H,1.008,1,C,0,0,1.12,0.0,37000000.0,,,HC,0.091
B5XE,H,1.008,1,C,0,0,1.12,0.0,37000000.0,,,HC,0.117
B5XE,O,15.9994,2,C-H,2,0,1.1905,0.2195,7246800.0,109.5,450.0,OA,-0.332
B5XE,H,1.008,1,O,1,0,0.971,0.0,7954700.0,,,H,0.271
B5XE,C,12.011,4,C-C-H-O,5,0,1.4075,0.1698,5954775.0,109.83,910.17,C,0.01
B5XE,H,1.008,1,C,0,0,1.13,0.0,7048300.0,,,HC,0.091
B5XE,O,15.9994,2,C-H,1,0,1.1905,0.2195,7246800.0,109.5,450.0,OA,-0.325
B5XE,H,1.008,1,O,1,0,0.971,0.0,7954700.0,,,H,0.224
B5XE,C,12.011,4,C-C-H-N,9,1,1.4213,0.1757,4828025.0,109.5,694.75,C,0.011
B5XE,H,1.008,1,C,0,0,1.13,0.0,7048300.0,,,HC,0.161
B5XE,N,14.0067,3,C-C-H,5,0,1.275,0.1953,11153333.33,119.33,518.33,N,-0.368
B5XE,H,1.008,1,N,1,0,1.0,0.0,18700000.0,,,H,0.203
B5XE,C,12.011,4,C-H-O-O,7,0,1.3825,0.1567,6212275.0,109.63,790.06,C,0.134
B5XE,H,1.008,1,C,0,0,1.13,0.0,7048300.0,,,HC,0.11
B5XE,O,15.9994,2,C-C,5,0,1.42,0.01,7359450.0,109.5,450.0,OE,-0.251
B5XE,C,12.011,4,C-C-H-O,7,0,1.4025,0.1681,14870000.0,109.98,1936.49,C,-0.031
B5XE,H,1.008,1,C,0,0,1.12,0.0,37000000.0,,,HC,0.132
B5XE,C,12.011,4,C-C-H-O,5,0,1.4025,0.1681,14870000.0,109.98,1217.91,C,-0.014
B5XE,H,1.008,1,C,0,0,1.12,0.0,37000000.0,,,HC,0.108
B5XE,O,15.9994,2,C-C,2,0,1.43,0.0,8180000.0,109.5,450.0,OE,-0.323
B5XE,C,12.011,4,C-H-H-O,3,0,1.295,0.1801,21922225.0,109.37,907.01,C,-0.019
B5XE,H,1.008,1,C,0,0,1.12,0.0,37000000.0,,,HC,0.091
B5XE,H,1.008,1,C,0,0,1.12,0.0,37000000.0,,,HC,0.117
B5XE,O,15.9994,2,C-H,2,0,1.1905,0.2195,7246800.0,109.5,450.0,OA,-0.332
B5XE,H,1.008,1,O,1,0,0.971,0.0,7954700.0,,,H,0.271
B5XE,C,12.011,4,C-C-H-O,5,0,1.4075,0.1698,5954775.0,109.83,910.17,C,0.01
B5XE,H,1.008,1,C,0,0,1.13,0.0,7048300.0,,,HC,0.092
B5XE,O,15.9994,2,C-H,1,0,1.1905,0.2195,7246800.0,109.5,450.0,OA,-0.325
B5XE,H,1.008,1,O,1,0,0.971,0.0,7954700.0,,,H,0.223
B5XE,C,12.011,4,C-C-H-N,9,1,1.4213,0.1757,4828025.0,109.5,694.75,C,0.011
B5XE,H,1.008,1,C,0,0,1.13,0.0,7048300.0,,,HC,0.161
B5XE,N,14.0067,3,C-C-H,5,0,1.275,0.1953,11153333.33,119.33,518.33,N,-0.368
B5XE,H,1.008,1,N,1,0,1.0,0.0,18700000.0,,,H,0.203
B5XE,C,12.011,4,C-H-O-O,7,0,1.3825,0.1567,6212275.0,109.63,790.06,C,0.134
B5XE,H,1.008,1,C,0,0,1.13,0.0,7048300.0,,,HC,0.11
B5XE,O,15.9994,2,C-C,5,0,1.42,0.01,7359450.0,109.5,450.0,OE,-0.251
B5XE,C,12.011,4,C-C-H-O,7,0,1.4025,0.1681,14870000.0,109.98,1936.49,C,-0.031
B5XE,H,1.008,1,C,0,0,1.12,0.0,37000000.0,,,HC,0.132
B5XE,C,12.011,4,C-C-H-O,5,0,1.4025,0.1681,14870000.0,109.98,1217.91,C,-0.014
B5XE,H,1.008,1,C,0,0,1.12,0.0,37000000.0,,,HC,0.108
B5XE,O,15.9994,2,C-C,2,0,1.43,0.0,8180000.0,109.5,450.0,OE,-0.323
B5XE,C,12.011,4,C-H-H-O,3,0,1.295,0.1801,21922225.0,109.37,907.01,C,-0.019
B5XE,H,1.008,1,C,0,0,1.12,0.0,37000000.0,,,HC,0.091
B5XE,H,1.008,1,C,0,0,1.12,0.0,37000000.0,,,HC,0.117
B5XE,O,15.9994,2,C-H,2,0,1.1905,0.2195,7246800.0,109.5,450.0,OA,-0.332
B5XE,H,1.008,1,O,1,0,0.971,0.0,7954700.0,,,H,0.271
B5XE,C,12.011,4,C-C-H-O,5,0,1.4075,0.1698,5954775.0,109.83,910.17,C,0.01
B5XE,H,1.008,1,C,0,0,1.13,0.0,7048300.0,,,HC,0.092
B5XE,O,15.9994,2,C-H,1,0,1.1905,0.2195,7246800.0,109.5,450.0,OA,-0.325
B5XE,H,1.008,1,O,1,0,0.971,0.0,7954700.0,,,H,0.223
B5XE,C,12.011,4,C-C-H-N,9,1,1.4213,0.1757,4828025.0,109.5,694.75,C,0.011
B5XE,H,1.008,1,C,0,0,1.13,0.0,7048300.0,,,HC,0.161
B5XE,N,14.0067,3,C-C-H,5,0,1.275,0.1953,11153333.33,119.33,518.33,N,-0.368
B5XE,H,1.008,1,N,1,0,1.0,0.0,18700000.0,,,H,0.204
B5XE,C,12.011,4,C-H-O-O,7,0,1.3825,0.1567,6212275.0,109.63,790.06,C,0.134
B5XE,H,1.008,1,C,0,0,1.13,0.0,7048300.0,,,HC,0.11
B5XE,O,15.9994,2,C-C,5,0,1.42,0.01,7359450.0,109.5,450.0,OE,-0.252
B5XE,C,12.011,4,C-C-H-O,7,0,1.4025,0.1681,14870000.0,109.98,1936.49,C,-0.031
B5XE,H,1.008,1,C,0,0,1.12,0.0,37000000.0,,,HC,0.132
B5XE,C,12.011,4,C-C-H-O,5,0,1.4025,0.1681,14870000.0,109.98,1217.91,C,-0.014
B5XE,H,1.008,1,C,0,0,1.12,0.0,37000000.0,,,HC,0.108
B5XE,O,15.9994,2,C-C,2,0,1.43,0.0,8180000.0,109.5,450.0,OE,-0.322
B5XE,C,12.011,4,C-H-H-O,3,0,1.295,0.1801,21922225.0,109.37,907.01,C,-0.019
B5XE,H,1.008,1,C,0,0,1.12,0.0,37000000.0,,,HC,0.091
B5XE,H,1.008,1,C,0,0,1.12,0.0,37000000.0,,,HC,0.117
B5XE,O,15.9994,2,C-H,2,0,1.1905,0.2195,7246800.0,109.5,450.0,OA,-0.332
B5XE,H,1.008,1,O,1,0,0.971,0.0,7954700.0,,,H,0.27
B5XE,C,12.011,4,C-C-H-O,5,0,1.4075,0.1698,5954775.0,109.83,910.17,C,0.01
B5XE,H,1.008,1,C,0,0,1.13,0.0,7048300.0,,,HC,0.091
B5XE,O,15.9994,2,C-H,1,0,1.1905,0.2195,7246800.0,109.5,450.0,OA,-0.325
B5XE,H,1.008,1,O,1,0,0.971,0.0,7954700.0,,,H,0.224
B5XE,C,12.011,4,C-C-H-N,9,1,1.4213,0.1757,4828025.0,109.5,694.75,C,0.01
B5XE,H,1.008,1,C,0,0,1.13,0.0,7048300.0,,,HC,0.161
B5XE,N,14.0067,3,C-C-H,5,0,1.275,0.1953,11153333.33,119.33,518.33,N,-0.368
B5XE,H,1.008,1,N,1,0,1.0,0.0,18700000.0,,,H,0.206
B5XE,C,12.011,4,C-H-O-O,7,0,1.3825,0.1567,6212275.0,109.63,790.06,C,0.134
B5XE,H,1.008,1,C,0,0,1.13,0.0,7048300.0,,,HC,0.109
B5XE,O,15.9994,2,C-C,5,0,1.42,0.01,7359450.0,109.5,450.0,OE,-0.252
B5XE,C,12.011,4,C-C-H-O,7,0,1.4025,0.1681,14870000.0,109.98,1936.49,C,-0.031
B5XE,H,1.008,1,C,0,0,1.12,0.0,37000000.0,,,HC,0.132
B5XE,C,12.011,4,C-C-H-O,5,0,1.4025,0.1681,14870000.0,109.98,1217.91,C,-0.014
B5XE,H,1.008,1,C,0,0,1.12,0.0,37000000.0,,,HC,0.109
B5XE,O,15.9994,2,C-C,2,0,1.43,0.0,8180000.0,109.5,450.0,OE,-0.324
B5XE,C,12.011,4,C-H-H-O,3,0,1.295,0.1801,21922225.0,109.37,907.01,C,-0.019
B5XE,H,1.008,1,C,0,0,1.12,0.0,37000000.0,,,HC,0.089
B5XE,H,1.008,1,C,0,0,1.12,0.0,37000000.0,,,HC,0.118
B5XE,O,15.9994,2,C-H,2,0,1.1905,0.2195,7246800.0,109.5,450.0,OA,-0.332
B5XE,H,1.008,1,O,1,0,0.971,0.0,7954700.0,,,H,0.272
B5XE,C,12.011,4,C-C-H-O,5,0,1.4075,0.1698,5954775.0,109.83,910.17,C,0.01
B5XE,H,1.008,1,C,0,0,1.13,0.0,7048300.0,,,HC,0.091
B5XE,O,15.9994,2,C-H,1,0,1.1905,0.2195,7246800.0,109.5,450.0,OA,-0.325
B5XE,H,1.008,1,O,1,0,0.971,0.0,7954700.0,,,H,0.224
B5XE,C,12.011,4,C-C-H-N,9,1,1.4213,0.1757,4828025.0,109.5,694.75,C,0.011
B5XE,H,1.008,1,C,0,0,1.13,0.0,7048300.0,,,HC,0.161
B5XE,N,14.0067,3,C-C-H,5,0,1.275,0.1953,11153333.33,119.33,518.33,N,-0.368
B5XE,H,1.008,1,N,1,0,1.0,0.0,18700000.0,,,H,0.204
B5XE,C,12.011,4,C-H-O-O,7,0,1.3825,0.1567,6212275.0,109.63,790.06,C,0.134
B5XE,H,1.008,1,C,0,0,1.13,0.0,7048300.0,,,HC,0.11
B5XE,O,15.9994,2,C-C,5,0,1.42,0.01,7359450.0,109.5,450.0,OE,-0.252
B5XE,C,12.011,4,C-C-H-O,7,0,1.405,0.1701,14136650.0,110.23,1938.15,C,-0.032
B5XE,H,1.008,1,C,0,0,1.12,0.0,37000000.0,,,HC,0.129
B5XE,C,12.011,4,C-C-H-O,5,0,1.405,0.1639,7382075.0,109.87,1205.58,C,-0.018
B5XE,H,1.008,1,C,0,0,1.13,0.0,7048300.0,,,HC,0.105
B5XE,O,15.9994,2,C-C,2,0,1.43,0.0,8180000.0,109.5,450.0,OE,-0.31
B5XE,C,12.011,4,C-H-H-O,3,0,1.295,0.1801,21922225.0,109.35,879.51,C,-0.017
B5XE,H,1.008,1,C,0,0,1.12,0.0,37000000.0,,,HC,0.089
B5XE,H,1.008,1,C,0,0,1.12,0.0,37000000.0,,,HC,0.112
B5XE,O,15.9994,2,C-H,2,0,1.1905,0.2195,7246800.0,109.5,450.0,OA,-0.337
B5XE,H,1.008,1,O,1,0,0.971,0.0,7954700.0,,,H,0.279
B5XE,C,12.011,4,C-C-H-O,5,0,1.4075,0.1675,4676275.0,109.92,677.58,C,0.019
B5XE,H,1.008,1,C,0,0,1.13,0.0,7048300.0,,,HC,0.097
B5XE,O,15.9994,2,C-H,1,0,1.1955,0.2245,5589150.0,109.5,450.0,OA,-0.333
B5XE,H,1.008,1,O,1,0,0.971,0.0,7954700.0,,,H,0.217
B5XE,C,12.011,4,C-C-H-N,9,1,1.4162,0.172,5111700.0,109.93,878.69,C,-0.026
B5XE,H,1.008,1,C,0,0,1.13,0.0,7048300.0,,,HC,0.128
B5XE,N,14.0067,3,C-C-H,5,0,1.2717,0.1934,11933333.33,119.0,513.33,N,-0.367
B5XE,H,1.008,1,N,1,0,1.0,0.0,18700000.0,,,H,0.265
B5XE,C,12.011,4,C-H-O-O,6,0,1.375,0.1601,14230475.0,109.75,891.86,C,0.145
B5XE,H,1.008,1,C,0,0,1.12,0.0,37000000.0,,,HC,0.119
B5XE,O,15.9994,2,C-H,2,0,1.1805,0.2095,8307350.0,109.5,450.0,OA,-0.299
B5XE,H,1.008,1,O,1,0,0.971,0.0,7954700.0,,,H,0.035
B5XE,C,12.011,3,C-N-O,5,0,1.38,0.1061,9375966.67,121.67,658.33,C,0.299
B5XE,O,15.9994,1,C,1,0,1.25,0.0,13400000.0,,,O,-0.384
B5XE,C,12.011,4,C-H-H-H,3,1,1.2175,0.1689,28681975.0,109.65,1102.26,C,-0.239
B5XE,H,1.008,1,C,1,0,1.12,0.0,37000000.0,,,HC,0.108
B5XE,H,1.008,1,C,0,0,1.12,0.0,37000000.0,,,HC,0.108
B5XE,H,1.008,1,C,0,0,1.12,0.0,37000000.0,,,HC,0.108
B5XE,C,12.011,3,C-N-O,5,0,1.3833,0.1062,8595966.67,120.0,675.0,C,0.28
B5XE,O,15.9994,1,C,1,0,1.25,0.0,13400000.0,,,O,-0.355
B5XE,C,12.011,4,C-H-H-H,3,1,1.2175,0.1689,28681975.0,109.65,1102.26,C,-0.243
B5XE,H,1.008,1,C,1,0,1.12,0.0,37000000.0,,,HC,0.106
B5XE,H,1.008,1,C,0,0,1.12,0.0,37000000.0,,,HC,0.106
B5XE,H,1.008,1,C,0,0,1.12,0.0,37000000.0,,,HC,0.106
B5XE,C,12.011,3,C-N-O,5,0,1.3833,0.1062,8595966.67,120.0,675.0,C,0.279
B5XE,O,15.9994,1,C,1,0,1.25,0.0,13400000.0,,,O,-0.354
B5XE,C,12.011,4,C-H-H-H,3,1,1.2175,0.1689,28681975.0,110.0,1105.26,C,-0.243
B5XE,H,1.008,1,C,1,0,1.12,0.0,37000000.0,,,HC,0.106
B5XE,H,1.008,1,C,0,0,1.12,0.0,37000000.0,,,HC,0.106
B5XE,H,1.008,1,C,0,0,1.12,0.0,37000000.0,,,HC,0.106
B5XE,C,12.011,3,C-N-O,5,0,1.3833,0.1062,8595966.67,120.0,675.0,C,0.28
B5XE,O,15.9994,1,C,1,0,1.25,0.0,13400000.0,,,O,-0.355
B5XE,C,12.011,4,C-H-H-H,3,1,1.2175,0.1689,28681975.0,110.0,1105.26,C,-0.243
B5XE,H,1.008,1,C,1,0,1.12,0.0,37000000.0,,,HC,0.106
B5XE,H,1.008,1,C,0,0,1.12,0.0,37000000.0,,,HC,0.106
B5XE,H,1.008,1,C,0,0,1.12,0.0,37000000.0,,,HC,0.106
B5XE,C,12.011,3,C-N-O,5,0,1.3833,0.1062,8595966.67,120.0,675.0,C,0.28
B5XE,O,15.9994,1,C,1,0,1.25,0.0,13400000.0,,,O,-0.355
B5XE,C,12.011,4,C-H-H-H,3,1,1.2175,0.1689,28681975.0,108.76,1061.76,C,-0.243
B5XE,H,1.008,1,C,1,0,1.12,0.0,37000000.0,,,HC,0.106
B5XE,H,1.008,1,C,0,0,1.12,0.0,37000000.0,,,HC,0.106
B5XE,H,1.008,1,C,0,0,1.12,0.0,37000000.0,,,HC,0.106
B5XE,C,12.011,3,C-N-O,5,0,1.3833,0.1062,8595966.67,120.0,675.0,C,0.28
B5XE,O,15.9994,1,C,1,0,1.25,0.0,13400000.0,,,O,-0.355
B5XE,C,12.011,4,C-H-H-H,3,1,1.2175,0.1689,28681975.0,110.0,1105.26,C,-0.243
B5XE,H,1.008,1,C,1,0,1.12,0.0,37000000.0,,,HC,0.106
B5XE,H,1.008,1,C,0,0,1.12,0.0,37000000.0,,,HC,0.106
B5XE,H,1.008,1,C,0,0,1.12,0.0,37000000.0,,,HC,0.106
B5XE,C,12.011,3,C-N-O,5,0,1.3833,0.1062,8595966.67,120.0,675.0,C,0.28
B5XE,O,15.9994,1,C,1,0,1.25,0.0,13400000.0,,,O,-0.355
B5XE,C,12.011,4,C-H-H-H,3,1,1.2175,0.1689,28681975.0,108.76,1061.76,C,-0.243
B5XE,H,1.008,1,C,1,0,1.12,0.0,37000000.0,,,HC,0.106
B5XE,H,1.008,1,C,0,0,1.12,0.0,37000000.0,,,HC,0.106
B5XE,H,1.008,1,C,0,0,1.12,0.0,37000000.0,,,HC,0.106
B5XE,C,12.011,3,C-N-O,5,0,1.3833,0.1062,8595966.67,120.0,675.0,C,0.277
B5XE,O,15.9994,1,C,1,0,1.25,0.0,13400000.0,,,O,-0.355
B5XE,C,12.011,4,C-H-H-H,3,1,1.2175,0.1689,28681975.0,108.76,1061.76,C,-0.243
B5XE,H,1.008,1,C,1,0,1.12,0.0,37000000.0,,,HC,0.107
B5XE,H,1.008,1,C,0,0,1.12,0.0,37000000.0,,,HC,0.107
B5XE,H,1.008,1,C,0,0,1.12,0.0,37000000.0,,,HC,0.107
B5XE,C,12.011,3,C-N-O,5,0,1.3833,0.1062,8595966.67,120.0,675.0,C,0.28
B5XE,O,15.9994,1,C,1,0,1.25,0.0,13400000.0,,,O,-0.355
B5XE,C,12.011,4,C-H-H-H,3,1,1.2175,0.1689,28681975.0,109.65,1102.26,C,-0.243
B5XE,H,1.008,1,C,1,0,1.12,0.0,37000000.0,,,HC,0.106
B5XE,H,1.008,1,C,0,0,1.12,0.0,37000000.0,,,HC,0.106
B5XE,H,1.008,1,C,0,0,1.12,0.0,37000000.0,,,HC,0.106
B5XE,C,12.011,3,C-N-O,5,0,1.3833,0.1062,8595966.67,120.0,675.0,C,0.277
B5XE,O,15.9994,1,C,1,0,1.25,0.0,13400000.0,,,O,-0.355
B5XE,C,12.011,4,C-H-H-H,3,1,1.2175,0.1689,28681975.0,110.0,1105.26,C,-0.243
B5XE,H,1.008,1,C,1,0,1.12,0.0,37000000.0,,,HC,0.107
B5XE,H,1.008,1,C,0,0,1.12,0.0,37000000.0,,,HC,0.107
B5XE,H,1.008,1,C,0,0,1.12,0.0,37000000.0,,,HC,0.107
B5XE,C,12.011,3,C-N-O,5,0,1.3833,0.1062,8595966.67,120.0,675.0,C,0.274
B5XE,O,15.9994,1,C,1,0,1.25,0.0,13400000.0,,,O,-0.352
B5XE,C,12.011,4,C-H-H-H,3,1,1.2175,0.1689,28681975.0,110.0,1105.26,C,-0.243
B5XE,H,1.008,1,C,1,0,1.12,0.0,37000000.0,,,HC,0.107
B5XE,H,1.008,1,C,0,0,1.12,0.0,37000000.0,,,HC,0.107
B5XE,H,1.008,1,C,0,0,1.12,0.0,37000000.0,,,HC,0.107
