molecule,ai,aj,ak,element_i,element_j,element_k,type_i,type_j,type_k,charge_i,charge_j,charge_k,mass_i,mass_j,mass_k,degree_j,n_C_j,n_H_j,n_O_j,n_N_j,n_S_j,target_angle,target_fc
4,1,2,3,3,5,0,8,15,0,0.198,-0.33,0.034,1.008,15.9994,12.011,2,1,1,0,0,0,109.5,450.0
4,2,3,4,5,0,3,15,0,9,-0.33,0.034,0.075,15.9994,12.011,1.008,4,2,1,1,0,0,109.0,1680.51
4,2,3,5,5,0,0,15,0,3,-0.33,0.034,0.078,15.9994,12.011,14.027,4,2,1,1,0,0,109.5,520.0
4,2,3,31,5,0,0,15,0,3,-0.33,0.034,-0.02,15.9994,12.011,14.027,4,2,1,1,0,0,111.0,530.0
4,4,3,5,3,0,0,9,0,3,0.075,0.034,0.078,1.008,12.011,14.027,4,2,1,1,0,0,110.0,285.0
4,4,3,31,3,0,0,9,0,3,0.075,0.034,-0.02,1.008,12.011,14.027,4,2,1,1,0,0,109.6,450.0
4,5,3,31,0,0,0,3,0,3,0.078,0.034,-0.02,14.027,12.011,14.027,4,2,1,1,0,0,111.0,530.0
4,3,5,6,0,0,0,0,3,0,0.034,0.078,-0.102,12.011,14.027,12.011,2,2,0,0,0,0,111.0,530.0
4,5,6,7,0,0,0,3,0,0,0.078,-0.102,-0.004,14.027,12.011,12.011,3,3,0,0,0,0,120.0,560.0
4,5,6,28,0,0,0,3,0,0,0.078,-0.102,-0.162,14.027,12.011,12.011,3,3,0,0,0,0,120.0,560.0
4,7,6,28,0,0,0,0,0,0,-0.004,-0.102,-0.162,12.011,12.011,12.011,3,3,0,0,0,0,126.0,640.0
4,6,7,8,0,0,0,0,0,4,-0.102,-0.004,0.029,12.011,12.011,15.035,4,4,0,0,0,0,109.5,520.0
4,6,7,9,0,0,0,0,0,2,-0.102,-0.004,-0.001,12.011,12.011,13.019,4,4,0,0,0,0,111.0,530.0
4,6,7,30,0,0,0,0,0,3,-0.102,-0.004,0.022,12.011,12.011,14.027,4,4,0,0,0,0,109.5,520.0
4,8,7,9,0,0,0,4,0,2,0.029,-0.004,-0.001,15.035,12.011,13.019,4,4,0,0,0,0,111.0,530.0
4,8,7,30,0,0,0,4,0,3,0.029,-0.004,0.022,15.035,12.011,14.027,4,4,0,0,0,0,109.5,520.0
4,9,7,30,0,0,0,2,0,3,-0.001,-0.004,0.022,13.019,12.011,14.027,4,4,0,0,0,0,109.5,520.0
4,7,9,10,0,0,0,0,2,3,-0.004,-0.001,0.006,12.011,13.019,14.027,3,3,0,0,0,0,111.0,530.0
4,7,9,26,0,0,0,0,2,2,-0.004,-0.001,0.012,12.011,13.019,13.019,3,3,0,0,0,0,111.0,530.0
4,10,9,26,0,0,0,3,2,2,0.006,-0.001,0.012,14.027,13.019,13.019,3,3,0,0,0,0,111.0,530.0
4,9,10,11,0,0,0,2,3,3,-0.001,0.006,0.017,13.019,14.027,14.027,2,2,0,0,0,0,111.0,530.0
4,10,11,12,0,0,0,3,3,0,0.006,0.017,-0.044,14.027,14.027,12.011,2,2,0,0,0,0,111.0,530.0
4,11,12,13,0,0,0,3,0,4,0.017,-0.044,0.024,14.027,12.011,15.035,4,4,0,0,0,0,111.0,530.0
4,11,12,14,0,0,0,3,0,2,0.017,-0.044,-0.007,14.027,12.011,13.019,4,4,0,0,0,0,120.0,560.0
4,11,12,25,0,0,0,3,0,2,0.017,-0.044,-0.019,14.027,12.011,13.019,4,4,0,0,0,0,109.5,520.0
4,13,12,14,0,0,0,4,0,2,0.024,-0.044,-0.007,15.035,12.011,13.019,4,4,0,0,0,0,109.5,520.0
4,13,12,25,0,0,0,4,0,2,0.024,-0.044,-0.019,15.035,12.011,13.019,4,4,0,0,0,0,111.0,530.0
4,14,12,25,0,0,0,2,0,2,-0.007,-0.044,-0.019,13.019,12.011,13.019,4,4,0,0,0,0,101.0,2076.33
4,12,14,15,0,0,0,0,2,2,-0.044,-0.007,-0.006,12.011,13.019,13.019,3,3,0,0,0,0,120.0,560.0
4,12,14,23,0,0,0,0,2,3,-0.044,-0.007,0.005,12.011,13.019,14.027,3,3,0,0,0,0,104.0,490.0
4,15,14,23,0,0,0,2,2,3,-0.006,-0.007,0.005,13.019,13.019,14.027,3,3,0,0,0,0,111.0,530.0
4,14,15,16,0,0,0,2,2,3,-0.007,-0.006,0.004,13.019,13.019,14.027,3,3,0,0,0,0,109.5,520.0
4,14,15,22,0,0,0,2,2,4,-0.007,-0.006,0.01,13.019,13.019,15.035,3,3,0,0,0,0,111.0,530.0
4,16,15,22,0,0,0,3,2,4,0.004,-0.006,0.01,14.027,13.019,15.035,3,3,0,0,0,0,109.5,520.0
4,15,16,17,0,0,0,2,3,3,-0.006,0.004,-0.0,13.019,14.027,14.027,2,2,0,0,0,0,111.0,530.0
4,16,17,18,0,0,0,3,3,3,0.004,-0.0,0.004,14.027,14.027,14.027,2,2,0,0,0,0,111.0,530.0
4,17,18,19,0,0,0,3,3,2,-0.0,0.004,-0.021,14.027,14.027,13.019,2,2,0,0,0,0,111.0,530.0
4,18,19,20,0,0,0,3,2,4,0.004,-0.021,0.008,14.027,13.019,15.035,3,3,0,0,0,0,111.0,530.0
4,18,19,21,0,0,0,3,2,4,0.004,-0.021,0.009,14.027,13.019,15.035,3,3,0,0,0,0,111.0,530.0
4,20,19,21,0,0,0,4,2,4,0.008,-0.021,0.009,15.035,13.019,15.035,3,3,0,0,0,0,109.5,520.0
4,14,23,24,0,0,0,2,3,3,-0.007,0.005,0.009,13.019,14.027,14.027,2,2,0,0,0,0,109.5,520.0
4,23,24,25,0,0,0,3,3,2,0.005,0.009,-0.019,14.027,14.027,13.019,2,2,0,0,0,0,104.0,490.0
4,12,25,24,0,0,0,0,2,3,-0.044,-0.019,0.009,12.011,13.019,14.027,3,3,0,0,0,0,104.0,490.0
4,12,25,26,0,0,0,0,2,2,-0.044,-0.019,0.012,12.011,13.019,13.019,3,3,0,0,0,0,111.0,530.0
4,24,25,26,0,0,0,3,2,2,0.009,-0.019,0.012,14.027,13.019,13.019,3,3,0,0,0,0,120.0,560.0
4,9,26,25,0,0,0,2,2,2,-0.001,0.012,-0.019,13.019,13.019,13.019,3,3,0,0,0,0,109.5,520.0
4,9,26,27,0,0,0,2,2,3,-0.001,0.012,0.051,13.019,13.019,14.027,3,3,0,0,0,0,109.5,520.0
4,25,26,27,0,0,0,2,2,3,-0.019,0.012,0.051,13.019,13.019,14.027,3,3,0,0,0,0,109.5,520.0
4,26,27,28,0,0,0,2,3,0,0.012,0.051,-0.162,13.019,14.027,12.011,2,2,0,0,0,0,111.0,530.0
4,6,28,27,0,0,0,0,0,3,-0.102,-0.162,0.051,12.011,12.011,14.027,3,2,1,0,0,0,126.0,640.0
4,6,28,29,0,0,3,0,0,9,-0.102,-0.162,0.121,12.011,12.011,1.008,3,2,1,0,0,0,120.0,505.0
4,27,28,29,0,0,3,3,0,9,0.051,-0.162,0.121,14.027,12.011,1.008,3,2,1,0,0,0,115.0,50.0
4,7,30,31,0,0,0,0,3,3,-0.004,0.022,-0.02,12.011,14.027,14.027,2,2,0,0,0,0,111.0,530.0
4,3,31,30,0,0,0,0,3,3,0.034,-0.02,0.022,12.011,14.027,14.027,2,2,0,0,0,0,111.0,530.0
3,1,2,3,5,4,5,18,14,18,-0.446,0.713,-0.446,15.9994,14.0067,15.9994,3,1,0,2,0,0,124.0,730.0
3,1,2,4,5,4,0,18,14,0,-0.446,0.713,0.074,15.9994,14.0067,12.011,3,1,0,2,0,0,120.0,780.0
3,3,2,4,5,4,0,18,14,0,-0.446,0.713,0.074,15.9994,14.0067,12.011,3,1,0,2,0,0,120.0,780.0
3,2,4,5,4,0,0,14,0,0,0.713,0.074,-0.263,14.0067,12.011,12.011,3,2,0,0,1,0,120.0,560.0
3,2,4,14,4,0,0,14,0,0,0.713,0.074,-0.319,14.0067,12.011,12.011,3,2,0,0,1,0,120.0,560.0
3,5,4,14,0,0,0,0,0,0,-0.263,0.074,-0.319,12.011,12.011,12.011,3,2,0,0,1,0,126.0,640.0
3,4,5,6,0,0,3,0,0,9,0.074,-0.263,0.189,12.011,12.011,1.008,3,2,1,0,0,0,120.0,505.0
3,4,5,7,0,0,0,0,0,0,0.074,-0.263,-0.029,12.011,12.011,12.011,3,2,1,0,0,0,120.0,560.0
3,6,5,7,3,0,0,9,0,0,0.189,-0.263,-0.029,1.008,12.011,12.011,3,2,1,0,0,0,120.0,505.0
3,5,7,8,0,0,3,0,0,9,-0.263,-0.029,0.149,12.011,12.011,1.008,3,2,1,0,0,0,120.0,505.0
3,5,7,9,0,0,0,0,0,0,-0.263,-0.029,-0.304,12.011,12.011,12.011,3,2,1,0,0,0,120.0,560.0
3,8,7,9,3,0,0,9,0,0,0.149,-0.029,-0.304,1.008,12.011,12.011,3,2,1,0,0,0,120.0,505.0
3,7,9,10,0,0,3,0,0,9,-0.029,-0.304,0.184,12.011,12.011,1.008,3,2,1,0,0,0,120.0,505.0
3,7,9,11,0,0,0,0,0,0,-0.029,-0.304,0.416,12.011,12.011,12.011,3,2,1,0,0,0,120.0,560.0
3,10,9,11,3,0,0,9,0,0,0.184,-0.304,0.416,1.008,12.011,12.011,3,2,1,0,0,0,120.0,505.0
3,9,11,12,0,0,5,0,0,16,-0.304,0.416,-0.578,12.011,12.011,15.9994,3,2,0,1,0,0,121.0,685.0
3,9,11,14,0,0,0,0,0,0,-0.304,0.416,-0.319,12.011,12.011,12.011,3,2,0,1,0,0,120.0,560.0
3,12,11,14,5,0,0,16,0,0,-0.578,0.416,-0.319,15.9994,12.011,12.011,3,2,0,1,0,0,117.0,635.0
3,11,12,13,0,5,3,0,16,10,0.416,-0.578,0.45,12.011,15.9994,1.008,2,1,1,0,0,0,109.5,450.0
3,4,14,11,0,0,0,0,0,0,0.074,-0.319,0.416,12.011,12.011,12.011,3,2,1,0,0,0,120.0,560.0
3,4,14,15,0,0,3,0,0,9,0.074,-0.319,0.21,12.011,12.011,1.008,3,2,1,0,0,0,120.0,505.0
3,11,14,15,0,0,3,0,0,9,0.416,-0.319,0.21,12.011,12.011,1.008,3,2,1,0,0,0,120.0,505.0
5,1,2,3,3,5,0,10,16,0,0.51,-0.567,0.379,1.008,15.9994,12.011,2,1,1,0,0,0,109.5,450.0
5,2,3,4,5,0,0,16,0,0,-0.567,0.379,-0.12,15.9994,12.011,12.011,3,2,0,1,0,0,126.0,640.0
5,2,3,8,5,0,0,16,0,0,-0.567,0.379,-0.245,15.9994,12.011,12.011,3,2,0,1,0,0,117.0,635.0
5,4,3,8,0,0,0,0,0,0,-0.12,0.379,-0.245,12.011,12.011,12.011,3,2,0,1,0,0,120.0,560.0
5,3,4,5,0,0,4,0,0,14,0.379,-0.12,0.599,12.011,12.011,14.0067,3,2,0,0,1,0,120.0,560.0
5,3,4,14,0,0,0,0,0,0,0.379,-0.12,-0.109,12.011,12.011,12.011,3,2,0,0,1,0,120.0,560.0
5,5,4,14,4,0,0,14,0,0,0.599,-0.12,-0.109,14.0067,12.011,12.011,3,2,0,0,1,0,120.0,560.0
5,4,5,6,0,4,5,0,14,18,-0.12,0.599,-0.429,12.011,14.0067,15.9994,3,1,0,2,0,0,119.0,2211.4
5,4,5,7,0,4,5,0,14,18,-0.12,0.599,-0.429,12.011,14.0067,15.9994,3,1,0,2,0,0,119.0,2211.4
5,6,5,7,5,4,5,18,14,18,-0.429,0.599,-0.429,15.9994,14.0067,15.9994,3,1,0,2,0,0,119.0,3925.78
5,3,8,9,0,0,3,0,0,9,0.379,-0.245,0.178,12.011,12.011,1.008,3,2,1,0,0,0,120.0,505.0
5,3,8,10,0,0,0,0,0,0,0.379,-0.245,-0.06,12.011,12.011,12.011,3,2,1,0,0,0,120.0,560.0
5,9,8,10,3,0,0,9,0,0,0.178,-0.245,-0.06,1.008,12.011,12.011,3,2,1,0,0,0,120.0,505.0
5,8,10,11,0,0,3,0,0,9,-0.245,-0.06,0.146,12.011,12.011,1.008,3,2,1,0,0,0,120.0,505.0
5,8,10,12,0,0,0,0,0,0,-0.245,-0.06,-0.153,12.011,12.011,12.011,3,2,1,0,0,0,120.0,560.0
5,11,10,12,3,0,0,9,0,0,0.146,-0.06,-0.153,1.008,12.011,12.011,3,2,1,0,0,0,120.0,505.0
5,10,12,13,0,0,3,0,0,9,-0.06,-0.153,0.149,12.011,12.011,1.008,3,2,1,0,0,0,120.0,505.0
5,10,12,14,0,0,0,0,0,0,-0.06,-0.153,-0.109,12.011,12.011,12.011,3,2,1,0,0,0,120.0,560.0
5,13,12,14,3,0,0,9,0,0,0.149,-0.153,-0.109,1.008,12.011,12.011,3,2,1,0,0,0,120.0,505.0
5,4,14,12,0,0,0,0,0,0,-0.12,-0.109,-0.153,12.011,12.011,12.011,3,2,1,0,0,0,120.0,560.0
5,4,14,15,0,0,3,0,0,9,-0.12,-0.109,0.151,12.011,12.011,1.008,3,2,1,0,0,0,120.0,505.0
5,12,14,15,0,0,3,0,0,9,-0.153,-0.109,0.151,12.011,12.011,1.008,3,2,1,0,0,0,120.0,505.0
0,1,2,3,3,5,0,8,15,0,0.448,-0.608,0.403,1.008,15.9994,12.011,2,1,1,0,0,0,109.5,450.0
0,2,3,4,5,0,0,15,0,0,-0.608,0.403,-0.319,15.9994,12.011,12.011,3,2,0,1,0,0,117.0,635.0
0,2,3,11,5,0,0,15,0,0,-0.608,0.403,-0.319,15.9994,12.011,12.011,3,2,0,1,0,0,117.0,635.0
0,4,3,11,0,0,0,0,0,0,-0.319,0.403,-0.319,12.011,12.011,12.011,3,2,0,1,0,0,120.0,560.0
0,3,4,5,0,0,3,0,0,9,0.403,-0.319,0.171,12.011,12.011,1.008,3,2,1,0,0,0,120.0,505.0
0,3,4,6,0,0,0,0,0,0,0.403,-0.319,-0.126,12.011,12.011,12.011,3,2,1,0,0,0,120.0,560.0
0,5,4,6,3,0,0,9,0,0,0.171,-0.319,-0.126,1.008,12.011,12.011,3,2,1,0,0,0,120.0,505.0
0,4,6,7,0,0,3,0,0,9,-0.319,-0.126,0.131,12.011,12.011,1.008,3,2,1,0,0,0,120.0,505.0
0,4,6,8,0,0,0,0,0,0,-0.319,-0.126,-0.065,12.011,12.011,12.011,3,2,1,0,0,0,120.0,560.0
0,7,6,8,3,0,0,9,0,0,0.131,-0.126,-0.065,1.008,12.011,12.011,3,2,1,0,0,0,120.0,505.0
0,6,8,9,0,0,0,0,0,0,-0.126,-0.065,-0.126,12.011,12.011,12.011,3,3,0,0,0,0,120.0,560.0
0,6,8,13,0,0,0,0,0,0,-0.126,-0.065,0.446,12.011,12.011,12.011,3,3,0,0,0,0,120.0,560.0
0,9,8,13,0,0,0,0,0,0,-0.126,-0.065,0.446,12.011,12.011,12.011,3,3,0,0,0,0,120.0,560.0
0,8,9,10,0,0,3,0,0,9,-0.065,-0.126,0.131,12.011,12.011,1.008,3,2,1,0,0,0,120.0,505.0
0,8,9,11,0,0,0,0,0,0,-0.065,-0.126,-0.319,12.011,12.011,12.011,3,2,1,0,0,0,120.0,560.0
0,10,9,11,3,0,0,9,0,0,0.131,-0.126,-0.319,1.008,12.011,12.011,3,2,1,0,0,0,120.0,505.0
0,3,11,9,0,0,0,0,0,0,0.403,-0.319,-0.126,12.011,12.011,12.011,3,2,1,0,0,0,120.0,560.0
0,3,11,12,0,0,3,0,0,9,0.403,-0.319,0.171,12.011,12.011,1.008,3,2,1,0,0,0,120.0,505.0
0,9,11,12,0,0,3,0,0,9,-0.126,-0.319,0.171,12.011,12.011,1.008,3,2,1,0,0,0,120.0,505.0
0,8,13,14,0,0,0,0,0,0,-0.065,0.446,-0.397,12.011,12.011,12.011,4,4,0,0,0,0,111.0,530.0
0,8,13,18,0,0,0,0,0,0,-0.065,0.446,-0.397,12.011,12.011,12.011,4,4,0,0,0,0,111.0,530.0
0,8,13,22,0,0,0,0,0,0,-0.065,0.446,-0.065,12.011,12.011,12.011,4,4,0,0,0,0,109.5,520.0
0,14,13,18,0,0,0,0,0,0,-0.397,0.446,-0.397,12.011,12.011,12.011,4,4,0,0,0,0,109.5,520.0
0,14,13,22,0,0,0,0,0,0,-0.397,0.446,-0.065,12.011,12.011,12.011,4,4,0,0,0,0,111.0,530.0
0,18,13,22,0,0,0,0,0,0,-0.397,0.446,-0.065,12.011,12.011,12.011,4,4,0,0,0,0,111.0,530.0
0,13,14,15,0,0,3,0,0,9,0.446,-0.397,0.094,12.011,12.011,1.008,4,1,3,0,0,0,109.5,448.0
0,13,14,16,0,0,3,0,0,9,0.446,-0.397,0.094,12.011,12.011,1.008,4,1,3,0,0,0,109.5,448.0
0,13,14,17,0,0,3,0,0,9,0.446,-0.397,0.094,12.011,12.011,1.008,4,1,3,0,0,0,109.5,448.0
0,15,14,16,3,0,3,9,0,9,0.094,-0.397,0.094,1.008,12.011,1.008,4,1,3,0,0,0,107.6,507.0
0,15,14,17,3,0,3,9,0,9,0.094,-0.397,0.094,1.008,12.011,1.008,4,1,3,0,0,0,107.6,507.0
0,16,14,17,3,0,3,9,0,9,0.094,-0.397,0.094,1.008,12.011,1.008,4,1,3,0,0,0,107.6,507.0
0,13,18,19,0,0,3,0,0,9,0.446,-0.397,0.094,12.011,12.011,1.008,4,1,3,0,0,0,109.5,448.0
0,13,18,20,0,0,3,0,0,9,0.446,-0.397,0.094,12.011,12.011,1.008,4,1,3,0,0,0,109.5,448.0
0,13,18,21,0,0,3,0,0,9,0.446,-0.397,0.094,12.011,12.011,1.008,4,1,3,0,0,0,109.5,448.0
0,19,18,20,3,0,3,9,0,9,0.094,-0.397,0.094,1.008,12.011,1.008,4,1,3,0,0,0,107.6,507.0
0,19,18,21,3,0,3,9,0,9,0.094,-0.397,0.094,1.008,12.011,1.008,4,1,3,0,0,0,107.6,507.0
0,20,18,21,3,0,3,9,0,9,0.094,-0.397,0.094,1.008,12.011,1.008,4,1,3,0,0,0,107.6,507.0
0,13,22,23,0,0,0,0,0,0,0.446,-0.065,-0.126,12.011,12.011,12.011,3,3,0,0,0,0,120.0,560.0
0,13,22,32,0,0,0,0,0,0,0.446,-0.065,-0.126,12.011,12.011,12.011,3,3,0,0,0,0,120.0,560.0
0,23,22,32,0,0,0,0,0,0,-0.126,-0.065,-0.126,12.011,12.011,12.011,3,3,0,0,0,0,120.0,560.0
0,22,23,24,0,0,3,0,0,9,-0.065,-0.126,0.131,12.011,12.011,1.008,3,2,1,0,0,0,120.0,505.0
0,22,23,25,0,0,0,0,0,0,-0.065,-0.126,-0.319,12.011,12.011,12.011,3,2,1,0,0,0,120.0,560.0
0,24,23,25,3,0,0,9,0,0,0.131,-0.126,-0.319,1.008,12.011,12.011,3,2,1,0,0,0,120.0,505.0
0,23,25,26,0,0,3,0,0,9,-0.126,-0.319,0.171,12.011,12.011,1.008,3,2,1,0,0,0,120.0,505.0
0,23,25,27,0,0,0,0,0,0,-0.126,-0.319,0.403,12.011,12.011,12.011,3,2,1,0,0,0,120.0,560.0
0,26,25,27,3,0,0,9,0,0,0.171,-0.319,0.403,1.008,12.011,12.011,3,2,1,0,0,0,120.0,505.0
0,25,27,28,0,0,5,0,0,15,-0.319,0.403,-0.608,12.011,12.011,15.9994,3,2,0,1,0,0,117.0,635.0
0,25,27,30,0,0,0,0,0,0,-0.319,0.403,-0.319,12.011,12.011,12.011,3,2,0,1,0,0,120.0,560.0
0,28,27,30,5,0,0,15,0,0,-0.608,0.403,-0.319,15.9994,12.011,12.011,3,2,0,1,0,0,117.0,635.0
0,27,28,29,0,5,3,0,15,8,0.403,-0.608,0.448,12.011,15.9994,1.008,2,1,1,0,0,0,109.5,450.0
0,27,30,31,0,0,3,0,0,9,0.403,-0.319,0.171,12.011,12.011,1.008,3,2,1,0,0,0,120.0,505.0
0,27,30,32,0,0,0,0,0,0,0.403,-0.319,-0.126,12.011,12.011,12.011,3,2,1,0,0,0,120.0,560.0
0,31,30,32,3,0,0,9,0,0,0.171,-0.319,-0.126,1.008,12.011,12.011,3,2,1,0,0,0,120.0,505.0
0,22,32,30,0,0,0,0,0,0,-0.065,-0.126,-0.319,12.011,12.011,12.011,3,2,1,0,0,0,120.0,560.0
0,22,32,33,0,0,3,0,0,9,-0.065,-0.126,0.131,12.011,12.011,1.008,3,2,1,0,0,0,120.0,505.0
0,30,32,33,0,0,3,0,0,9,-0.319,-0.126,0.131,12.011,12.011,1.008,3,2,1,0,0,0,120.0,505.0
2,1,2,3,3,0,0,9,0,0,0.142,-0.022,-0.32,1.008,12.011,12.011,3,2,1,0,0,0,120.0,505.0
2,1,2,19,3,0,0,9,0,0,0.142,-0.022,-0.022,1.008,12.011,12.011,3,2,1,0,0,0,120.0,505.0
2,3,2,19,0,0,0,0,0,0,-0.32,-0.022,-0.022,12.011,12.011,12.011,3,2,1,0,0,0,120.0,560.0
2,2,3,4,0,0,3,0,0,9,-0.022,-0.32,0.212,12.011,12.011,1.008,3,2,1,0,0,0,120.0,505.0
2,2,3,5,0,0,0,0,0,0,-0.022,-0.32,0.27,12.011,12.011,12.011,3,2,1,0,0,0,120.0,560.0
2,4,3,5,3,0,0,9,0,0,0.212,-0.32,0.27,1.008,12.011,12.011,3,2,1,0,0,0,120.0,505.0
2,3,5,6,0,0,4,0,0,11,-0.32,0.27,-0.575,12.011,12.011,14.0067,3,2,0,0,1,0,120.0,560.0
2,3,5,16,0,0,0,0,0,0,-0.32,0.27,0.119,12.011,12.011,12.011,3,2,0,0,1,0,120.0,560.0
2,6,5,16,4,0,0,11,0,0,-0.575,0.27,0.119,14.0067,12.011,12.011,3,2,0,0,1,0,120.0,560.0
2,5,6,7,0,4,3,0,11,8,0.27,-0.575,0.383,12.011,14.0067,1.008,3,2,1,0,0,0,120.0,390.0
2,5,6,8,0,4,0,0,11,0,0.27,-0.575,0.82,12.011,14.0067,12.011,3,2,1,0,0,0,124.0,730.0
2,7,6,8,3,4,0,8,11,0,0.383,-0.575,0.82,1.008,14.0067,12.011,3,2,1,0,0,0,115.0,460.0
2,6,8,9,4,0,5,11,0,17,-0.575,0.82,-0.591,14.0067,12.011,15.9994,3,0,0,2,1,0,124.0,730.0
2,6,8,10,4,0,5,11,0,17,-0.575,0.82,-0.37,14.0067,12.011,15.9994,3,0,0,2,1,0,119.0,2211.4
2,9,8,10,5,0,5,17,0,17,-0.591,0.82,-0.37,15.9994,12.011,15.9994,3,0,0,2,1,0,124.0,730.0
2,8,10,11,0,5,0,0,17,0,0.82,-0.37,0.04,12.011,15.9994,12.011,2,2,0,0,0,0,124.0,3074.03
2,10,11,12,5,0,0,17,0,0,-0.37,0.04,0.367,15.9994,12.011,12.011,4,3,0,1,0,0,109.5,520.0
2,10,11,16,5,0,0,17,0,0,-0.37,0.04,0.119,15.9994,12.011,12.011,4,3,0,1,0,0,111.0,530.0
2,10,11,21,5,0,0,17,0,0,-0.37,0.04,-0.05,15.9994,12.011,12.011,4,3,0,1,0,0,109.5,520.0
2,12,11,16,0,0,0,0,0,0,0.367,0.04,0.119,12.011,12.011,12.011,4,3,0,1,0,0,109.5,520.0
2,12,11,21,0,0,0,0,0,0,0.367,0.04,-0.05,12.011,12.011,12.011,4,3,0,1,0,0,109.5,520.0
2,16,11,21,0,0,0,0,0,0,0.119,0.04,-0.05,12.011,12.011,12.011,4,3,0,1,0,0,111.0,530.0
2,11,12,13,0,0,2,0,0,7,0.04,0.367,-0.129,12.011,12.011,18.9984,4,1,0,0,0,0,109.0,1680.51
2,11,12,14,0,0,2,0,0,7,0.04,0.367,-0.129,12.011,12.011,18.9984,4,1,0,0,0,0,109.0,1680.51
2,11,12,15,0,0,2,0,0,7,0.04,0.367,-0.129,12.011,12.011,18.9984,4,1,0,0,0,0,109.0,1680.51
2,13,12,14,2,0,2,7,0,7,-0.129,0.367,-0.129,18.9984,12.011,18.9984,4,1,0,0,0,0,109.0,1680.51
2,13,12,15,2,0,2,7,0,7,-0.129,0.367,-0.129,18.9984,12.011,18.9984,4,1,0,0,0,0,109.0,1680.51
2,14,12,15,2,0,2,7,0,7,-0.129,0.367,-0.129,18.9984,12.011,18.9984,4,1,0,0,0,0,109.0,1680.51
2,5,16,11,0,0,0,0,0,0,0.27,0.119,0.04,12.011,12.011,12.011,3,3,0,0,0,0,120.0,560.0
2,5,16,17,0,0,0,0,0,0,0.27,0.119,-0.195,12.011,12.011,12.011,3,3,0,0,0,0,120.0,560.0
2,11,16,17,0,0,0,0,0,0,0.04,0.119,-0.195,12.011,12.011,12.011,3,3,0,0,0,0,120.0,560.0
2,16,17,18,0,0,3,0,0,9,0.119,-0.195,0.198,12.011,12.011,1.008,3,2,1,0,0,0,120.0,505.0
2,16,17,19,0,0,0,0,0,0,0.119,-0.195,-0.022,12.011,12.011,12.011,3,2,1,0,0,0,120.0,560.0
2,18,17,19,3,0,0,9,0,0,0.198,-0.195,-0.022,1.008,12.011,12.011,3,2,1,0,0,0,120.0,505.0
2,2,19,17,0,0,0,0,0,0,-0.022,-0.022,-0.195,12.011,12.011,12.011,3,3,0,0,0,0,120.0,560.0
2,2,19,20,0,0,0,0,0,5,-0.022,-0.022,-0.11,12.011,12.011,35.453,3,3,0,0,0,0,120.0,560.0
2,17,19,20,0,0,0,0,0,5,-0.195,-0.022,-0.11,12.011,12.011,35.453,3,3,0,0,0,0,120.0,560.0
2,11,21,22,0,0,0,0,0,0,0.04,-0.05,-0.104,12.011,12.011,12.011,2,2,0,0,0,0,180.0,500.0
2,21,22,23,0,0,0,0,0,0,-0.05,-0.104,-0.023,12.011,12.011,12.011,2,2,0,0,0,0,180.0,500.0
2,22,23,24,0,0,3,0,0,9,-0.104,-0.023,0.156,12.011,12.011,1.008,4,3,1,0,0,0,115.0,460.0
2,22,23,25,0,0,0,0,0,0,-0.104,-0.023,-0.273,12.011,12.011,12.011,4,3,1,0,0,0,120.0,560.0
2,22,23,28,0,0,0,0,0,0,-0.104,-0.023,-0.256,12.011,12.011,12.011,4,3,1,0,0,0,120.0,560.0
2,24,23,25,3,0,0,9,0,0,0.156,-0.023,-0.273,1.008,12.011,12.011,4,3,1,0,0,0,120.0,505.0
2,24,23,28,3,0,0,9,0,0,0.156,-0.023,-0.256,1.008,12.011,12.011,4,3,1,0,0,0,120.0,505.0
2,25,23,28,0,0,0,0,0,0,-0.273,-0.023,-0.256,12.011,12.011,12.011,4,3,1,0,0,0,60.0,1468.18
2,23,25,26,0,0,3,0,0,9,-0.023,-0.273,0.149,12.011,12.011,1.008,4,2,2,0,0,0,120.0,505.0
2,23,25,27,0,0,3,0,0,9,-0.023,-0.273,0.15,12.011,12.011,1.008,4,2,2,0,0,0,120.0,505.0
2,23,25,28,0,0,0,0,0,0,-0.023,-0.273,-0.256,12.011,12.011,12.011,4,2,2,0,0,0,61.0,2354.7
2,26,25,27,3,0,3,9,0,9,0.149,-0.273,0.15,1.008,12.011,1.008,4,2,2,0,0,0,115.0,460.0
2,26,25,28,3,0,0,9,0,0,0.149,-0.273,-0.256,1.008,12.011,12.011,4,2,2,0,0,0,120.0,505.0
2,27,25,28,3,0,0,9,0,0,0.15,-0.273,-0.256,1.008,12.011,12.011,4,2,2,0,0,0,120.0,505.0
2,23,28,25,0,0,0,0,0,0,-0.023,-0.256,-0.273,12.011,12.011,12.011,4,2,2,0,0,0,61.0,2354.7
2,23,28,29,0,0,3,0,0,9,-0.023,-0.256,0.15,12.011,12.011,1.008,4,2,2,0,0,0,120.0,505.0
2,23,28,30,0,0,3,0,0,9,-0.023,-0.256,0.142,12.011,12.011,1.008,4,2,2,0,0,0,120.0,505.0
2,25,28,29,0,0,3,0,0,9,-0.273,-0.256,0.15,12.011,12.011,1.008,4,2,2,0,0,0,120.0,505.0
2,25,28,30,0,0,3,0,0,9,-0.273,-0.256,0.142,12.011,12.011,1.008,4,2,2,0,0,0,120.0,505.0
2,29,28,30,3,0,3,9,0,9,0.15,-0.256,0.142,1.008,12.011,1.008,4,2,2,0,0,0,115.0,460.0
6,1,2,3,5,4,5,18,14,18,-0.44,0.644,-0.44,15.9994,14.0067,15.9994,3,1,0,2,0,0,124.0,730.0
6,1,2,4,5,4,0,18,14,0,-0.44,0.644,0.022,15.9994,14.0067,12.011,3,1,0,2,0,0,117.2,636.0
6,3,2,4,5,4,0,18,14,0,-0.44,0.644,0.022,15.9994,14.0067,12.011,3,1,0,2,0,0,117.2,636.0
6,2,4,5,4,0,0,14,0,0,0.644,0.022,-0.129,14.0067,12.011,12.011,3,2,0,0,1,0,120.0,560.0
6,2,4,14,4,0,0,14,0,0,0.644,0.022,-0.129,14.0067,12.011,12.011,3,2,0,0,1,0,120.0,560.0
6,5,4,14,0,0,0,0,0,0,-0.129,0.022,-0.129,12.011,12.011,12.011,3,2,0,0,1,0,120.0,560.0
6,4,5,6,0,0,3,0,0,9,0.022,-0.129,0.163,12.011,12.011,1.008,3,2,1,0,0,0,120.0,505.0
6,4,5,7,0,0,0,0,0,0,0.022,-0.129,-0.259,12.011,12.011,12.011,3,2,1,0,0,0,120.0,560.0
6,6,5,7,3,0,0,9,0,0,0.163,-0.129,-0.259,1.008,12.011,12.011,3,2,1,0,0,0,120.0,505.0
6,5,7,8,0,0,3,0,0,9,-0.129,-0.259,0.178,12.011,12.011,1.008,3,2,1,0,0,0,120.0,505.0
6,5,7,9,0,0,0,0,0,0,-0.129,-0.259,0.422,12.011,12.011,12.011,3,2,1,0,0,0,120.0,560.0
6,8,7,9,3,0,0,9,0,0,0.178,-0.259,0.422,1.008,12.011,12.011,3,2,1,0,0,0,120.0,505.0
6,7,9,10,0,0,5,0,0,16,-0.259,0.422,-0.576,12.011,12.011,15.9994,3,2,0,1,0,0,117.0,635.0
6,7,9,12,0,0,0,0,0,0,-0.259,0.422,-0.259,12.011,12.011,12.011,3,2,0,1,0,0,120.0,560.0
6,10,9,12,5,0,0,16,0,0,-0.576,0.422,-0.259,15.9994,12.011,12.011,3,2,0,1,0,0,117.0,635.0
6,9,10,11,0,5,3,0,16,10,0.422,-0.576,0.462,12.011,15.9994,1.008,2,1,1,0,0,0,109.5,450.0
6,9,12,13,0,0,3,0,0,9,0.422,-0.259,0.178,12.011,12.011,1.008,3,2,1,0,0,0,120.0,505.0
6,9,12,14,0,0,0,0,0,0,0.422,-0.259,-0.129,12.011,12.011,12.011,3,2,1,0,0,0,120.0,560.0
6,13,12,14,3,0,0,9,0,0,0.178,-0.259,-0.129,1.008,12.011,12.011,3,2,1,0,0,0,120.0,505.0
6,4,14,12,0,0,0,0,0,0,0.022,-0.129,-0.259,12.011,12.011,12.011,3,2,1,0,0,0,120.0,560.0
6,4,14,15,0,0,3,0,0,9,0.022,-0.129,0.163,12.011,12.011,1.008,3,2,1,0,0,0,120.0,505.0
6,12,14,15,0,0,3,0,0,9,-0.259,-0.129,0.163,12.011,12.011,1.008,3,2,1,0,0,0,120.0,505.0
7,1,2,3,3,4,3,10,13,10,0.331,-0.455,0.331,1.008,14.0067,1.008,3,1,2,0,0,0,120.0,445.0
7,1,2,4,3,4,0,10,13,0,0.331,-0.455,0.075,1.008,14.0067,12.011,3,1,2,0,0,0,120.0,390.0
7,3,2,4,3,4,0,10,13,0,0.331,-0.455,0.075,1.008,14.0067,12.011,3,1,2,0,0,0,120.0,390.0
7,2,4,5,4,0,6,13,0,19,-0.455,0.075,-0.539,14.0067,12.011,32.06,3,0,0,0,2,1,124.0,3074.03
7,2,4,6,4,0,4,13,0,12,-0.455,0.075,0.113,14.0067,12.011,14.0067,3,0,0,0,2,1,120.0,560.0
7,5,4,6,6,0,4,19,0,12,-0.539,0.075,0.113,32.06,12.011,14.0067,3,0,0,0,2,1,119.0,2211.4
7,4,6,7,0,4,3,0,12,10,0.075,0.113,0.193,12.011,14.0067,1.008,3,1,1,0,1,0,116.0,465.0
7,4,6,8,0,4,4,0,12,12,0.075,0.113,-0.256,12.011,14.0067,14.0067,3,1,1,0,1,0,119.0,2211.4
7,7,6,8,3,4,4,10,12,12,0.193,0.113,-0.256,1.008,14.0067,14.0067,3,1,1,0,1,0,121.0,685.0
7,6,8,9,4,4,0,12,12,0,0.113,-0.256,-0.001,14.0067,14.0067,12.011,2,1,0,0,1,0,119.0,2211.4
7,8,9,10,4,0,3,12,0,9,-0.256,-0.001,0.158,14.0067,12.011,1.008,3,1,1,0,1,0,120.0,505.0
7,8,9,11,4,0,0,12,0,1,-0.256,-0.001,0.039,14.0067,12.011,12.011,3,1,1,0,1,0,120.0,560.0
7,10,9,11,3,0,0,9,0,1,0.158,-0.001,0.039,1.008,12.011,12.011,3,1,1,0,1,0,120.0,505.0
7,9,11,12,0,0,0,0,1,1,-0.001,0.039,-0.143,12.011,12.011,12.011,3,3,0,0,0,0,120.0,560.0
7,9,11,20,0,0,0,0,1,1,-0.001,0.039,-0.018,12.011,12.011,12.011,3,3,0,0,0,0,120.0,560.0
7,12,11,20,0,0,0,1,1,1,-0.143,0.039,-0.018,12.011,12.011,12.011,3,3,0,0,0,0,120.0,560.0
7,11,12,13,0,0,3,1,1,9,0.039,-0.143,0.134,12.011,12.011,1.008,3,2,1,0,0,0,120.0,505.0
7,11,12,14,0,0,0,1,1,1,0.039,-0.143,-0.142,12.011,12.011,12.011,3,2,1,0,0,0,120.0,560.0
7,13,12,14,3,0,0,9,1,1,0.134,-0.143,-0.142,1.008,12.011,12.011,3,2,1,0,0,0,120.0,505.0
7,12,14,15,0,0,3,1,1,9,-0.143,-0.142,0.154,12.011,12.011,1.008,3,2,1,0,0,0,120.0,505.0
7,12,14,16,0,0,0,1,1,1,-0.143,-0.142,-0.053,12.011,12.011,12.011,3,2,1,0,0,0,120.0,560.0
7,15,14,16,3,0,0,9,1,1,0.154,-0.142,-0.053,1.008,12.011,12.011,3,2,1,0,0,0,120.0,505.0
7,14,16,17,0,0,3,1,1,9,-0.142,-0.053,0.129,12.011,12.011,1.008,3,2,1,0,0,0,120.0,505.0
7,14,16,18,0,0,0,1,1,1,-0.142,-0.053,-0.022,12.011,12.011,12.011,3,2,1,0,0,0,120.0,560.0
7,17,16,18,3,0,0,9,1,1,0.129,-0.053,-0.022,1.008,12.011,12.011,3,2,1,0,0,0,120.0,505.0
7,16,18,19,0,0,1,1,1,6,-0.053,-0.022,-0.119,12.011,12.011,35.453,3,2,0,0,0,0,120.0,560.0
7,16,18,20,0,0,0,1,1,1,-0.053,-0.022,-0.018,12.011,12.011,12.011,3,2,0,0,0,0,120.0,560.0
7,19,18,20,1,0,0,6,1,1,-0.119,-0.022,-0.018,35.453,12.011,12.011,3,2,0,0,0,0,120.0,560.0
7,11,20,18,0,0,0,1,1,1,0.039,-0.018,-0.022,12.011,12.011,12.011,3,2,1,0,0,0,120.0,560.0
7,11,20,21,0,0,3,1,1,9,0.039,-0.018,0.091,12.011,12.011,1.008,3,2,1,0,0,0,120.0,505.0
7,18,20,21,0,0,3,1,1,9,-0.022,-0.018,0.091,12.011,12.011,1.008,3,2,1,0,0,0,120.0,505.0
1,1,2,3,3,0,3,9,0,9,0.11,-0.24,0.11,1.008,12.011,1.008,4,1,3,0,0,0,109.0,1680.51
1,1,2,4,3,0,3,9,0,9,0.11,-0.24,0.11,1.008,12.011,1.008,4,1,3,0,0,0,109.0,1680.51
1,1,2,5,3,0,0,9,0,0,0.11,-0.24,0.29,1.008,12.011,12.011,4,1,3,0,0,0,108.53,443.0
1,3,2,4,3,0,3,9,0,9,0.11,-0.24,0.11,1.008,12.011,1.008,4,1,3,0,0,0,109.0,1680.51
1,3,2,5,3,0,0,9,0,0,0.11,-0.24,0.29,1.008,12.011,12.011,4,1,3,0,0,0,108.53,443.0
1,4,2,5,3,0,0,9,0,0,0.11,-0.24,0.29,1.008,12.011,12.011,4,1,3,0,0,0,108.53,443.0
1,2,5,6,0,0,5,0,0,15,-0.24,0.29,-0.38,12.011,12.011,15.9994,3,1,0,1,1,0,121.0,685.0
1,2,5,7,0,0,4,0,0,11,-0.24,0.29,-0.379,12.011,12.011,14.0067,3,1,0,1,1,0,115.0,610.0
1,6,5,7,5,0,4,15,0,11,-0.38,0.29,-0.379,15.9994,12.011,14.0067,3,1,0,1,1,0,124.0,730.0
1,5,7,8,0,4,3,0,11,8,0.29,-0.379,0.268,12.011,14.0067,1.008,3,2,1,0,0,0,120.0,390.0
1,5,7,9,0,4,0,0,11,0,0.29,-0.379,-0.018,12.011,14.0067,12.011,3,2,1,0,0,0,121.0,685.0
1,8,7,9,3,4,0,8,11,0,0.268,-0.379,-0.018,1.008,14.0067,12.011,3,2,1,0,0,0,120.0,390.0
1,7,9,10,4,0,3,11,0,9,-0.379,-0.018,0.143,14.0067,12.011,1.008,4,2,1,0,1,0,108.0,465.0
1,7,9,11,4,0,0,11,0,0,-0.379,-0.018,0.144,14.0067,12.011,12.011,4,2,1,0,1,0,111.0,530.0
1,7,9,26,4,0,0,11,0,0,-0.379,-0.018,-0.025,14.0067,12.011,12.011,4,2,1,0,1,0,115.0,610.0
1,10,9,11,3,0,0,9,0,0,0.143,-0.018,0.144,1.008,12.011,12.011,4,2,1,0,1,0,108.0,465.0
1,10,9,26,3,0,0,9,0,0,0.143,-0.018,-0.025,1.008,12.011,12.011,4,2,1,0,1,0,108.0,465.0
1,11,9,26,0,0,0,0,0,0,0.144,-0.018,-0.025,12.011,12.011,12.011,4,2,1,0,1,0,109.5,520.0
1,9,11,12,0,0,3,0,0,9,-0.018,0.144,0.11,12.011,12.011,1.008,4,1,1,2,0,0,113.0,545.0
1,9,11,13,0,0,5,0,0,17,-0.018,0.144,-0.268,12.011,12.011,15.9994,4,1,1,2,0,0,109.5,520.0
1,9,11,14,0,0,5,0,0,17,-0.018,0.144,-0.316,12.011,12.011,15.9994,4,1,1,2,0,0,111.0,530.0
1,12,11,13,3,0,5,9,0,17,0.11,0.144,-0.268,1.008,12.011,15.9994,4,1,1,2,0,0,111.4,532.0
1,12,11,14,3,0,5,9,0,17,0.11,0.144,-0.316,1.008,12.011,15.9994,4,1,1,2,0,0,111.0,530.0
1,13,11,14,5,0,5,17,0,17,-0.268,0.144,-0.316,15.9994,12.011,15.9994,4,1,1,2,0,0,101.0,2076.33
1,11,13,30,0,5,0,0,17,0,0.144,-0.268,-0.029,12.011,15.9994,12.011,2,2,0,0,0,0,109.5,450.0
1,11,14,15,0,5,0,0,17,0,0.144,-0.316,0.005,12.011,15.9994,12.011,2,2,0,0,0,0,109.5,450.0
1,14,15,16,5,0,3,17,0,9,-0.316,0.005,0.101,15.9994,12.011,1.008,4,2,1,1,0,0,109.6,450.0
1,14,15,17,5,0,0,17,0,0,-0.316,0.005,-0.011,15.9994,12.011,12.011,4,2,1,1,0,0,109.5,520.0
1,14,15,22,5,0,0,17,0,0,-0.316,0.005,-0.023,15.9994,12.011,12.011,4,2,1,1,0,0,109.5,520.0
1,16,15,17,3,0,0,9,0,0,0.101,0.005,-0.011,1.008,12.011,12.011,4,2,1,1,0,0,110.0,4763.46
1,16,15,22,3,0,0,9,0,0,0.101,0.005,-0.023,1.008,12.011,12.011,4,2,1,1,0,0,109.6,450.0
1,17,15,22,0,0,0,0,0,0,-0.011,0.005,-0.023,12.011,12.011,12.011,4,2,1,1,0,0,111.0,530.0
1,15,17,18,0,0,3,0,0,9,0.005,-0.011,0.077,12.011,12.011,1.008,4,1,2,1,0,0,109.5,285.0
1,15,17,19,0,0,3,0,0,9,0.005,-0.011,0.133,12.011,12.011,1.008,4,1,2,1,0,0,108.53,443.0
1,15,17,20,0,0,5,0,0,16,0.005,-0.011,-0.32,12.011,12.011,15.9994,4,1,2,1,0,0,111.0,530.0
1,18,17,19,3,0,3,9,0,9,0.077,-0.011,0.133,1.008,12.011,1.008,4,1,2,1,0,0,110.3,524.0
1,18,17,20,3,0,5,9,0,16,0.077,-0.011,-0.32,1.008,12.011,15.9994,4,1,2,1,0,0,110.3,524.0
1,19,17,20,3,0,5,9,0,16,0.133,-0.011,-0.32,1.008,12.011,15.9994,4,1,2,1,0,0,106.0,1733.55
1,17,20,21,0,5,3,0,16,8,-0.011,-0.32,0.331,12.011,15.9994,1.008,2,1,1,0,0,0,109.5,450.0
1,15,22,23,0,0,3,0,0,9,0.005,-0.023,0.108,12.011,12.011,1.008,4,2,1,1,0,0,109.6,450.0
1,15,22,24,0,0,5,0,0,16,0.005,-0.023,-0.323,12.011,12.011,15.9994,4,2,1,1,0,0,109.5,520.0
1,15,22,26,0,0,0,0,0,0,0.005,-0.023,-0.025,12.011,12.011,12.011,4,2,1,1,0,0,109.5,520.0
1,23,22,24,3,0,5,9,0,16,0.108,-0.023,-0.323,1.008,12.011,15.9994,4,2,1,1,0,0,109.6,450.0
1,23,22,26,3,0,0,9,0,0,0.108,-0.023,-0.025,1.008,12.011,12.011,4,2,1,1,0,0,110.3,524.0
1,24,22,26,5,0,0,16,0,0,-0.323,-0.023,-0.025,15.9994,12.011,12.011,4,2,1,1,0,0,109.5,520.0
1,22,24,25,0,5,3,0,16,8,-0.023,-0.323,0.225,12.011,15.9994,1.008,2,1,1,0,0,0,109.5,450.0
1,9,26,22,0,0,0,0,0,0,-0.018,-0.025,-0.023,12.011,12.011,12.011,4,2,1,1,0,0,109.5,520.0
1,9,26,27,0,0,3,0,0,9,-0.018,-0.025,0.123,12.011,12.011,1.008,4,2,1,1,0,0,111.3,632.0
1,9,26,28,0,0,5,0,0,16,-0.018,-0.025,-0.327,12.011,12.011,15.9994,4,2,1,1,0,0,111.0,530.0
1,22,26,27,0,0,3,0,0,9,-0.023,-0.025,0.123,12.011,12.011,1.008,4,2,1,1,0,0,109.5,285.0
1,22,26,28,0,0,5,0,0,16,-0.023,-0.025,-0.327,12.011,12.011,15.9994,4,2,1,1,0,0,109.5,520.0
1,27,26,28,3,0,5,9,0,16,0.123,-0.025,-0.327,1.008,12.011,15.9994,4,2,1,1,0,0,104.0,490.0
1,26,28,29,0,5,3,0,16,8,-0.025,-0.327,0.242,12.011,15.9994,1.008,2,1,1,0,0,0,109.5,450.0
1,13,30,31,5,0,3,17,0,9,-0.268,-0.029,0.137,15.9994,12.011,1.008,4,2,1,1,0,0,111.4,532.0
1,13,30,32,5,0,0,17,0,0,-0.268,-0.029,-0.014,15.9994,12.011,12.011,4,2,1,1,0,0,109.5,520.0
1,13,30,40,5,0,0,17,0,0,-0.268,-0.029,0.009,15.9994,12.011,12.011,4,2,1,1,0,0,109.5,520.0
1,31,30,32,3,0,0,9,0,0,0.137,-0.029,-0.014,1.008,12.011,12.011,4,2,1,1,0,0,110.0,4763.46
1,31,30,40,3,0,0,9,0,0,0.137,-0.029,0.009,1.008,12.011,12.011,4,2,1,1,0,0,110.0,4763.46
1,32,30,40,0,0,0,0,0,0,-0.014,-0.029,0.009,12.011,12.011,12.011,4,2,1,1,0,0,109.5,520.0
1,30,32,33,0,0,3,0,0,9,-0.029,-0.014,0.104,12.011,12.011,1.008,4,2,1,1,0,0,110.3,524.0
1,30,32,34,0,0,5,0,0,17,-0.029,-0.014,-0.32,12.011,12.011,15.9994,4,2,1,1,0,0,109.5,520.0
1,30,32,35,0,0,0,0,0,0,-0.029,-0.014,-0.015,12.011,12.011,12.011,4,2,1,1,0,0,111.0,530.0
1,33,32,34,3,0,5,9,0,17,0.104,-0.014,-0.32,1.008,12.011,15.9994,4,2,1,1,0,0,110.0,4763.46
1,33,32,35,3,0,0,9,0,0,0.104,-0.014,-0.015,1.008,12.011,12.011,4,2,1,1,0,0,109.6,450.0
1,34,32,35,5,0,0,17,0,0,-0.32,-0.014,-0.015,15.9994,12.011,12.011,4,2,1,1,0,0,109.5,520.0
1,32,34,48,0,5,0,0,17,0,-0.014,-0.32,0.133,12.011,15.9994,12.011,2,2,0,0,0,0,109.5,450.0
1,32,35,36,0,0,3,0,0,9,-0.014,-0.015,0.094,12.011,12.011,1.008,4,1,2,1,0,0,109.6,450.0
1,32,35,37,0,0,3,0,0,9,-0.014,-0.015,0.105,12.011,12.011,1.008,4,1,2,1,0,0,109.0,1680.51
1,32,35,38,0,0,5,0,0,16,-0.014,-0.015,-0.332,12.011,12.011,15.9994,4,1,2,1,0,0,111.0,530.0
1,36,35,37,3,0,3,9,0,9,0.094,-0.015,0.105,1.008,12.011,1.008,4,1,2,1,0,0,110.3,524.0
1,36,35,38,3,0,5,9,0,16,0.094,-0.015,-0.332,1.008,12.011,15.9994,4,1,2,1,0,0,110.3,524.0
1,37,35,38,3,0,5,9,0,16,0.105,-0.015,-0.332,1.008,12.011,15.9994,4,1,2,1,0,0,106.0,1733.55
1,35,38,39,0,5,3,0,16,8,-0.015,-0.332,0.27,12.011,15.9994,1.008,2,1,1,0,0,0,109.5,450.0
1,30,40,41,0,0,3,0,0,9,-0.029,0.009,0.087,12.011,12.011,1.008,4,2,1,1,0,0,109.5,285.0
1,30,40,42,0,0,5,0,0,16,-0.029,0.009,-0.323,12.011,12.011,15.9994,4,2,1,1,0,0,111.0,530.0
1,30,40,44,0,0,0,0,0,0,-0.029,0.009,0.012,12.011,12.011,12.011,4,2,1,1,0,0,109.5,520.0
1,41,40,42,3,0,5,9,0,16,0.087,0.009,-0.323,1.008,12.011,15.9994,4,2,1,1,0,0,109.0,1680.51
1,41,40,44,3,0,0,9,0,0,0.087,0.009,0.012,1.008,12.011,12.011,4,2,1,1,0,0,111.0,530.0
1,42,40,44,5,0,0,16,0,0,-0.323,0.009,0.012,15.9994,12.011,12.011,4,2,1,1,0,0,109.5,520.0
1,40,42,43,0,5,3,0,16,8,0.009,-0.323,0.227,12.011,15.9994,1.008,2,1,1,0,0,0,109.5,450.0
1,40,44,45,0,0,3,0,0,9,0.009,0.012,0.162,12.011,12.011,1.008,4,2,1,0,1,0,109.0,1680.51
1,40,44,46,0,0,4,0,0,11,0.009,0.012,-0.37,12.011,12.011,14.0067,4,2,1,0,1,0,115.0,610.0
1,40,44,48,0,0,0,0,0,0,0.009,0.012,0.133,12.011,12.011,12.011,4,2,1,0,1,0,109.5,520.0
1,45,44,46,3,0,4,9,0,11,0.162,0.012,-0.37,1.008,12.011,14.0067,4,2,1,0,1,0,108.53,443.0
1,45,44,48,3,0,0,9,0,0,0.162,0.012,0.133,1.008,12.011,12.011,4,2,1,0,1,0,108.0,465.0
1,46,44,48,4,0,0,11,0,0,-0.37,0.012,0.133,14.0067,12.011,12.011,4,2,1,0,1,0,111.0,530.0
1,44,46,47,0,4,3,0,11,8,0.012,-0.37,0.203,12.011,14.0067,1.008,3,2,1,0,0,0,116.0,465.0
1,44,46,322,0,4,0,0,11,0,0.012,-0.37,0.274,12.011,14.0067,12.011,3,2,1,0,0,0,122.0,700.0
1,47,46,322,3,4,0,8,11,0,0.203,-0.37,0.274,1.008,14.0067,12.011,3,2,1,0,0,0,120.0,390.0
1,34,48,44,5,0,0,17,0,0,-0.32,0.133,0.012,15.9994,12.011,12.011,4,1,1,2,0,0,111.0,530.0
1,34,48,49,5,0,3,17,0,9,-0.32,0.133,0.11,15.9994,12.011,1.008,4,1,1,2,0,0,110.3,524.0
1,34,48,50,5,0,5,17,0,17,-0.32,0.133,-0.25,15.9994,12.011,15.9994,4,1,1,2,0,0,101.0,2076.33
1,44,48,49,0,0,3,0,0,9,0.012,0.133,0.11,12.011,12.011,1.008,4,1,1,2,0,0,113.0,545.0
1,44,48,50,0,0,5,0,0,17,0.012,0.133,-0.25,12.011,12.011,15.9994,4,1,1,2,0,0,109.5,520.0
1,49,48,50,3,0,5,9,0,17,0.11,0.133,-0.25,1.008,12.011,15.9994,4,1,1,2,0,0,113.0,545.0
1,48,50,51,0,5,0,0,17,0,0.133,-0.25,-0.031,12.011,15.9994,12.011,2,2,0,0,0,0,109.5,450.0
1,50,51,52,5,0,3,17,0,9,-0.25,-0.031,0.131,15.9994,12.011,1.008,4,2,1,1,0,0,111.4,532.0
1,50,51,53,5,0,0,17,0,0,-0.25,-0.031,-0.014,15.9994,12.011,12.011,4,2,1,1,0,0,109.5,520.0
1,50,51,61,5,0,0,17,0,0,-0.25,-0.031,0.01,15.9994,12.011,12.011,4,2,1,1,0,0,109.5,520.0
1,52,51,53,3,0,0,9,0,0,0.131,-0.031,-0.014,1.008,12.011,12.011,4,2,1,1,0,0,110.0,4763.46
1,52,51,61,3,0,0,9,0,0,0.131,-0.031,0.01,1.008,12.011,12.011,4,2,1,1,0,0,110.0,4763.46
1,53,51,61,0,0,0,0,0,0,-0.014,-0.031,0.01,12.011,12.011,12.011,4,2,1,1,0,0,109.5,520.0
1,51,53,54,0,0,3,0,0,9,-0.031,-0.014,0.109,12.011,12.011,1.008,4,2,1,1,0,0,110.3,524.0
1,51,53,55,0,0,5,0,0,17,-0.031,-0.014,-0.322,12.011,12.011,15.9994,4,2,1,1,0,0,109.5,520.0
1,51,53,56,0,0,0,0,0,0,-0.031,-0.014,-0.019,12.011,12.011,12.011,4,2,1,1,0,0,111.0,530.0
1,54,53,55,3,0,5,9,0,17,0.109,-0.014,-0.322,1.008,12.011,15.9994,4,2,1,1,0,0,110.0,4763.46
1,54,53,56,3,0,0,9,0,0,0.109,-0.014,-0.019,1.008,12.011,12.011,4,2,1,1,0,0,109.6,450.0
1,55,53,56,5,0,0,17,0,0,-0.322,-0.014,-0.019,15.9994,12.011,12.011,4,2,1,1,0,0,109.5,520.0
1,53,55,69,0,5,0,0,17,0,-0.014,-0.322,0.133,12.011,15.9994,12.011,2,2,0,0,0,0,109.5,450.0
1,53,56,57,0,0,3,0,0,9,-0.014,-0.019,0.092,12.011,12.011,1.008,4,1,2,1,0,0,109.6,450.0
1,53,56,58,0,0,3,0,0,9,-0.014,-0.019,0.117,12.011,12.011,1.008,4,1,2,1,0,0,109.0,1680.51
1,53,56,59,0,0,5,0,0,16,-0.014,-0.019,-0.334,12.011,12.011,15.9994,4,1,2,1,0,0,111.0,530.0
1,57,56,58,3,0,3,9,0,9,0.092,-0.019,0.117,1.008,12.011,1.008,4,1,2,1,0,0,110.3,524.0
1,57,56,59,3,0,5,9,0,16,0.092,-0.019,-0.334,1.008,12.011,15.9994,4,1,2,1,0,0,110.3,524.0
1,58,56,59,3,0,5,9,0,16,0.117,-0.019,-0.334,1.008,12.011,15.9994,4,1,2,1,0,0,106.0,1733.55
1,56,59,60,0,5,3,0,16,8,-0.019,-0.334,0.271,12.011,15.9994,1.008,2,1,1,0,0,0,109.5,450.0
1,51,61,62,0,0,3,0,0,9,-0.031,0.01,0.092,12.011,12.011,1.008,4,2,1,1,0,0,109.5,285.0
1,51,61,63,0,0,5,0,0,16,-0.031,0.01,-0.324,12.011,12.011,15.9994,4,2,1,1,0,0,111.0,530.0
1,51,61,65,0,0,0,0,0,0,-0.031,0.01,0.011,12.011,12.011,12.011,4,2,1,1,0,0,109.5,520.0
1,62,61,63,3,0,5,9,0,16,0.092,0.01,-0.324,1.008,12.011,15.9994,4,2,1,1,0,0,109.0,1680.51
1,62,61,65,3,0,0,9,0,0,0.092,0.01,0.011,1.008,12.011,12.011,4,2,1,1,0,0,111.0,530.0
1,63,61,65,5,0,0,16,0,0,-0.324,0.01,0.011,15.9994,12.011,12.011,4,2,1,1,0,0,109.5,520.0
1,61,63,64,0,5,3,0,16,8,0.01,-0.324,0.222,12.011,15.9994,1.008,2,1,1,0,0,0,109.5,450.0
1,61,65,66,0,0,3,0,0,9,0.01,0.011,0.161,12.011,12.011,1.008,4,2,1,0,1,0,109.0,1680.51
1,61,65,67,0,0,4,0,0,11,0.01,0.011,-0.369,12.011,12.011,14.0067,4,2,1,0,1,0,111.0,530.0
1,61,65,69,0,0,0,0,0,0,0.01,0.011,0.133,12.011,12.011,12.011,4,2,1,0,1,0,109.5,520.0
1,66,65,67,3,0,4,9,0,11,0.161,0.011,-0.369,1.008,12.011,14.0067,4,2,1,0,1,0,108.53,443.0
1,66,65,69,3,0,0,9,0,0,0.161,0.011,0.133,1.008,12.011,12.011,4,2,1,0,1,0,108.0,465.0
1,67,65,69,4,0,0,11,0,0,-0.369,0.011,0.133,14.0067,12.011,12.011,4,2,1,0,1,0,111.0,530.0
1,65,67,68,0,4,3,0,11,8,0.011,-0.369,0.204,12.011,14.0067,1.008,3,2,1,0,0,0,116.0,465.0
1,65,67,316,0,4,0,0,11,0,0.011,-0.369,0.277,12.011,14.0067,12.011,3,2,1,0,0,0,122.0,700.0
1,68,67,316,3,4,0,8,11,0,0.204,-0.369,0.277,1.008,14.0067,12.011,3,2,1,0,0,0,120.0,390.0
1,55,69,65,5,0,0,17,0,0,-0.322,0.133,0.011,15.9994,12.011,12.011,4,1,1,2,0,0,111.0,530.0
1,55,69,70,5,0,3,17,0,9,-0.322,0.133,0.111,15.9994,12.011,1.008,4,1,1,2,0,0,110.3,524.0
1,55,69,71,5,0,5,17,0,17,-0.322,0.133,-0.251,15.9994,12.011,15.9994,4,1,1,2,0,0,101.0,2076.33
1,65,69,70,0,0,3,0,0,9,0.011,0.133,0.111,12.011,12.011,1.008,4,1,1,2,0,0,113.0,545.0
1,65,69,71,0,0,5,0,0,17,0.011,0.133,-0.251,12.011,12.011,15.9994,4,1,1,2,0,0,109.5,520.0
1,70,69,71,3,0,5,9,0,17,0.111,0.133,-0.251,1.008,12.011,15.9994,4,1,1,2,0,0,113.0,545.0
1,69,71,72,0,5,0,0,17,0,0.133,-0.251,-0.031,12.011,15.9994,12.011,2,2,0,0,0,0,109.5,450.0
1,71,72,73,5,0,3,17,0,9,-0.251,-0.031,0.132,15.9994,12.011,1.008,4,2,1,1,0,0,111.4,532.0
1,71,72,74,5,0,0,17,0,0,-0.251,-0.031,-0.014,15.9994,12.011,12.011,4,2,1,1,0,0,109.5,520.0
1,71,72,82,5,0,0,17,0,0,-0.251,-0.031,0.01,15.9994,12.011,12.011,4,2,1,1,0,0,109.5,520.0
1,73,72,74,3,0,0,9,0,0,0.132,-0.031,-0.014,1.008,12.011,12.011,4,2,1,1,0,0,110.0,4763.46
1,73,72,82,3,0,0,9,0,0,0.132,-0.031,0.01,1.008,12.011,12.011,4,2,1,1,0,0,110.0,4763.46
1,74,72,82,0,0,0,0,0,0,-0.014,-0.031,0.01,12.011,12.011,12.011,4,2,1,1,0,0,109.5,520.0
1,72,74,75,0,0,3,0,0,9,-0.031,-0.014,0.108,12.011,12.011,1.008,4,2,1,1,0,0,110.3,524.0
1,72,74,76,0,0,5,0,0,17,-0.031,-0.014,-0.322,12.011,12.011,15.9994,4,2,1,1,0,0,109.5,520.0
1,72,74,77,0,0,0,0,0,0,-0.031,-0.014,-0.019,12.011,12.011,12.011,4,2,1,1,0,0,111.0,530.0
1,75,74,76,3,0,5,9,0,17,0.108,-0.014,-0.322,1.008,12.011,15.9994,4,2,1,1,0,0,110.0,4763.46
1,75,74,77,3,0,0,9,0,0,0.108,-0.014,-0.019,1.008,12.011,12.011,4,2,1,1,0,0,109.6,450.0
1,76,74,77,5,0,0,17,0,0,-0.322,-0.014,-0.019,15.9994,12.011,12.011,4,2,1,1,0,0,109.5,520.0
1,74,76,90,0,5,0,0,17,0,-0.014,-0.322,0.134,12.011,15.9994,12.011,2,2,0,0,0,0,109.5,450.0
1,74,77,78,0,0,3,0,0,9,-0.014,-0.019,0.091,12.011,12.011,1.008,4,1,2,1,0,0,109.6,450.0
1,74,77,79,0,0,3,0,0,9,-0.014,-0.019,0.117,12.011,12.011,1.008,4,1,2,1,0,0,109.0,1680.51
1,74,77,80,0,0,5,0,0,16,-0.014,-0.019,-0.333,12.011,12.011,15.9994,4,1,2,1,0,0,111.0,530.0
1,78,77,79,3,0,3,9,0,9,0.091,-0.019,0.117,1.008,12.011,1.008,4,1,2,1,0,0,110.3,524.0
1,78,77,80,3,0,5,9,0,16,0.091,-0.019,-0.333,1.008,12.011,15.9994,4,1,2,1,0,0,110.3,524.0
1,79,77,80,3,0,5,9,0,16,0.117,-0.019,-0.333,1.008,12.011,15.9994,4,1,2,1,0,0,106.0,1733.55
1,77,80,81,0,5,3,0,16,8,-0.019,-0.333,0.271,12.011,15.9994,1.008,2,1,1,0,0,0,109.5,450.0
1,72,82,83,0,0,3,0,0,9,-0.031,0.01,0.091,12.011,12.011,1.008,4,2,1,1,0,0,109.5,285.0
1,72,82,84,0,0,5,0,0,16,-0.031,0.01,-0.325,12.011,12.011,15.9994,4,2,1,1,0,0,111.0,530.0
1,72,82,86,0,0,0,0,0,0,-0.031,0.01,0.011,12.011,12.011,12.011,4,2,1,1,0,0,109.5,520.0
1,83,82,84,3,0,5,9,0,16,0.091,0.01,-0.325,1.008,12.011,15.9994,4,2,1,1,0,0,109.0,1680.51
1,83,82,86,3,0,0,9,0,0,0.091,0.01,0.011,1.008,12.011,12.011,4,2,1,1,0,0,111.0,530.0
1,84,82,86,5,0,0,16,0,0,-0.325,0.01,0.011,15.9994,12.011,12.011,4,2,1,1,0,0,109.5,520.0
1,82,84,85,0,5,3,0,16,8,0.01,-0.325,0.224,12.011,15.9994,1.008,2,1,1,0,0,0,109.5,450.0
1,82,86,87,0,0,3,0,0,9,0.01,0.011,0.161,12.011,12.011,1.008,4,2,1,0,1,0,109.0,1680.51
1,82,86,88,0,0,4,0,0,11,0.01,0.011,-0.369,12.011,12.011,14.0067,4,2,1,0,1,0,111.0,530.0
1,82,86,90,0,0,0,0,0,0,0.01,0.011,0.134,12.011,12.011,12.011,4,2,1,0,1,0,109.5,520.0
1,87,86,88,3,0,4,9,0,11,0.161,0.011,-0.369,1.008,12.011,14.0067,4,2,1,0,1,0,108.53,443.0
1,87,86,90,3,0,0,9,0,0,0.161,0.011,0.134,1.008,12.011,12.011,4,2,1,0,1,0,108.0,465.0
1,88,86,90,4,0,0,11,0,0,-0.369,0.011,0.134,14.0067,12.011,12.011,4,2,1,0,1,0,111.0,530.0
1,86,88,89,0,4,3,0,11,8,0.011,-0.369,0.204,12.011,14.0067,1.008,3,2,1,0,0,0,116.0,465.0
1,86,88,310,0,4,0,0,11,0,0.011,-0.369,0.28,12.011,14.0067,12.011,3,2,1,0,0,0,122.0,700.0
1,89,88,310,3,4,0,8,11,0,0.204,-0.369,0.28,1.008,14.0067,12.011,3,2,1,0,0,0,120.0,390.0
1,76,90,86,5,0,0,17,0,0,-0.322,0.134,0.011,15.9994,12.011,12.011,4,1,1,2,0,0,111.0,530.0
1,76,90,91,5,0,3,17,0,9,-0.322,0.134,0.11,15.9994,12.011,1.008,4,1,1,2,0,0,110.3,524.0
1,76,90,92,5,0,5,17,0,17,-0.322,0.134,-0.251,15.9994,12.011,15.9994,4,1,1,2,0,0,101.0,2076.33
1,86,90,91,0,0,3,0,0,9,0.011,0.134,0.11,12.011,12.011,1.008,4,1,1,2,0,0,113.0,545.0
1,86,90,92,0,0,5,0,0,17,0.011,0.134,-0.251,12.011,12.011,15.9994,4,1,1,2,0,0,109.5,520.0
1,91,90,92,3,0,5,9,0,17,0.11,0.134,-0.251,1.008,12.011,15.9994,4,1,1,2,0,0,113.0,545.0
1,90,92,93,0,5,0,0,17,0,0.134,-0.251,-0.031,12.011,15.9994,12.011,2,2,0,0,0,0,109.5,450.0
1,92,93,94,5,0,3,17,0,9,-0.251,-0.031,0.132,15.9994,12.011,1.008,4,2,1,1,0,0,111.4,532.0
1,92,93,95,5,0,0,17,0,0,-0.251,-0.031,-0.013,15.9994,12.011,12.011,4,2,1,1,0,0,109.5,520.0
1,92,93,103,5,0,0,17,0,0,-0.251,-0.031,0.01,15.9994,12.011,12.011,4,2,1,1,0,0,109.5,520.0
1,94,93,95,3,0,0,9,0,0,0.132,-0.031,-0.013,1.008,12.011,12.011,4,2,1,1,0,0,110.0,4763.46
1,94,93,103,3,0,0,9,0,0,0.132,-0.031,0.01,1.008,12.011,12.011,4,2,1,1,0,0,110.0,4763.46
1,95,93,103,0,0,0,0,0,0,-0.013,-0.031,0.01,12.011,12.011,12.011,4,2,1,1,0,0,109.5,520.0
1,93,95,96,0,0,3,0,0,9,-0.031,-0.013,0.108,12.011,12.011,1.008,4,2,1,1,0,0,110.3,524.0
1,93,95,97,0,0,5,0,0,17,-0.031,-0.013,-0.323,12.011,12.011,15.9994,4,2,1,1,0,0,109.5,520.0
1,93,95,98,0,0,0,0,0,0,-0.031,-0.013,-0.019,12.011,12.011,12.011,4,2,1,1,0,0,111.0,530.0
1,96,95,97,3,0,5,9,0,17,0.108,-0.013,-0.323,1.008,12.011,15.9994,4,2,1,1,0,0,110.0,4763.46
1,96,95,98,3,0,0,9,0,0,0.108,-0.013,-0.019,1.008,12.011,12.011,4,2,1,1,0,0,109.6,450.0
1,97,95,98,5,0,0,17,0,0,-0.323,-0.013,-0.019,15.9994,12.011,12.011,4,2,1,1,0,0,109.5,520.0
1,95,97,111,0,5,0,0,17,0,-0.013,-0.323,0.134,12.011,15.9994,12.011,2,2,0,0,0,0,109.5,450.0
1,95,98,99,0,0,3,0,0,9,-0.013,-0.019,0.091,12.011,12.011,1.008,4,1,2,1,0,0,109.6,450.0
1,95,98,100,0,0,3,0,0,9,-0.013,-0.019,0.117,12.011,12.011,1.008,4,1,2,1,0,0,109.0,1680.51
1,95,98,101,0,0,5,0,0,16,-0.013,-0.019,-0.333,12.011,12.011,15.9994,4,1,2,1,0,0,111.0,530.0
1,99,98,100,3,0,3,9,0,9,0.091,-0.019,0.117,1.008,12.011,1.008,4,1,2,1,0,0,110.3,524.0
1,99,98,101,3,0,5,9,0,16,0.091,-0.019,-0.333,1.008,12.011,15.9994,4,1,2,1,0,0,110.3,524.0
1,100,98,101,3,0,5,9,0,16,0.117,-0.019,-0.333,1.008,12.011,15.9994,4,1,2,1,0,0,106.0,1733.55
1,98,101,102,0,5,3,0,16,8,-0.019,-0.333,0.271,12.011,15.9994,1.008,2,1,1,0,0,0,109.5,450.0
1,93,103,104,0,0,3,0,0,9,-0.031,0.01,0.092,12.011,12.011,1.008,4,2,1,1,0,0,109.0,1680.51
1,93,103,105,0,0,5,0,0,16,-0.031,0.01,-0.325,12.011,12.011,15.9994,4,2,1,1,0,0,111.0,530.0
1,93,103,107,0,0,0,0,0,0,-0.031,0.01,0.011,12.011,12.011,12.011,4,2,1,1,0,0,109.5,520.0
1,104,103,105,3,0,5,9,0,16,0.092,0.01,-0.325,1.008,12.011,15.9994,4,2,1,1,0,0,109.0,1680.51
1,104,103,107,3,0,0,9,0,0,0.092,0.01,0.011,1.008,12.011,12.011,4,2,1,1,0,0,111.0,530.0
1,105,103,107,5,0,0,16,0,0,-0.325,0.01,0.011,15.9994,12.011,12.011,4,2,1,1,0,0,109.5,520.0
1,103,105,106,0,5,3,0,16,8,0.01,-0.325,0.223,12.011,15.9994,1.008,2,1,1,0,0,0,109.5,450.0
1,103,107,108,0,0,3,0,0,9,0.01,0.011,0.161,12.011,12.011,1.008,4,2,1,0,1,0,109.0,1680.51
1,103,107,109,0,0,4,0,0,11,0.01,0.011,-0.368,12.011,12.011,14.0067,4,2,1,0,1,0,111.0,530.0
1,103,107,111,0,0,0,0,0,0,0.01,0.011,0.134,12.011,12.011,12.011,4,2,1,0,1,0,109.5,520.0
1,108,107,109,3,0,4,9,0,11,0.161,0.011,-0.368,1.008,12.011,14.0067,4,2,1,0,1,0,108.53,443.0
1,108,107,111,3,0,0,9,0,0,0.161,0.011,0.134,1.008,12.011,12.011,4,2,1,0,1,0,108.0,465.0
1,109,107,111,4,0,0,11,0,0,-0.368,0.011,0.134,14.0067,12.011,12.011,4,2,1,0,1,0,111.0,530.0
1,107,109,110,0,4,3,0,11,8,0.011,-0.368,0.203,12.011,14.0067,1.008,3,2,1,0,0,0,116.0,465.0
1,107,109,304,0,4,0,0,11,0,0.011,-0.368,0.277,12.011,14.0067,12.011,3,2,1,0,0,0,122.0,700.0
1,110,109,304,3,4,0,8,11,0,0.203,-0.368,0.277,1.008,14.0067,12.011,3,2,1,0,0,0,120.0,390.0
1,97,111,107,5,0,0,17,0,0,-0.323,0.134,0.011,15.9994,12.011,12.011,4,1,1,2,0,0,111.0,530.0
1,97,111,112,5,0,3,17,0,9,-0.323,0.134,0.11,15.9994,12.011,1.008,4,1,1,2,0,0,110.3,524.0
1,97,111,113,5,0,5,17,0,17,-0.323,0.134,-0.251,15.9994,12.011,15.9994,4,1,1,2,0,0,101.0,2076.33
1,107,111,112,0,0,3,0,0,9,0.011,0.134,0.11,12.011,12.011,1.008,4,1,1,2,0,0,113.0,545.0
1,107,111,113,0,0,5,0,0,17,0.011,0.134,-0.251,12.011,12.011,15.9994,4,1,1,2,0,0,109.5,520.0
1,112,111,113,3,0,5,9,0,17,0.11,0.134,-0.251,1.008,12.011,15.9994,4,1,1,2,0,0,113.0,545.0
1,111,113,114,0,5,0,0,17,0,0.134,-0.251,-0.031,12.011,15.9994,12.011,2,2,0,0,0,0,109.5,450.0
1,113,114,115,5,0,3,17,0,9,-0.251,-0.031,0.132,15.9994,12.011,1.008,4,2,1,1,0,0,111.4,532.0
1,113,114,116,5,0,0,17,0,0,-0.251,-0.031,-0.014,15.9994,12.011,12.011,4,2,1,1,0,0,109.5,520.0
1,113,114,124,5,0,0,17,0,0,-0.251,-0.031,0.01,15.9994,12.011,12.011,4,2,1,1,0,0,109.5,520.0
1,115,114,116,3,0,0,9,0,0,0.132,-0.031,-0.014,1.008,12.011,12.011,4,2,1,1,0,0,110.0,4763.46
1,115,114,124,3,0,0,9,0,0,0.132,-0.031,0.01,1.008,12.011,12.011,4,2,1,1,0,0,110.0,4763.46
1,116,114,124,0,0,0,0,0,0,-0.014,-0.031,0.01,12.011,12.011,12.011,4,2,1,1,0,0,109.5,520.0
1,114,116,117,0,0,3,0,0,9,-0.031,-0.014,0.108,12.011,12.011,1.008,4,2,1,1,0,0,110.3,524.0
1,114,116,118,0,0,5,0,0,17,-0.031,-0.014,-0.323,12.011,12.011,15.9994,4,2,1,1,0,0,109.5,520.0
1,114,116,119,0,0,0,0,0,0,-0.031,-0.014,-0.019,12.011,12.011,12.011,4,2,1,1,0,0,111.0,530.0
1,117,116,118,3,0,5,9,0,17,0.108,-0.014,-0.323,1.008,12.011,15.9994,4,2,1,1,0,0,110.0,4763.46
1,117,116,119,3,0,0,9,0,0,0.108,-0.014,-0.019,1.008,12.011,12.011,4,2,1,1,0,0,109.6,450.0
1,118,116,119,5,0,0,17,0,0,-0.323,-0.014,-0.019,15.9994,12.011,12.011,4,2,1,1,0,0,109.5,520.0
1,116,118,132,0,5,0,0,17,0,-0.014,-0.323,0.134,12.011,15.9994,12.011,2,2,0,0,0,0,109.5,450.0
1,116,119,120,0,0,3,0,0,9,-0.014,-0.019,0.091,12.011,12.011,1.008,4,1,2,1,0,0,109.6,450.0
1,116,119,121,0,0,3,0,0,9,-0.014,-0.019,0.117,12.011,12.011,1.008,4,1,2,1,0,0,109.0,1680.51
1,116,119,122,0,0,5,0,0,16,-0.014,-0.019,-0.332,12.011,12.011,15.9994,4,1,2,1,0,0,111.0,530.0
1,120,119,121,3,0,3,9,0,9,0.091,-0.019,0.117,1.008,12.011,1.008,4,1,2,1,0,0,110.3,524.0
1,120,119,122,3,0,5,9,0,16,0.091,-0.019,-0.332,1.008,12.011,15.9994,4,1,2,1,0,0,110.3,524.0
1,121,119,122,3,0,5,9,0,16,0.117,-0.019,-0.332,1.008,12.011,15.9994,4,1,2,1,0,0,106.0,1733.55
1,119,122,123,0,5,3,0,16,8,-0.019,-0.332,0.271,12.011,15.9994,1.008,2,1,1,0,0,0,109.5,450.0
1,114,124,125,0,0,3,0,0,9,-0.031,0.01,0.092,12.011,12.011,1.008,4,2,1,1,0,0,109.0,1680.51
1,114,124,126,0,0,5,0,0,16,-0.031,0.01,-0.325,12.011,12.011,15.9994,4,2,1,1,0,0,111.0,530.0
1,114,124,128,0,0,0,0,0,0,-0.031,0.01,0.011,12.011,12.011,12.011,4,2,1,1,0,0,109.5,520.0
1,125,124,126,3,0,5,9,0,16,0.092,0.01,-0.325,1.008,12.011,15.9994,4,2,1,1,0,0,109.0,1680.51
1,125,124,128,3,0,0,9,0,0,0.092,0.01,0.011,1.008,12.011,12.011,4,2,1,1,0,0,111.0,530.0
1,126,124,128,5,0,0,16,0,0,-0.325,0.01,0.011,15.9994,12.011,12.011,4,2,1,1,0,0,109.5,520.0
1,124,126,127,0,5,3,0,16,8,0.01,-0.325,0.223,12.011,15.9994,1.008,2,1,1,0,0,0,109.5,450.0
1,124,128,129,0,0,3,0,0,9,0.01,0.011,0.161,12.011,12.011,1.008,4,2,1,0,1,0,109.0,1680.51
1,124,128,130,0,0,4,0,0,11,0.01,0.011,-0.368,12.011,12.011,14.0067,4,2,1,0,1,0,111.0,530.0
1,124,128,132,0,0,0,0,0,0,0.01,0.011,0.134,12.011,12.011,12.011,4,2,1,0,1,0,109.5,520.0
1,129,128,130,3,0,4,9,0,11,0.161,0.011,-0.368,1.008,12.011,14.0067,4,2,1,0,1,0,108.53,443.0
1,129,128,132,3,0,0,9,0,0,0.161,0.011,0.134,1.008,12.011,12.011,4,2,1,0,1,0,108.0,465.0
1,130,128,132,4,0,0,11,0,0,-0.368,0.011,0.134,14.0067,12.011,12.011,4,2,1,0,1,0,111.0,530.0
1,128,130,131,0,4,3,0,11,8,0.011,-0.368,0.203,12.011,14.0067,1.008,3,2,1,0,0,0,116.0,465.0
1,128,130,298,0,4,0,0,11,0,0.011,-0.368,0.28,12.011,14.0067,12.011,3,2,1,0,0,0,122.0,700.0
1,131,130,298,3,4,0,8,11,0,0.203,-0.368,0.28,1.008,14.0067,12.011,3,2,1,0,0,0,120.0,390.0
1,118,132,128,5,0,0,17,0,0,-0.323,0.134,0.011,15.9994,12.011,12.011,4,1,1,2,0,0,111.0,530.0
1,118,132,133,5,0,3,17,0,9,-0.323,0.134,0.11,15.9994,12.011,1.008,4,1,1,2,0,0,110.3,524.0
1,118,132,134,5,0,5,17,0,17,-0.323,0.134,-0.251,15.9994,12.011,15.9994,4,1,1,2,0,0,101.0,2076.33
1,128,132,133,0,0,3,0,0,9,0.011,0.134,0.11,12.011,12.011,1.008,4,1,1,2,0,0,113.0,545.0
1,128,132,134,0,0,5,0,0,17,0.011,0.134,-0.251,12.011,12.011,15.9994,4,1,1,2,0,0,109.5,520.0
1,133,132,134,3,0,5,9,0,17,0.11,0.134,-0.251,1.008,12.011,15.9994,4,1,1,2,0,0,113.0,545.0
1,132,134,135,0,5,0,0,17,0,0.134,-0.251,-0.031,12.011,15.9994,12.011,2,2,0,0,0,0,109.5,450.0
1,134,135,136,5,0,3,17,0,9,-0.251,-0.031,0.132,15.9994,12.011,1.008,4,2,1,1,0,0,111.4,532.0
1,134,135,137,5,0,0,17,0,0,-0.251,-0.031,-0.014,15.9994,12.011,12.011,4,2,1,1,0,0,109.5,520.0
1,134,135,145,5,0,0,17,0,0,-0.251,-0.031,0.01,15.9994,12.011,12.011,4,2,1,1,0,0,109.5,520.0
1,136,135,137,3,0,0,9,0,0,0.132,-0.031,-0.014,1.008,12.011,12.011,4,2,1,1,0,0,110.0,4763.46
1,136,135,145,3,0,0,9,0,0,0.132,-0.031,0.01,1.008,12.011,12.011,4,2,1,1,0,0,110.0,4763.46
1,137,135,145,0,0,0,0,0,0,-0.014,-0.031,0.01,12.011,12.011,12.011,4,2,1,1,0,0,109.5,520.0
1,135,137,138,0,0,3,0,0,9,-0.031,-0.014,0.108,12.011,12.011,1.008,4,2,1,1,0,0,110.3,524.0
1,135,137,139,0,0,5,0,0,17,-0.031,-0.014,-0.323,12.011,12.011,15.9994,4,2,1,1,0,0,109.5,520.0
1,135,137,140,0,0,0,0,0,0,-0.031,-0.014,-0.019,12.011,12.011,12.011,4,2,1,1,0,0,111.0,530.0
1,138,137,139,3,0,5,9,0,17,0.108,-0.014,-0.323,1.008,12.011,15.9994,4,2,1,1,0,0,110.0,4763.46
1,138,137,140,3,0,0,9,0,0,0.108,-0.014,-0.019,1.008,12.011,12.011,4,2,1,1,0,0,109.6,450.0
1,139,137,140,5,0,0,17,0,0,-0.323,-0.014,-0.019,15.9994,12.011,12.011,4,2,1,1,0,0,109.5,520.0
1,137,139,153,0,5,0,0,17,0,-0.014,-0.323,0.134,12.011,15.9994,12.011,2,2,0,0,0,0,109.5,450.0
1,137,140,141,0,0,3,0,0,9,-0.014,-0.019,0.091,12.011,12.011,1.008,4,1,2,1,0,0,109.6,450.0
1,137,140,142,0,0,3,0,0,9,-0.014,-0.019,0.117,12.011,12.011,1.008,4,1,2,1,0,0,109.0,1680.51
1,137,140,143,0,0,5,0,0,16,-0.014,-0.019,-0.332,12.011,12.011,15.9994,4,1,2,1,0,0,111.0,530.0
1,141,140,142,3,0,3,9,0,9,0.091,-0.019,0.117,1.008,12.011,1.008,4,1,2,1,0,0,110.3,524.0
1,141,140,143,3,0,5,9,0,16,0.091,-0.019,-0.332,1.008,12.011,15.9994,4,1,2,1,0,0,110.3,524.0
1,142,140,143,3,0,5,9,0,16,0.117,-0.019,-0.332,1.008,12.011,15.9994,4,1,2,1,0,0,106.0,1733.55
1,140,143,144,0,5,3,0,16,8,-0.019,-0.332,0.271,12.011,15.9994,1.008,2,1,1,0,0,0,109.5,450.0
1,135,145,146,0,0,3,0,0,9,-0.031,0.01,0.091,12.011,12.011,1.008,4,2,1,1,0,0,109.0,1680.51
1,135,145,147,0,0,5,0,0,16,-0.031,0.01,-0.325,12.011,12.011,15.9994,4,2,1,1,0,0,111.0,530.0
1,135,145,149,0,0,0,0,0,0,-0.031,0.01,0.011,12.011,12.011,12.011,4,2,1,1,0,0,109.5,520.0
1,146,145,147,3,0,5,9,0,16,0.091,0.01,-0.325,1.008,12.011,15.9994,4,2,1,1,0,0,109.0,1680.51
1,146,145,149,3,0,0,9,0,0,0.091,0.01,0.011,1.008,12.011,12.011,4,2,1,1,0,0,111.0,530.0
1,147,145,149,5,0,0,16,0,0,-0.325,0.01,0.011,15.9994,12.011,12.011,4,2,1,1,0,0,109.5,520.0
1,145,147,148,0,5,3,0,16,8,0.01,-0.325,0.224,12.011,15.9994,1.008,2,1,1,0,0,0,109.5,450.0
1,145,149,150,0,0,3,0,0,9,0.01,0.011,0.161,12.011,12.011,1.008,4,2,1,0,1,0,109.0,1680.51
1,145,149,151,0,0,4,0,0,11,0.01,0.011,-0.368,12.011,12.011,14.0067,4,2,1,0,1,0,111.0,530.0
1,145,149,153,0,0,0,0,0,0,0.01,0.011,0.134,12.011,12.011,12.011,4,2,1,0,1,0,109.5,520.0
1,150,149,151,3,0,4,9,0,11,0.161,0.011,-0.368,1.008,12.011,14.0067,4,2,1,0,1,0,108.53,443.0
1,150,149,153,3,0,0,9,0,0,0.161,0.011,0.134,1.008,12.011,12.011,4,2,1,0,1,0,108.0,465.0
1,151,149,153,4,0,0,11,0,0,-0.368,0.011,0.134,14.0067,12.011,12.011,4,2,1,0,1,0,111.0,530.0
1,149,151,152,0,4,3,0,11,8,0.011,-0.368,0.203,12.011,14.0067,1.008,3,2,1,0,0,0,116.0,465.0
1,149,151,292,0,4,0,0,11,0,0.011,-0.368,0.28,12.011,14.0067,12.011,3,2,1,0,0,0,122.0,700.0
1,152,151,292,3,4,0,8,11,0,0.203,-0.368,0.28,1.008,14.0067,12.011,3,2,1,0,0,0,120.0,390.0
1,139,153,149,5,0,0,17,0,0,-0.323,0.134,0.011,15.9994,12.011,12.011,4,1,1,2,0,0,111.0,530.0
1,139,153,154,5,0,3,17,0,9,-0.323,0.134,0.11,15.9994,12.011,1.008,4,1,1,2,0,0,110.3,524.0
1,139,153,155,5,0,5,17,0,17,-0.323,0.134,-0.251,15.9994,12.011,15.9994,4,1,1,2,0,0,101.0,2076.33
1,149,153,154,0,0,3,0,0,9,0.011,0.134,0.11,12.011,12.011,1.008,4,1,1,2,0,0,113.0,545.0
1,149,153,155,0,0,5,0,0,17,0.011,0.134,-0.251,12.011,12.011,15.9994,4,1,1,2,0,0,109.5,520.0
1,154,153,155,3,0,5,9,0,17,0.11,0.134,-0.251,1.008,12.011,15.9994,4,1,1,2,0,0,113.0,545.0
1,153,155,156,0,5,0,0,17,0,0.134,-0.251,-0.031,12.011,15.9994,12.011,2,2,0,0,0,0,109.5,450.0
1,155,156,157,5,0,3,17,0,9,-0.251,-0.031,0.132,15.9994,12.011,1.008,4,2,1,1,0,0,111.4,532.0
1,155,156,158,5,0,0,17,0,0,-0.251,-0.031,-0.014,15.9994,12.011,12.011,4,2,1,1,0,0,109.5,520.0
1,155,156,166,5,0,0,17,0,0,-0.251,-0.031,0.01,15.9994,12.011,12.011,4,2,1,1,0,0,109.5,520.0
1,157,156,158,3,0,0,9,0,0,0.132,-0.031,-0.014,1.008,12.011,12.011,4,2,1,1,0,0,110.0,4763.46
1,157,156,166,3,0,0,9,0,0,0.132,-0.031,0.01,1.008,12.011,12.011,4,2,1,1,0,0,110.0,4763.46
1,158,156,166,0,0,0,0,0,0,-0.014,-0.031,0.01,12.011,12.011,12.011,4,2,1,1,0,0,109.5,520.0
1,156,158,159,0,0,3,0,0,9,-0.031,-0.014,0.108,12.011,12.011,1.008,4,2,1,1,0,0,110.3,524.0
1,156,158,160,0,0,5,0,0,17,-0.031,-0.014,-0.323,12.011,12.011,15.9994,4,2,1,1,0,0,109.5,520.0
1,156,158,161,0,0,0,0,0,0,-0.031,-0.014,-0.019,12.011,12.011,12.011,4,2,1,1,0,0,111.0,530.0
1,159,158,160,3,0,5,9,0,17,0.108,-0.014,-0.323,1.008,12.011,15.9994,4,2,1,1,0,0,110.0,4763.46
1,159,158,161,3,0,0,9,0,0,0.108,-0.014,-0.019,1.008,12.011,12.011,4,2,1,1,0,0,109.6,450.0
1,160,158,161,5,0,0,17,0,0,-0.323,-0.014,-0.019,15.9994,12.011,12.011,4,2,1,1,0,0,109.5,520.0
1,158,160,174,0,5,0,0,17,0,-0.014,-0.323,0.134,12.011,15.9994,12.011,2,2,0,0,0,0,109.5,450.0
1,158,161,162,0,0,3,0,0,9,-0.014,-0.019,0.091,12.011,12.011,1.008,4,1,2,1,0,0,109.6,450.0
1,158,161,163,0,0,3,0,0,9,-0.014,-0.019,0.117,12.011,12.011,1.008,4,1,2,1,0,0,109.0,1680.51
1,158,161,164,0,0,5,0,0,16,-0.014,-0.019,-0.332,12.011,12.011,15.9994,4,1,2,1,0,0,111.0,530.0
1,162,161,163,3,0,3,9,0,9,0.091,-0.019,0.117,1.008,12.011,1.008,4,1,2,1,0,0,110.3,524.0
1,162,161,164,3,0,5,9,0,16,0.091,-0.019,-0.332,1.008,12.011,15.9994,4,1,2,1,0,0,110.3,524.0
1,163,161,164,3,0,5,9,0,16,0.117,-0.019,-0.332,1.008,12.011,15.9994,4,1,2,1,0,0,106.0,1733.55
1,161,164,165,0,5,3,0,16,8,-0.019,-0.332,0.271,12.011,15.9994,1.008,2,1,1,0,0,0,109.5,450.0
1,156,166,167,0,0,3,0,0,9,-0.031,0.01,0.092,12.011,12.011,1.008,4,2,1,1,0,0,109.0,1680.51
1,156,166,168,0,0,5,0,0,16,-0.031,0.01,-0.325,12.011,12.011,15.9994,4,2,1,1,0,0,111.0,530.0
1,156,166,170,0,0,0,0,0,0,-0.031,0.01,0.011,12.011,12.011,12.011,4,2,1,1,0,0,109.5,520.0
1,167,166,168,3,0,5,9,0,16,0.092,0.01,-0.325,1.008,12.011,15.9994,4,2,1,1,0,0,109.0,1680.51
1,167,166,170,3,0,0,9,0,0,0.092,0.01,0.011,1.008,12.011,12.011,4,2,1,1,0,0,111.0,530.0
1,168,166,170,5,0,0,16,0,0,-0.325,0.01,0.011,15.9994,12.011,12.011,4,2,1,1,0,0,109.5,520.0
1,166,168,169,0,5,3,0,16,8,0.01,-0.325,0.223,12.011,15.9994,1.008,2,1,1,0,0,0,109.5,450.0
1,166,170,171,0,0,3,0,0,9,0.01,0.011,0.161,12.011,12.011,1.008,4,2,1,0,1,0,109.0,1680.51
1,166,170,172,0,0,4,0,0,11,0.01,0.011,-0.368,12.011,12.011,14.0067,4,2,1,0,1,0,111.0,530.0
1,166,170,174,0,0,0,0,0,0,0.01,0.011,0.134,12.011,12.011,12.011,4,2,1,0,1,0,109.5,520.0
1,171,170,172,3,0,4,9,0,11,0.161,0.011,-0.368,1.008,12.011,14.0067,4,2,1,0,1,0,108.53,443.0
1,171,170,174,3,0,0,9,0,0,0.161,0.011,0.134,1.008,12.011,12.011,4,2,1,0,1,0,108.0,465.0
1,172,170,174,4,0,0,11,0,0,-0.368,0.011,0.134,14.0067,12.011,12.011,4,2,1,0,1,0,111.0,530.0
1,170,172,173,0,4,3,0,11,8,0.011,-0.368,0.203,12.011,14.0067,1.008,3,2,1,0,0,0,116.0,465.0
1,170,172,286,0,4,0,0,11,0,0.011,-0.368,0.28,12.011,14.0067,12.011,3,2,1,0,0,0,122.0,700.0
1,173,172,286,3,4,0,8,11,0,0.203,-0.368,0.28,1.008,14.0067,12.011,3,2,1,0,0,0,120.0,390.0
1,160,174,170,5,0,0,17,0,0,-0.323,0.134,0.011,15.9994,12.011,12.011,4,1,1,2,0,0,111.0,530.0
1,160,174,175,5,0,3,17,0,9,-0.323,0.134,0.11,15.9994,12.011,1.008,4,1,1,2,0,0,110.3,524.0
1,160,174,176,5,0,5,17,0,17,-0.323,0.134,-0.251,15.9994,12.011,15.9994,4,1,1,2,0,0,101.0,2076.33
1,170,174,175,0,0,3,0,0,9,0.011,0.134,0.11,12.011,12.011,1.008,4,1,1,2,0,0,113.0,545.0
1,170,174,176,0,0,5,0,0,17,0.011,0.134,-0.251,12.011,12.011,15.9994,4,1,1,2,0,0,109.5,520.0
1,175,174,176,3,0,5,9,0,17,0.11,0.134,-0.251,1.008,12.011,15.9994,4,1,1,2,0,0,113.0,545.0
1,174,176,177,0,5,0,0,17,0,0.134,-0.251,-0.031,12.011,15.9994,12.011,2,2,0,0,0,0,109.5,450.0
1,176,177,178,5,0,3,17,0,9,-0.251,-0.031,0.132,15.9994,12.011,1.008,4,2,1,1,0,0,111.4,532.0
1,176,177,179,5,0,0,17,0,0,-0.251,-0.031,-0.014,15.9994,12.011,12.011,4,2,1,1,0,0,109.5,520.0
1,176,177,187,5,0,0,17,0,0,-0.251,-0.031,0.01,15.9994,12.011,12.011,4,2,1,1,0,0,109.5,520.0
1,178,177,179,3,0,0,9,0,0,0.132,-0.031,-0.014,1.008,12.011,12.011,4,2,1,1,0,0,110.0,4763.46
1,178,177,187,3,0,0,9,0,0,0.132,-0.031,0.01,1.008,12.011,12.011,4,2,1,1,0,0,110.0,4763.46
1,179,177,187,0,0,0,0,0,0,-0.014,-0.031,0.01,12.011,12.011,12.011,4,2,1,1,0,0,109.5,520.0
1,177,179,180,0,0,3,0,0,9,-0.031,-0.014,0.108,12.011,12.011,1.008,4,2,1,1,0,0,110.3,524.0
1,177,179,181,0,0,5,0,0,17,-0.031,-0.014,-0.323,12.011,12.011,15.9994,4,2,1,1,0,0,109.5,520.0
1,177,179,182,0,0,0,0,0,0,-0.031,-0.014,-0.019,12.011,12.011,12.011,4,2,1,1,0,0,111.0,530.0
1,180,179,181,3,0,5,9,0,17,0.108,-0.014,-0.323,1.008,12.011,15.9994,4,2,1,1,0,0,110.0,4763.46
1,180,179,182,3,0,0,9,0,0,0.108,-0.014,-0.019,1.008,12.011,12.011,4,2,1,1,0,0,109.6,450.0
1,181,179,182,5,0,0,17,0,0,-0.323,-0.014,-0.019,15.9994,12.011,12.011,4,2,1,1,0,0,109.5,520.0
1,179,181,195,0,5,0,0,17,0,-0.014,-0.323,0.134,12.011,15.9994,12.011,2,2,0,0,0,0,109.5,450.0
1,179,182,183,0,0,3,0,0,9,-0.014,-0.019,0.091,12.011,12.011,1.008,4,1,2,1,0,0,109.6,450.0
1,179,182,184,0,0,3,0,0,9,-0.014,-0.019,0.117,12.011,12.011,1.008,4,1,2,1,0,0,109.0,1680.51
1,179,182,185,0,0,5,0,0,16,-0.014,-0.019,-0.332,12.011,12.011,15.9994,4,1,2,1,0,0,111.0,530.0
1,183,182,184,3,0,3,9,0,9,0.091,-0.019,0.117,1.008,12.011,1.008,4,1,2,1,0,0,110.3,524.0
1,183,182,185,3,0,5,9,0,16,0.091,-0.019,-0.332,1.008,12.011,15.9994,4,1,2,1,0,0,110.3,524.0
1,184,182,185,3,0,5,9,0,16,0.117,-0.019,-0.332,1.008,12.011,15.9994,4,1,2,1,0,0,106.0,1733.55
1,182,185,186,0,5,3,0,16,8,-0.019,-0.332,0.271,12.011,15.9994,1.008,2,1,1,0,0,0,109.5,450.0
1,177,187,188,0,0,3,0,0,9,-0.031,0.01,0.092,12.011,12.011,1.008,4,2,1,1,0,0,109.0,1680.51
1,177,187,189,0,0,5,0,0,16,-0.031,0.01,-0.325,12.011,12.011,15.9994,4,2,1,1,0,0,111.0,530.0
1,177,187,191,0,0,0,0,0,0,-0.031,0.01,0.011,12.011,12.011,12.011,4,2,1,1,0,0,109.5,520.0
1,188,187,189,3,0,5,9,0,16,0.092,0.01,-0.325,1.008,12.011,15.9994,4,2,1,1,0,0,109.0,1680.51
1,188,187,191,3,0,0,9,0,0,0.092,0.01,0.011,1.008,12.011,12.011,4,2,1,1,0,0,111.0,530.0
1,189,187,191,5,0,0,16,0,0,-0.325,0.01,0.011,15.9994,12.011,12.011,4,2,1,1,0,0,109.5,520.0
1,187,189,190,0,5,3,0,16,8,0.01,-0.325,0.223,12.011,15.9994,1.008,2,1,1,0,0,0,109.5,450.0
1,187,191,192,0,0,3,0,0,9,0.01,0.011,0.161,12.011,12.011,1.008,4,2,1,0,1,0,109.0,1680.51
1,187,191,193,0,0,4,0,0,11,0.01,0.011,-0.368,12.011,12.011,14.0067,4,2,1,0,1,0,111.0,530.0
1,187,191,195,0,0,0,0,0,0,0.01,0.011,0.134,12.011,12.011,12.011,4,2,1,0,1,0,109.5,520.0
1,192,191,193,3,0,4,9,0,11,0.161,0.011,-0.368,1.008,12.011,14.0067,4,2,1,0,1,0,108.53,443.0
1,192,191,195,3,0,0,9,0,0,0.161,0.011,0.134,1.008,12.011,12.011,4,2,1,0,1,0,108.0,465.0
1,193,191,195,4,0,0,11,0,0,-0.368,0.011,0.134,14.0067,12.011,12.011,4,2,1,0,1,0,111.0,530.0
1,191,193,194,0,4,3,0,11,8,0.011,-0.368,0.204,12.011,14.0067,1.008,3,2,1,0,0,0,116.0,465.0
1,191,193,280,0,4,0,0,11,0,0.011,-0.368,0.28,12.011,14.0067,12.011,3,2,1,0,0,0,122.0,700.0
1,194,193,280,3,4,0,8,11,0,0.204,-0.368,0.28,1.008,14.0067,12.011,3,2,1,0,0,0,120.0,390.0
1,181,195,191,5,0,0,17,0,0,-0.323,0.134,0.011,15.9994,12.011,12.011,4,1,1,2,0,0,111.0,530.0
1,181,195,196,5,0,3,17,0,9,-0.323,0.134,0.11,15.9994,12.011,1.008,4,1,1,2,0,0,110.3,524.0
1,181,195,197,5,0,5,17,0,17,-0.323,0.134,-0.252,15.9994,12.011,15.9994,4,1,1,2,0,0,101.0,2076.33
1,191,195,196,0,0,3,0,0,9,0.011,0.134,0.11,12.011,12.011,1.008,4,1,1,2,0,0,113.0,545.0
1,191,195,197,0,0,5,0,0,17,0.011,0.134,-0.252,12.011,12.011,15.9994,4,1,1,2,0,0,109.5,520.0
1,196,195,197,3,0,5,9,0,17,0.11,0.134,-0.252,1.008,12.011,15.9994,4,1,1,2,0,0,113.0,545.0
1,195,197,198,0,5,0,0,17,0,0.134,-0.252,-0.031,12.011,15.9994,12.011,2,2,0,0,0,0,109.5,450.0
1,197,198,199,5,0,3,17,0,9,-0.252,-0.031,0.132,15.9994,12.011,1.008,4,2,1,1,0,0,111.4,532.0
1,197,198,200,5,0,0,17,0,0,-0.252,-0.031,-0.014,15.9994,12.011,12.011,4,2,1,1,0,0,109.5,520.0
1,197,198,208,5,0,0,17,0,0,-0.252,-0.031,0.01,15.9994,12.011,12.011,4,2,1,1,0,0,109.5,520.0
1,199,198,200,3,0,0,9,0,0,0.132,-0.031,-0.014,1.008,12.011,12.011,4,2,1,1,0,0,110.0,4763.46
1,199,198,208,3,0,0,9,0,0,0.132,-0.031,0.01,1.008,12.011,12.011,4,2,1,1,0,0,110.0,4763.46
1,200,198,208,0,0,0,0,0,0,-0.014,-0.031,0.01,12.011,12.011,12.011,4,2,1,1,0,0,109.5,520.0
1,198,200,201,0,0,3,0,0,9,-0.031,-0.014,0.108,12.011,12.011,1.008,4,2,1,1,0,0,110.3,524.0
1,198,200,202,0,0,5,0,0,17,-0.031,-0.014,-0.322,12.011,12.011,15.9994,4,2,1,1,0,0,109.5,520.0
1,198,200,203,0,0,0,0,0,0,-0.031,-0.014,-0.019,12.011,12.011,12.011,4,2,1,1,0,0,111.0,530.0
1,201,200,202,3,0,5,9,0,17,0.108,-0.014,-0.322,1.008,12.011,15.9994,4,2,1,1,0,0,110.0,4763.46
1,201,200,203,3,0,0,9,0,0,0.108,-0.014,-0.019,1.008,12.011,12.011,4,2,1,1,0,0,109.6,450.0
1,202,200,203,5,0,0,17,0,0,-0.322,-0.014,-0.019,15.9994,12.011,12.011,4,2,1,1,0,0,109.5,520.0
1,200,202,216,0,5,0,0,17,0,-0.014,-0.322,0.134,12.011,15.9994,12.011,2,2,0,0,0,0,109.5,450.0
1,200,203,204,0,0,3,0,0,9,-0.014,-0.019,0.091,12.011,12.011,1.008,4,1,2,1,0,0,109.6,450.0
1,200,203,205,0,0,3,0,0,9,-0.014,-0.019,0.117,12.011,12.011,1.008,4,1,2,1,0,0,109.0,1680.51
1,200,203,206,0,0,5,0,0,16,-0.014,-0.019,-0.332,12.011,12.011,15.9994,4,1,2,1,0,0,111.0,530.0
1,204,203,205,3,0,3,9,0,9,0.091,-0.019,0.117,1.008,12.011,1.008,4,1,2,1,0,0,110.3,524.0
1,204,203,206,3,0,5,9,0,16,0.091,-0.019,-0.332,1.008,12.011,15.9994,4,1,2,1,0,0,110.3,524.0
1,205,203,206,3,0,5,9,0,16,0.117,-0.019,-0.332,1.008,12.011,15.9994,4,1,2,1,0,0,106.0,1733.55
1,203,206,207,0,5,3,0,16,8,-0.019,-0.332,0.27,12.011,15.9994,1.008,2,1,1,0,0,0,109.5,450.0
1,198,208,209,0,0,3,0,0,9,-0.031,0.01,0.091,12.011,12.011,1.008,4,2,1,1,0,0,109.0,1680.51
1,198,208,210,0,0,5,0,0,16,-0.031,0.01,-0.325,12.011,12.011,15.9994,4,2,1,1,0,0,111.0,530.0
1,198,208,212,0,0,0,0,0,0,-0.031,0.01,0.01,12.011,12.011,12.011,4,2,1,1,0,0,109.5,520.0
1,209,208,210,3,0,5,9,0,16,0.091,0.01,-0.325,1.008,12.011,15.9994,4,2,1,1,0,0,109.0,1680.51
1,209,208,212,3,0,0,9,0,0,0.091,0.01,0.01,1.008,12.011,12.011,4,2,1,1,0,0,111.0,530.0
1,210,208,212,5,0,0,16,0,0,-0.325,0.01,0.01,15.9994,12.011,12.011,4,2,1,1,0,0,109.5,520.0
1,208,210,211,0,5,3,0,16,8,0.01,-0.325,0.224,12.011,15.9994,1.008,2,1,1,0,0,0,109.5,450.0
1,208,212,213,0,0,3,0,0,9,0.01,0.01,0.161,12.011,12.011,1.008,4,2,1,0,1,0,109.0,1680.51
1,208,212,214,0,0,4,0,0,11,0.01,0.01,-0.368,12.011,12.011,14.0067,4,2,1,0,1,0,111.0,530.0
1,208,212,216,0,0,0,0,0,0,0.01,0.01,0.134,12.011,12.011,12.011,4,2,1,0,1,0,109.5,520.0
1,213,212,214,3,0,4,9,0,11,0.161,0.01,-0.368,1.008,12.011,14.0067,4,2,1,0,1,0,108.53,443.0
1,213,212,216,3,0,0,9,0,0,0.161,0.01,0.134,1.008,12.011,12.011,4,2,1,0,1,0,108.0,465.0
1,214,212,216,4,0,0,11,0,0,-0.368,0.01,0.134,14.0067,12.011,12.011,4,2,1,0,1,0,111.0,530.0
1,212,214,215,0,4,3,0,11,8,0.01,-0.368,0.206,12.011,14.0067,1.008,3,2,1,0,0,0,116.0,465.0
1,212,214,274,0,4,0,0,11,0,0.01,-0.368,0.279,12.011,14.0067,12.011,3,2,1,0,0,0,122.0,700.0
1,215,214,274,3,4,0,8,11,0,0.206,-0.368,0.279,1.008,14.0067,12.011,3,2,1,0,0,0,120.0,390.0
1,202,216,212,5,0,0,17,0,0,-0.322,0.134,0.01,15.9994,12.011,12.011,4,1,1,2,0,0,111.0,530.0
1,202,216,217,5,0,3,17,0,9,-0.322,0.134,0.109,15.9994,12.011,1.008,4,1,1,2,0,0,110.3,524.0
1,202,216,218,5,0,5,17,0,17,-0.322,0.134,-0.252,15.9994,12.011,15.9994,4,1,1,2,0,0,101.0,2076.33
1,212,216,217,0,0,3,0,0,9,0.01,0.134,0.109,12.011,12.011,1.008,4,1,1,2,0,0,113.0,545.0
1,212,216,218,0,0,5,0,0,17,0.01,0.134,-0.252,12.011,12.011,15.9994,4,1,1,2,0,0,109.5,520.0
1,217,216,218,3,0,5,9,0,17,0.109,0.134,-0.252,1.008,12.011,15.9994,4,1,1,2,0,0,113.0,545.0
1,216,218,219,0,5,0,0,17,0,0.134,-0.252,-0.031,12.011,15.9994,12.011,2,2,0,0,0,0,109.5,450.0
1,218,219,220,5,0,3,17,0,9,-0.252,-0.031,0.132,15.9994,12.011,1.008,4,2,1,1,0,0,111.4,532.0
1,218,219,221,5,0,0,17,0,0,-0.252,-0.031,-0.014,15.9994,12.011,12.011,4,2,1,1,0,0,109.5,520.0
1,218,219,229,5,0,0,17,0,0,-0.252,-0.031,0.01,15.9994,12.011,12.011,4,2,1,1,0,0,109.5,520.0
1,220,219,221,3,0,0,9,0,0,0.132,-0.031,-0.014,1.008,12.011,12.011,4,2,1,1,0,0,110.0,4763.46
1,220,219,229,3,0,0,9,0,0,0.132,-0.031,0.01,1.008,12.011,12.011,4,2,1,1,0,0,110.0,4763.46
1,221,219,229,0,0,0,0,0,0,-0.014,-0.031,0.01,12.011,12.011,12.011,4,2,1,1,0,0,109.5,520.0
1,219,221,222,0,0,3,0,0,9,-0.031,-0.014,0.109,12.011,12.011,1.008,4,2,1,1,0,0,110.3,524.0
1,219,221,223,0,0,5,0,0,17,-0.031,-0.014,-0.324,12.011,12.011,15.9994,4,2,1,1,0,0,109.5,520.0
1,219,221,224,0,0,0,0,0,0,-0.031,-0.014,-0.019,12.011,12.011,12.011,4,2,1,1,0,0,111.0,530.0
1,222,221,223,3,0,5,9,0,17,0.109,-0.014,-0.324,1.008,12.011,15.9994,4,2,1,1,0,0,110.0,4763.46
1,222,221,224,3,0,0,9,0,0,0.109,-0.014,-0.019,1.008,12.011,12.011,4,2,1,1,0,0,109.6,450.0
1,223,221,224,5,0,0,17,0,0,-0.324,-0.014,-0.019,15.9994,12.011,12.011,4,2,1,1,0,0,109.5,520.0
1,221,223,237,0,5,0,0,17,0,-0.014,-0.324,0.134,12.011,15.9994,12.011,2,2,0,0,0,0,109.5,450.0
1,221,224,225,0,0,3,0,0,9,-0.014,-0.019,0.089,12.011,12.011,1.008,4,1,2,1,0,0,109.6,450.0
1,221,224,226,0,0,3,0,0,9,-0.014,-0.019,0.118,12.011,12.011,1.008,4,1,2,1,0,0,109.0,1680.51
1,221,224,227,0,0,5,0,0,16,-0.014,-0.019,-0.332,12.011,12.011,15.9994,4,1,2,1,0,0,111.0,530.0
1,225,224,226,3,0,3,9,0,9,0.089,-0.019,0.118,1.008,12.011,1.008,4,1,2,1,0,0,110.3,524.0
1,225,224,227,3,0,5,9,0,16,0.089,-0.019,-0.332,1.008,12.011,15.9994,4,1,2,1,0,0,110.3,524.0
1,226,224,227,3,0,5,9,0,16,0.118,-0.019,-0.332,1.008,12.011,15.9994,4,1,2,1,0,0,106.0,1733.55
1,224,227,228,0,5,3,0,16,8,-0.019,-0.332,0.272,12.011,15.9994,1.008,2,1,1,0,0,0,109.5,450.0
1,219,229,230,0,0,3,0,0,9,-0.031,0.01,0.091,12.011,12.011,1.008,4,2,1,1,0,0,109.0,1680.51
1,219,229,231,0,0,5,0,0,16,-0.031,0.01,-0.325,12.011,12.011,15.9994,4,2,1,1,0,0,111.0,530.0
1,219,229,233,0,0,0,0,0,0,-0.031,0.01,0.011,12.011,12.011,12.011,4,2,1,1,0,0,109.5,520.0
1,230,229,231,3,0,5,9,0,16,0.091,0.01,-0.325,1.008,12.011,15.9994,4,2,1,1,0,0,109.0,1680.51
1,230,229,233,3,0,0,9,0,0,0.091,0.01,0.011,1.008,12.011,12.011,4,2,1,1,0,0,111.0,530.0
1,231,229,233,5,0,0,16,0,0,-0.325,0.01,0.011,15.9994,12.011,12.011,4,2,1,1,0,0,109.5,520.0
1,229,231,232,0,5,3,0,16,8,0.01,-0.325,0.224,12.011,15.9994,1.008,2,1,1,0,0,0,109.5,450.0
1,229,233,234,0,0,3,0,0,9,0.01,0.011,0.161,12.011,12.011,1.008,4,2,1,0,1,0,109.0,1680.51
1,229,233,235,0,0,4,0,0,11,0.01,0.011,-0.368,12.011,12.011,14.0067,4,2,1,0,1,0,111.0,530.0
1,229,233,237,0,0,0,0,0,0,0.01,0.011,0.134,12.011,12.011,12.011,4,2,1,0,1,0,109.5,520.0
1,234,233,235,3,0,4,9,0,11,0.161,0.011,-0.368,1.008,12.011,14.0067,4,2,1,0,1,0,108.53,443.0
1,234,233,237,3,0,0,9,0,0,0.161,0.011,0.134,1.008,12.011,12.011,4,2,1,0,1,0,108.0,465.0
1,235,233,237,4,0,0,11,0,0,-0.368,0.011,0.134,14.0067,12.011,12.011,4,2,1,0,1,0,111.0,530.0
1,233,235,236,0,4,3,0,11,8,0.011,-0.368,0.204,12.011,14.0067,1.008,3,2,1,0,0,0,116.0,465.0
1,233,235,268,0,4,0,0,11,0,0.011,-0.368,0.28,12.011,14.0067,12.011,3,2,1,0,0,0,122.0,700.0
1,236,235,268,3,4,0,8,11,0,0.204,-0.368,0.28,1.008,14.0067,12.011,3,2,1,0,0,0,120.0,390.0
1,223,237,233,5,0,0,17,0,0,-0.324,0.134,0.011,15.9994,12.011,12.011,4,1,1,2,0,0,111.0,530.0
1,223,237,238,5,0,3,17,0,9,-0.324,0.134,0.11,15.9994,12.011,1.008,4,1,1,2,0,0,110.3,524.0
1,223,237,239,5,0,5,17,0,17,-0.324,0.134,-0.252,15.9994,12.011,15.9994,4,1,1,2,0,0,101.0,2076.33
1,233,237,238,0,0,3,0,0,9,0.011,0.134,0.11,12.011,12.011,1.008,4,1,1,2,0,0,113.0,545.0
1,233,237,239,0,0,5,0,0,17,0.011,0.134,-0.252,12.011,12.011,15.9994,4,1,1,2,0,0,109.5,520.0
1,238,237,239,3,0,5,9,0,17,0.11,0.134,-0.252,1.008,12.011,15.9994,4,1,1,2,0,0,113.0,545.0
1,237,239,240,0,5,0,0,17,0,0.134,-0.252,-0.032,12.011,15.9994,12.011,2,2,0,0,0,0,109.5,450.0
1,239,240,241,5,0,3,17,0,9,-0.252,-0.032,0.129,15.9994,12.011,1.008,4,2,1,1,0,0,111.4,532.0
1,239,240,242,5,0,0,17,0,0,-0.252,-0.032,-0.018,15.9994,12.011,12.011,4,2,1,1,0,0,109.5,520.0
1,239,240,250,5,0,0,17,0,0,-0.252,-0.032,0.019,15.9994,12.011,12.011,4,2,1,1,0,0,109.5,520.0
1,241,240,242,3,0,0,9,0,0,0.129,-0.032,-0.018,1.008,12.011,12.011,4,2,1,1,0,0,110.0,4763.46
1,241,240,250,3,0,0,9,0,0,0.129,-0.032,0.019,1.008,12.011,12.011,4,2,1,1,0,0,110.0,4763.46
1,242,240,250,0,0,0,0,0,0,-0.018,-0.032,0.019,12.011,12.011,12.011,4,2,1,1,0,0,111.0,530.0
1,240,242,243,0,0,3,0,0,9,-0.032,-0.018,0.105,12.011,12.011,1.008,4,2,1,1,0,0,109.6,450.0
1,240,242,244,0,0,5,0,0,17,-0.032,-0.018,-0.31,12.011,12.011,15.9994,4,2,1,1,0,0,109.5,520.0
1,240,242,245,0,0,0,0,0,0,-0.032,-0.018,-0.017,12.011,12.011,12.011,4,2,1,1,0,0,111.0,530.0
1,243,242,244,3,0,5,9,0,17,0.105,-0.018,-0.31,1.008,12.011,15.9994,4,2,1,1,0,0,110.0,4763.46
1,243,242,245,3,0,0,9,0,0,0.105,-0.018,-0.017,1.008,12.011,12.011,4,2,1,1,0,0,109.6,450.0
1,244,242,245,5,0,0,17,0,0,-0.31,-0.018,-0.017,15.9994,12.011,12.011,4,2,1,1,0,0,109.5,520.0
1,242,244,258,0,5,0,0,17,0,-0.018,-0.31,0.145,12.011,15.9994,12.011,2,2,0,0,0,0,109.5,450.0
1,242,245,246,0,0,3,0,0,9,-0.018,-0.017,0.089,12.011,12.011,1.008,4,1,2,1,0,0,109.5,285.0
1,242,245,247,0,0,3,0,0,9,-0.018,-0.017,0.112,12.011,12.011,1.008,4,1,2,1,0,0,109.0,1680.51
1,242,245,248,0,0,5,0,0,16,-0.018,-0.017,-0.337,12.011,12.011,15.9994,4,1,2,1,0,0,111.0,530.0
1,246,245,247,3,0,3,9,0,9,0.089,-0.017,0.112,1.008,12.011,1.008,4,1,2,1,0,0,110.3,524.0
1,246,245,248,3,0,5,9,0,16,0.089,-0.017,-0.337,1.008,12.011,15.9994,4,1,2,1,0,0,110.3,524.0
1,247,245,248,3,0,5,9,0,16,0.112,-0.017,-0.337,1.008,12.011,15.9994,4,1,2,1,0,0,106.0,1733.55
1,245,248,249,0,5,3,0,16,8,-0.017,-0.337,0.279,12.011,15.9994,1.008,2,1,1,0,0,0,109.5,450.0
1,240,250,251,0,0,3,0,0,9,-0.032,0.019,0.097,12.011,12.011,1.008,4,2,1,1,0,0,109.5,285.0
1,240,250,252,0,0,5,0,0,16,-0.032,0.019,-0.333,12.011,12.011,15.9994,4,2,1,1,0,0,111.0,530.0
1,240,250,254,0,0,0,0,0,0,-0.032,0.019,-0.026,12.011,12.011,12.011,4,2,1,1,0,0,109.5,520.0
1,251,250,252,3,0,5,9,0,16,0.097,0.019,-0.333,1.008,12.011,15.9994,4,2,1,1,0,0,109.0,1680.51
1,251,250,254,3,0,0,9,0,0,0.097,0.019,-0.026,1.008,12.011,12.011,4,2,1,1,0,0,111.0,530.0
1,252,250,254,5,0,0,16,0,0,-0.333,0.019,-0.026,15.9994,12.011,12.011,4,2,1,1,0,0,109.5,520.0
1,250,252,253,0,5,3,0,16,8,0.019,-0.333,0.217,12.011,15.9994,1.008,2,1,1,0,0,0,109.5,450.0
1,250,254,255,0,0,3,0,0,9,0.019,-0.026,0.128,12.011,12.011,1.008,4,2,1,0,1,0,108.53,443.0
1,250,254,256,0,0,4,0,0,11,0.019,-0.026,-0.367,12.011,12.011,14.0067,4,2,1,0,1,0,115.0,610.0
1,250,254,258,0,0,0,0,0,0,0.019,-0.026,0.145,12.011,12.011,12.011,4,2,1,0,1,0,109.5,520.0
1,255,254,256,3,0,4,9,0,11,0.128,-0.026,-0.367,1.008,12.011,14.0067,4,2,1,0,1,0,108.53,443.0
1,255,254,258,3,0,0,9,0,0,0.128,-0.026,0.145,1.008,12.011,12.011,4,2,1,0,1,0,107.0,2726.16
1,256,254,258,4,0,0,11,0,0,-0.367,-0.026,0.145,14.0067,12.011,12.011,4,2,1,0,1,0,111.0,530.0
1,254,256,257,0,4,3,0,11,8,-0.026,-0.367,0.265,12.011,14.0067,1.008,3,2,1,0,0,0,116.0,465.0
1,254,256,262,0,4,0,0,11,0,-0.026,-0.367,0.299,12.011,14.0067,12.011,3,2,1,0,0,0,121.0,685.0
1,257,256,262,3,4,0,8,11,0,0.265,-0.367,0.299,1.008,14.0067,12.011,3,2,1,0,0,0,120.0,390.0
1,244,258,254,5,0,0,17,0,0,-0.31,0.145,-0.026,15.9994,12.011,12.011,4,1,1,2,0,0,109.5,520.0
1,244,258,259,5,0,3,17,0,9,-0.31,0.145,0.119,15.9994,12.011,1.008,4,1,1,2,0,0,111.0,530.0
1,244,258,260,5,0,5,17,0,16,-0.31,0.145,-0.299,15.9994,12.011,15.9994,4,1,1,2,0,0,103.0,420.0
1,254,258,259,0,0,3,0,0,9,-0.026,0.145,0.119,12.011,12.011,1.008,4,1,1,2,0,0,113.0,545.0
1,254,258,260,0,0,5,0,0,16,-0.026,0.145,-0.299,12.011,12.011,15.9994,4,1,1,2,0,0,115.0,610.0
1,259,258,260,3,0,5,9,0,16,0.119,0.145,-0.299,1.008,12.011,15.9994,4,1,1,2,0,0,107.0,2726.16
1,258,260,261,0,5,3,0,16,8,0.145,-0.299,0.035,12.011,15.9994,1.008,2,1,1,0,0,0,109.5,450.0
1,256,262,263,4,0,5,11,0,15,-0.367,0.299,-0.384,14.0067,12.011,15.9994,3,1,0,1,1,0,124.0,730.0
1,256,262,264,4,0,0,11,0,0,-0.367,0.299,-0.239,14.0067,12.011,12.011,3,1,0,1,1,0,120.0,560.0
1,263,262,264,5,0,0,15,0,0,-0.384,0.299,-0.239,15.9994,12.011,12.011,3,1,0,1,1,0,121.0,685.0
1,262,264,265,0,0,3,0,0,9,0.299,-0.239,0.108,12.011,12.011,1.008,4,1,3,0,0,0,110.3,524.0
1,262,264,266,0,0,3,0,0,9,0.299,-0.239,0.108,12.011,12.011,1.008,4,1,3,0,0,0,110.3,524.0
1,262,264,267,0,0,3,0,0,9,0.299,-0.239,0.108,12.011,12.011,1.008,4,1,3,0,0,0,110.3,524.0
1,265,264,266,3,0,3,9,0,9,0.108,-0.239,0.108,1.008,12.011,1.008,4,1,3,0,0,0,109.0,1680.51
1,265,264,267,3,0,3,9,0,9,0.108,-0.239,0.108,1.008,12.011,1.008,4,1,3,0,0,0,109.0,1680.51
1,266,264,267,3,0,3,9,0,9,0.108,-0.239,0.108,1.008,12.011,1.008,4,1,3,0,0,0,109.0,1680.51
1,235,268,269,4,0,5,11,0,15,-0.368,0.28,-0.355,14.0067,12.011,15.9994,3,1,0,1,1,0,124.0,730.0
1,235,268,270,4,0,0,11,0,0,-0.368,0.28,-0.243,14.0067,12.011,12.011,3,1,0,1,1,0,115.0,610.0
1,269,268,270,5,0,0,15,0,0,-0.355,0.28,-0.243,15.9994,12.011,12.011,3,1,0,1,1,0,121.0,685.0
1,268,270,271,0,0,3,0,0,9,0.28,-0.243,0.106,12.011,12.011,1.008,4,1,3,0,0,0,110.3,524.0
1,268,270,272,0,0,3,0,0,9,0.28,-0.243,0.106,12.011,12.011,1.008,4,1,3,0,0,0,110.3,524.0
1,268,270,273,0,0,3,0,0,9,0.28,-0.243,0.106,12.011,12.011,1.008,4,1,3,0,0,0,110.3,524.0
1,271,270,272,3,0,3,9,0,9,0.106,-0.243,0.106,1.008,12.011,1.008,4,1,3,0,0,0,109.0,1680.51
1,271,270,273,3,0,3,9,0,9,0.106,-0.243,0.106,1.008,12.011,1.008,4,1,3,0,0,0,109.0,1680.51
1,272,270,273,3,0,3,9,0,9,0.106,-0.243,0.106,1.008,12.011,1.008,4,1,3,0,0,0,109.0,1680.51
1,214,274,275,4,0,5,11,0,15,-0.368,0.279,-0.354,14.0067,12.011,15.9994,3,1,0,1,1,0,124.0,730.0
1,214,274,276,4,0,0,11,0,0,-0.368,0.279,-0.243,14.0067,12.011,12.011,3,1,0,1,1,0,115.0,610.0
1,275,274,276,5,0,0,15,0,0,-0.354,0.279,-0.243,15.9994,12.011,12.011,3,1,0,1,1,0,121.0,685.0
1,274,276,277,0,0,3,0,0,9,0.279,-0.243,0.106,12.011,12.011,1.008,4,1,3,0,0,0,111.0,530.0
1,274,276,278,0,0,3,0,0,9,0.279,-0.243,0.106,12.011,12.011,1.008,4,1,3,0,0,0,111.0,530.0
1,274,276,279,0,0,3,0,0,9,0.279,-0.243,0.106,12.011,12.011,1.008,4,1,3,0,0,0,111.0,530.0
1,277,276,278,3,0,3,9,0,9,0.106,-0.243,0.106,1.008,12.011,1.008,4,1,3,0,0,0,109.0,1680.51
1,277,276,279,3,0,3,9,0,9,0.106,-0.243,0.106,1.008,12.011,1.008,4,1,3,0,0,0,109.0,1680.51
1,278,276,279,3,0,3,9,0,9,0.106,-0.243,0.106,1.008,12.011,1.008,4,1,3,0,0,0,109.0,1680.51
1,193,280,281,4,0,5,11,0,15,-0.368,0.28,-0.355,14.0067,12.011,15.9994,3,1,0,1,1,0,124.0,730.0
1,193,280,282,4,0,0,11,0,0,-0.368,0.28,-0.243,14.0067,12.011,12.011,3,1,0,1,1,0,115.0,610.0
1,281,280,282,5,0,0,15,0,0,-0.355,0.28,-0.243,15.9994,12.011,12.011,3,1,0,1,1,0,121.0,685.0
1,280,282,283,0,0,3,0,0,9,0.28,-0.243,0.106,12.011,12.011,1.008,4,1,3,0,0,0,111.0,530.0
1,280,282,284,0,0,3,0,0,9,0.28,-0.243,0.106,12.011,12.011,1.008,4,1,3,0,0,0,111.0,530.0
1,280,282,285,0,0,3,0,0,9,0.28,-0.243,0.106,12.011,12.011,1.008,4,1,3,0,0,0,111.0,530.0
1,283,282,284,3,0,3,9,0,9,0.106,-0.243,0.106,1.008,12.011,1.008,4,1,3,0,0,0,109.0,1680.51
1,283,282,285,3,0,3,9,0,9,0.106,-0.243,0.106,1.008,12.011,1.008,4,1,3,0,0,0,109.0,1680.51
1,284,282,285,3,0,3,9,0,9,0.106,-0.243,0.106,1.008,12.011,1.008,4,1,3,0,0,0,109.0,1680.51
1,172,286,287,4,0,5,11,0,15,-0.368,0.28,-0.355,14.0067,12.011,15.9994,3,1,0,1,1,0,124.0,730.0
1,172,286,288,4,0,0,11,0,0,-0.368,0.28,-0.243,14.0067,12.011,12.011,3,1,0,1,1,0,115.0,610.0
1,287,286,288,5,0,0,15,0,0,-0.355,0.28,-0.243,15.9994,12.011,12.011,3,1,0,1,1,0,121.0,685.0
1,286,288,289,0,0,3,0,0,9,0.28,-0.243,0.106,12.011,12.011,1.008,4,1,3,0,0,0,108.53,443.0
1,286,288,290,0,0,3,0,0,9,0.28,-0.243,0.106,12.011,12.011,1.008,4,1,3,0,0,0,108.53,443.0
1,286,288,291,0,0,3,0,0,9,0.28,-0.243,0.106,12.011,12.011,1.008,4,1,3,0,0,0,108.53,443.0
1,289,288,290,3,0,3,9,0,9,0.106,-0.243,0.106,1.008,12.011,1.008,4,1,3,0,0,0,109.0,1680.51
1,289,288,291,3,0,3,9,0,9,0.106,-0.243,0.106,1.008,12.011,1.008,4,1,3,0,0,0,109.0,1680.51
1,290,288,291,3,0,3,9,0,9,0.106,-0.243,0.106,1.008,12.011,1.008,4,1,3,0,0,0,109.0,1680.51
1,151,292,293,4,0,5,11,0,15,-0.368,0.28,-0.355,14.0067,12.011,15.9994,3,1,0,1,1,0,124.0,730.0
1,151,292,294,4,0,0,11,0,0,-0.368,0.28,-0.243,14.0067,12.011,12.011,3,1,0,1,1,0,115.0,610.0
1,293,292,294,5,0,0,15,0,0,-0.355,0.28,-0.243,15.9994,12.011,12.011,3,1,0,1,1,0,121.0,685.0
1,292,294,295,0,0,3,0,0,9,0.28,-0.243,0.106,12.011,12.011,1.008,4,1,3,0,0,0,111.0,530.0
1,292,294,296,0,0,3,0,0,9,0.28,-0.243,0.106,12.011,12.011,1.008,4,1,3,0,0,0,111.0,530.0
1,292,294,297,0,0,3,0,0,9,0.28,-0.243,0.106,12.011,12.011,1.008,4,1,3,0,0,0,111.0,530.0
1,295,294,296,3,0,3,9,0,9,0.106,-0.243,0.106,1.008,12.011,1.008,4,1,3,0,0,0,109.0,1680.51
1,295,294,297,3,0,3,9,0,9,0.106,-0.243,0.106,1.008,12.011,1.008,4,1,3,0,0,0,109.0,1680.51
1,296,294,297,3,0,3,9,0,9,0.106,-0.243,0.106,1.008,12.011,1.008,4,1,3,0,0,0,109.0,1680.51
1,130,298,299,4,0,5,11,0,15,-0.368,0.28,-0.355,14.0067,12.011,15.9994,3,1,0,1,1,0,124.0,730.0
1,130,298,300,4,0,0,11,0,0,-0.368,0.28,-0.243,14.0067,12.011,12.011,3,1,0,1,1,0,115.0,610.0
1,299,298,300,5,0,0,15,0,0,-0.355,0.28,-0.243,15.9994,12.011,12.011,3,1,0,1,1,0,121.0,685.0
1,298,300,301,0,0,3,0,0,9,0.28,-0.243,0.106,12.011,12.011,1.008,4,1,3,0,0,0,108.53,443.0
1,298,300,302,0,0,3,0,0,9,0.28,-0.243,0.106,12.011,12.011,1.008,4,1,3,0,0,0,108.53,443.0
1,298,300,303,0,0,3,0,0,9,0.28,-0.243,0.106,12.011,12.011,1.008,4,1,3,0,0,0,108.53,443.0
1,301,300,302,3,0,3,9,0,9,0.106,-0.243,0.106,1.008,12.011,1.008,4,1,3,0,0,0,109.0,1680.51
1,301,300,303,3,0,3,9,0,9,0.106,-0.243,0.106,1.008,12.011,1.008,4,1,3,0,0,0,109.0,1680.51
1,302,300,303,3,0,3,9,0,9,0.106,-0.243,0.106,1.008,12.011,1.008,4,1,3,0,0,0,109.0,1680.51
1,109,304,305,4,0,5,11,0,15,-0.368,0.277,-0.355,14.0067,12.011,15.9994,3,1,0,1,1,0,124.0,730.0
1,109,304,306,4,0,0,11,0,0,-0.368,0.277,-0.243,14.0067,12.011,12.011,3,1,0,1,1,0,115.0,610.0
1,305,304,306,5,0,0,15,0,0,-0.355,0.277,-0.243,15.9994,12.011,12.011,3,1,0,1,1,0,121.0,685.0
1,304,306,307,0,0,3,0,0,9,0.277,-0.243,0.107,12.011,12.011,1.008,4,1,3,0,0,0,108.53,443.0
1,304,306,308,0,0,3,0,0,9,0.277,-0.243,0.107,12.011,12.011,1.008,4,1,3,0,0,0,108.53,443.0
1,304,306,309,0,0,3,0,0,9,0.277,-0.243,0.107,12.011,12.011,1.008,4,1,3,0,0,0,108.53,443.0
1,307,306,308,3,0,3,9,0,9,0.107,-0.243,0.107,1.008,12.011,1.008,4,1,3,0,0,0,109.0,1680.51
1,307,306,309,3,0,3,9,0,9,0.107,-0.243,0.107,1.008,12.011,1.008,4,1,3,0,0,0,109.0,1680.51
1,308,306,309,3,0,3,9,0,9,0.107,-0.243,0.107,1.008,12.011,1.008,4,1,3,0,0,0,109.0,1680.51
1,88,310,311,4,0,5,11,0,15,-0.369,0.28,-0.355,14.0067,12.011,15.9994,3,1,0,1,1,0,124.0,730.0
1,88,310,312,4,0,0,11,0,0,-0.369,0.28,-0.243,14.0067,12.011,12.011,3,1,0,1,1,0,115.0,610.0
1,311,310,312,5,0,0,15,0,0,-0.355,0.28,-0.243,15.9994,12.011,12.011,3,1,0,1,1,0,121.0,685.0
1,310,312,313,0,0,3,0,0,9,0.28,-0.243,0.106,12.011,12.011,1.008,4,1,3,0,0,0,110.3,524.0
1,310,312,314,0,0,3,0,0,9,0.28,-0.243,0.106,12.011,12.011,1.008,4,1,3,0,0,0,110.3,524.0
1,310,312,315,0,0,3,0,0,9,0.28,-0.243,0.106,12.011,12.011,1.008,4,1,3,0,0,0,110.3,524.0
1,313,312,314,3,0,3,9,0,9,0.106,-0.243,0.106,1.008,12.011,1.008,4,1,3,0,0,0,109.0,1680.51
1,313,312,315,3,0,3,9,0,9,0.106,-0.243,0.106,1.008,12.011,1.008,4,1,3,0,0,0,109.0,1680.51
1,314,312,315,3,0,3,9,0,9,0.106,-0.243,0.106,1.008,12.011,1.008,4,1,3,0,0,0,109.0,1680.51
1,67,316,317,4,0,5,11,0,15,-0.369,0.277,-0.355,14.0067,12.011,15.9994,3,1,0,1,1,0,124.0,730.0
1,67,316,318,4,0,0,11,0,0,-0.369,0.277,-0.243,14.0067,12.011,12.011,3,1,0,1,1,0,115.0,610.0
1,317,316,318,5,0,0,15,0,0,-0.355,0.277,-0.243,15.9994,12.011,12.011,3,1,0,1,1,0,121.0,685.0
1,316,318,319,0,0,3,0,0,9,0.277,-0.243,0.107,12.011,12.011,1.008,4,1,3,0,0,0,111.0,530.0
1,316,318,320,0,0,3,0,0,9,0.277,-0.243,0.107,12.011,12.011,1.008,4,1,3,0,0,0,111.0,530.0
1,316,318,321,0,0,3,0,0,9,0.277,-0.243,0.107,12.011,12.011,1.008,4,1,3,0,0,0,111.0,530.0
1,319,318,320,3,0,3,9,0,9,0.107,-0.243,0.107,1.008,12.011,1.008,4,1,3,0,0,0,109.0,1680.51
1,319,318,321,3,0,3,9,0,9,0.107,-0.243,0.107,1.008,12.011,1.008,4,1,3,0,0,0,109.0,1680.51
1,320,318,321,3,0,3,9,0,9,0.107,-0.243,0.107,1.008,12.011,1.008,4,1,3,0,0,0,109.0,1680.51
1,46,322,323,4,0,5,11,0,15,-0.37,0.274,-0.352,14.0067,12.011,15.9994,3,1,0,1,1,0,124.0,730.0
1,46,322,324,4,0,0,11,0,0,-0.37,0.274,-0.243,14.0067,12.011,12.011,3,1,0,1,1,0,115.0,610.0
1,323,322,324,5,0,0,15,0,0,-0.352,0.274,-0.243,15.9994,12.011,12.011,3,1,0,1,1,0,121.0,685.0
1,322,324,325,0,0,3,0,0,9,0.274,-0.243,0.107,12.011,12.011,1.008,4,1,3,0,0,0,111.0,530.0
1,322,324,326,0,0,3,0,0,9,0.274,-0.243,0.107,12.011,12.011,1.008,4,1,3,0,0,0,111.0,530.0
1,322,324,327,0,0,3,0,0,9,0.274,-0.243,0.107,12.011,12.011,1.008,4,1,3,0,0,0,111.0,530.0
1,325,324,326,3,0,3,9,0,9,0.107,-0.243,0.107,1.008,12.011,1.008,4,1,3,0,0,0,109.0,1680.51
1,325,324,327,3,0,3,9,0,9,0.107,-0.243,0.107,1.008,12.011,1.008,4,1,3,0,0,0,109.0,1680.51
1,326,324,327,3,0,3,9,0,9,0.107,-0.243,0.107,1.008,12.011,1.008,4,1,3,0,0,0,109.0,1680.51
