molecule,ai,aj,ak,element_i,element_j,element_k,type_i,type_j,type_k,charge_i,charge_j,charge_k,mass_i,mass_j,mass_k,degree_j,n_C_j,n_H_j,n_O_j,n_N_j,n_S_j,target_angle,target_fc
FFX9,1,2,3,H,O,C,H,O,C,0.198,-0.33,0.034,1.008,15.9994,12.011,2,1,1,0,0,0,109.5,450.0
FFX9,2,3,4,O,C,H,O,C,HC,-0.33,0.034,0.075,15.9994,12.011,1.008,4,2,1,1,0,0,109.0,1680.51
FFX9,2,3,5,O,C,C,O,C,CH2,-0.33,0.034,0.078,15.9994,12.011,14.027,4,2,1,1,0,0,109.5,520.0
FFX9,2,3,31,O,C,C,O,C,CH2,-0.33,0.034,-0.02,15.9994,12.011,14.027,4,2,1,1,0,0,111.0,530.0
FFX9,4,3,5,H,C,C,HC,C,CH2,0.075,0.034,0.078,1.008,12.011,14.027,4,2,1,1,0,0,110.0,285.0
FFX9,4,3,31,H,C,C,HC,C,CH2,0.075,0.034,-0.02,1.008,12.011,14.027,4,2,1,1,0,0,109.6,450.0
FFX9,5,3,31,C,C,C,CH2,C,CH2,0.078,0.034,-0.02,14.027,12.011,14.027,4,2,1,1,0,0,111.0,530.0
FFX9,3,5,6,C,C,C,C,CH2,C,0.034,0.078,-0.102,12.011,14.027,12.011,2,2,0,0,0,0,111.0,530.0
FFX9,5,6,7,C,C,C,CH2,C,C,0.078,-0.102,-0.004,14.027,12.011,12.011,3,3,0,0,0,0,120.0,560.0
FFX9,5,6,28,C,C,C,CH2,C,C,0.078,-0.102,-0.162,14.027,12.011,12.011,3,3,0,0,0,0,120.0,560.0
FFX9,7,6,28,C,C,C,C,C,C,-0.004,-0.102,-0.162,12.011,12.011,12.011,3,3,0,0,0,0,126.0,640.0
FFX9,6,7,8,C,C,C,C,C,CH3,-0.102,-0.004,0.029,12.011,12.011,15.035,4,4,0,0,0,0,109.5,520.0
FFX9,6,7,9,C,C,C,C,C,CH1,-0.102,-0.004,-0.001,12.011,12.011,13.019,4,4,0,0,0,0,111.0,530.0
FFX9,6,7,30,C,C,C,C,C,CH2,-0.102,-0.004,0.022,12.011,12.011,14.027,4,4,0,0,0,0,109.5,520.0
FFX9,8,7,9,C,C,C,CH3,C,CH1,0.029,-0.004,-0.001,15.035,12.011,13.019,4,4,0,0,0,0,111.0,530.0
FFX9,8,7,30,C,C,C,CH3,C,CH2,0.029,-0.004,0.022,15.035,12.011,14.027,4,4,0,0,0,0,109.5,520.0
FFX9,9,7,30,C,C,C,CH1,C,CH2,-0.001,-0.004,0.022,13.019,12.011,14.027,4,4,0,0,0,0,109.5,520.0
FFX9,7,9,10,C,C,C,C,CH1,CH2,-0.004,-0.001,0.006,12.011,13.019,14.027,3,3,0,0,0,0,111.0,530.0
FFX9,7,9,26,C,C,C,C,CH1,CH1,-0.004,-0.001,0.012,12.011,13.019,13.019,3,3,0,0,0,0,111.0,530.0
FFX9,10,9,26,C,C,C,CH2,CH1,CH1,0.006,-0.001,0.012,14.027,13.019,13.019,3,3,0,0,0,0,111.0,530.0
FFX9,9,10,11,C,C,C,CH1,CH2,CH2,-0.001,0.006,0.017,13.019,14.027,14.027,2,2,0,0,0,0,111.0,530.0
FFX9,10,11,12,C,C,C,CH2,CH2,C,0.006,0.017,-0.044,14.027,14.027,12.011,2,2,0,0,0,0,111.0,530.0
FFX9,11,12,13,C,C,C,CH2,C,CH3,0.017,-0.044,0.024,14.027,12.011,15.035,4,4,0,0,0,0,111.0,530.0
FFX9,11,12,14,C,C,C,CH2,C,CH1,0.017,-0.044,-0.007,14.027,12.011,13.019,4,4,0,0,0,0,120.0,560.0
FFX9,11,12,25,C,C,C,CH2,C,CH1,0.017,-0.044,-0.019,14.027,12.011,13.019,4,4,0,0,0,0,109.5,520.0
FFX9,13,12,14,C,C,C,CH3,C,CH1,0.024,-0.044,-0.007,15.035,12.011,13.019,4,4,0,0,0,0,109.5,520.0
FFX9,13,12,25,C,C,C,CH3,C,CH1,0.024,-0.044,-0.019,15.035,12.011,13.019,4,4,0,0,0,0,111.0,530.0
FFX9,14,12,25,C,C,C,CH1,C,CH1,-0.007,-0.044,-0.019,13.019,12.011,13.019,4,4,0,0,0,0,101.0,2076.33
FFX9,12,14,15,C,C,C,C,CH1,CH1,-0.044,-0.007,-0.006,12.011,13.019,13.019,3,3,0,0,0,0,120.0,560.0
FFX9,12,14,23,C,C,C,C,CH1,CH2,-0.044,-0.007,0.005,12.011,13.019,14.027,3,3,0,0,0,0,104.0,490.0
FFX9,15,14,23,C,C,C,CH1,CH1,CH2,-0.006,-0.007,0.005,13.019,13.019,14.027,3,3,0,0,0,0,111.0,530.0
FFX9,14,15,16,C,C,C,CH1,CH1,CH2,-0.007,-0.006,0.004,13.019,13.019,14.027,3,3,0,0,0,0,109.5,520.0
FFX9,14,15,22,C,C,C,CH1,CH1,CH3,-0.007,-0.006,0.01,13.019,13.019,15.035,3,3,0,0,0,0,111.0,530.0
FFX9,16,15,22,C,C,C,CH2,CH1,CH3,0.004,-0.006,0.01,14.027,13.019,15.035,3,3,0,0,0,0,109.5,520.0
FFX9,15,16,17,C,C,C,CH1,CH2,CH2,-0.006,0.004,-0.0,13.019,14.027,14.027,2,2,0,0,0,0,111.0,530.0
FFX9,16,17,18,C,C,C,CH2,CH2,CH2,0.004,-0.0,0.004,14.027,14.027,14.027,2,2,0,0,0,0,111.0,530.0
FFX9,17,18,19,C,C,C,CH2,CH2,CH1,-0.0,0.004,-0.021,14.027,14.027,13.019,2,2,0,0,0,0,111.0,530.0
FFX9,18,19,20,C,C,C,CH2,CH1,CH3,0.004,-0.021,0.008,14.027,13.019,15.035,3,3,0,0,0,0,111.0,530.0
FFX9,18,19,21,C,C,C,CH2,CH1,CH3,0.004,-0.021,0.009,14.027,13.019,15.035,3,3,0,0,0,0,111.0,530.0
FFX9,20,19,21,C,C,C,CH3,CH1,CH3,0.008,-0.021,0.009,15.035,13.019,15.035,3,3,0,0,0,0,109.5,520.0
FFX9,14,23,24,C,C,C,CH1,CH2,CH2,-0.007,0.005,0.009,13.019,14.027,14.027,2,2,0,0,0,0,109.5,520.0
FFX9,23,24,25,C,C,C,CH2,CH2,CH1,0.005,0.009,-0.019,14.027,14.027,13.019,2,2,0,0,0,0,104.0,490.0
FFX9,12,25,24,C,C,C,C,CH1,CH2,-0.044,-0.019,0.009,12.011,13.019,14.027,3,3,0,0,0,0,104.0,490.0
FFX9,12,25,26,C,C,C,C,CH1,CH1,-0.044,-0.019,0.012,12.011,13.019,13.019,3,3,0,0,0,0,111.0,530.0
FFX9,24,25,26,C,C,C,CH2,CH1,CH1,0.009,-0.019,0.012,14.027,13.019,13.019,3,3,0,0,0,0,120.0,560.0
FFX9,9,26,25,C,C,C,CH1,CH1,CH1,-0.001,0.012,-0.019,13.019,13.019,13.019,3,3,0,0,0,0,109.5,520.0
FFX9,9,26,27,C,C,C,CH1,CH1,CH2,-0.001,0.012,0.051,13.019,13.019,14.027,3,3,0,0,0,0,109.5,520.0
FFX9,25,26,27,C,C,C,CH1,CH1,CH2,-0.019,0.012,0.051,13.019,13.019,14.027,3,3,0,0,0,0,109.5,520.0
FFX9,26,27,28,C,C,C,CH1,CH2,C,0.012,0.051,-0.162,13.019,14.027,12.011,2,2,0,0,0,0,111.0,530.0
FFX9,6,28,27,C,C,C,C,C,CH2,-0.102,-0.162,0.051,12.011,12.011,14.027,3,2,1,0,0,0,126.0,640.0
FFX9,6,28,29,C,C,H,C,C,HC,-0.102,-0.162,0.121,12.011,12.011,1.008,3,2,1,0,0,0,120.0,505.0
FFX9,27,28,29,C,C,H,CH2,C,HC,0.051,-0.162,0.121,14.027,12.011,1.008,3,2,1,0,0,0,115.0,50.0
FFX9,7,30,31,C,C,C,C,CH2,CH2,-0.004,0.022,-0.02,12.011,14.027,14.027,2,2,0,0,0,0,111.0,530.0
FFX9,3,31,30,C,C,C,C,CH2,CH2,0.034,-0.02,0.022,12.011,14.027,14.027,2,2,0,0,0,0,111.0,530.0
ES3X,1,2,3,O,N,O,OM,NT,OM,-0.446,0.713,-0.446,15.9994,14.0067,15.9994,3,1,0,2,0,0,124.0,730.0
ES3X,1,2,4,O,N,C,OM,NT,C,-0.446,0.713,0.074,15.9994,14.0067,12.011,3,1,0,2,0,0,120.0,780.0
ES3X,3,2,4,O,N,C,OM,NT,C,-0.446,0.713,0.074,15.9994,14.0067,12.011,3,1,0,2,0,0,120.0,780.0
ES3X,2,4,5,N,C,C,NT,C,C,0.713,0.074,-0.263,14.0067,12.011,12.011,3,2,0,0,1,0,120.0,560.0
ES3X,2,4,14,N,C,C,NT,C,C,0.713,0.074,-0.319,14.0067,12.011,12.011,3,2,0,0,1,0,120.0,560.0
ES3X,5,4,14,C,C,C,C,C,C,-0.263,0.074,-0.319,12.011,12.011,12.011,3,2,0,0,1,0,126.0,640.0
ES3X,4,5,6,C,C,H,C,C,HC,0.074,-0.263,0.189,12.011,12.011,1.008,3,2,1,0,0,0,120.0,505.0
ES3X,4,5,7,C,C,C,C,C,C,0.074,-0.263,-0.029,12.011,12.011,12.011,3,2,1,0,0,0,120.0,560.0
ES3X,6,5,7,H,C,C,HC,C,C,0.189,-0.263,-0.029,1.008,12.011,12.011,3,2,1,0,0,0,120.0,505.0
ES3X,5,7,8,C,C,H,C,C,HC,-0.263,-0.029,0.149,12.011,12.011,1.008,3,2,1,0,0,0,120.0,505.0
ES3X,5,7,9,C,C,C,C,C,C,-0.263,-0.029,-0.304,12.011,12.011,12.011,3,2,1,0,0,0,120.0,560.0
ES3X,8,7,9,H,C,C,HC,C,C,0.149,-0.029,-0.304,1.008,12.011,12.011,3,2,1,0,0,0,120.0,505.0
ES3X,7,9,10,C,C,H,C,C,HC,-0.029,-0.304,0.184,12.011,12.011,1.008,3,2,1,0,0,0,120.0,505.0
ES3X,7,9,11,C,C,C,C,C,C,-0.029,-0.304,0.416,12.011,12.011,12.011,3,2,1,0,0,0,120.0,560.0
ES3X,10,9,11,H,C,C,HC,C,C,0.184,-0.304,0.416,1.008,12.011,12.011,3,2,1,0,0,0,120.0,505.0
ES3X,9,11,12,C,C,O,C,C,OA,-0.304,0.416,-0.578,12.011,12.011,15.9994,3,2,0,1,0,0,121.0,685.0
ES3X,9,11,14,C,C,C,C,C,C,-0.304,0.416,-0.319,12.011,12.011,12.011,3,2,0,1,0,0,120.0,560.0
ES3X,12,11,14,O,C,C,OA,C,C,-0.578,0.416,-0.319,15.9994,12.011,12.011,3,2,0,1,0,0,117.0,635.0
ES3X,11,12,13,C,O,H,C,OA,HS14,0.416,-0.578,0.45,12.011,15.9994,1.008,2,1,1,0,0,0,109.5,450.0
ES3X,4,14,11,C,C,C,C,C,C,0.074,-0.319,0.416,12.011,12.011,12.011,3,2,1,0,0,0,120.0,560.0
ES3X,4,14,15,C,C,H,C,C,HC,0.074,-0.319,0.21,12.011,12.011,1.008,3,2,1,0,0,0,120.0,505.0
ES3X,11,14,15,C,C,H,C,C,HC,0.416,-0.319,0.21,12.011,12.011,1.008,3,2,1,0,0,0,120.0,505.0
G280,1,2,3,H,O,C,HS14,OA,C,0.51,-0.567,0.379,1.008,15.9994,12.011,2,1,1,0,0,0,109.5,450.0
G280,2,3,4,O,C,C,OA,C,C,-0.567,0.379,-0.12,15.9994,12.011,12.011,3,2,0,1,0,0,126.0,640.0
G280,2,3,8,O,C,C,OA,C,C,-0.567,0.379,-0.245,15.9994,12.011,12.011,3,2,0,1,0,0,117.0,635.0
G280,4,3,8,C,C,C,C,C,C,-0.12,0.379,-0.245,12.011,12.011,12.011,3,2,0,1,0,0,120.0,560.0
G280,3,4,5,C,C,N,C,C,NT,0.379,-0.12,0.599,12.011,12.011,14.0067,3,2,0,0,1,0,120.0,560.0
G280,3,4,14,C,C,C,C,C,C,0.379,-0.12,-0.109,12.011,12.011,12.011,3,2,0,0,1,0,120.0,560.0
G280,5,4,14,N,C,C,NT,C,C,0.599,-0.12,-0.109,14.0067,12.011,12.011,3,2,0,0,1,0,120.0,560.0
G280,4,5,6,C,N,O,C,NT,OM,-0.12,0.599,-0.429,12.011,14.0067,15.9994,3,1,0,2,0,0,119.0,2211.4
G280,4,5,7,C,N,O,C,NT,OM,-0.12,0.599,-0.429,12.011,14.0067,15.9994,3,1,0,2,0,0,119.0,2211.4
G280,6,5,7,O,N,O,OM,NT,OM,-0.429,0.599,-0.429,15.9994,14.0067,15.9994,3,1,0,2,0,0,119.0,3925.78
G280,3,8,9,C,C,H,C,C,HC,0.379,-0.245,0.178,12.011,12.011,1.008,3,2,1,0,0,0,120.0,505.0
G280,3,8,10,C,C,C,C,C,C,0.379,-0.245,-0.06,12.011,12.011,12.011,3,2,1,0,0,0,120.0,560.0
G280,9,8,10,H,C,C,HC,C,C,0.178,-0.245,-0.06,1.008,12.011,12.011,3,2,1,0,0,0,120.0,505.0
G280,8,10,11,C,C,H,C,C,HC,-0.245,-0.06,0.146,12.011,12.011,1.008,3,2,1,0,0,0,120.0,505.0
G280,8,10,12,C,C,C,C,C,C,-0.245,-0.06,-0.153,12.011,12.011,12.011,3,2,1,0,0,0,120.0,560.0
G280,11,10,12,H,C,C,HC,C,C,0.146,-0.06,-0.153,1.008,12.011,12.011,3,2,1,0,0,0,120.0,505.0
G280,10,12,13,C,C,H,C,C,HC,-0.06,-0.153,0.149,12.011,12.011,1.008,3,2,1,0,0,0,120.0,505.0
G280,10,12,14,C,C,C,C,C,C,-0.06,-0.153,-0.109,12.011,12.011,12.011,3,2,1,0,0,0,120.0,560.0
G280,13,12,14,H,C,C,HC,C,C,0.149,-0.153,-0.109,1.008,12.011,12.011,3,2,1,0,0,0,120.0,505.0
G280,4,14,12,C,C,C,C,C,C,-0.12,-0.109,-0.153,12.011,12.011,12.011,3,2,1,0,0,0,120.0,560.0
G280,4,14,15,C,C,H,C,C,HC,-0.12,-0.109,0.151,12.011,12.011,1.008,3,2,1,0,0,0,120.0,505.0
G280,12,14,15,C,C,H,C,C,HC,-0.153,-0.109,0.151,12.011,12.011,1.008,3,2,1,0,0,0,120.0,505.0
9WTE,1,2,3,H,O,C,H,O,C,0.448,-0.608,0.403,1.008,15.9994,12.011,2,1,1,0,0,0,109.5,450.0
9WTE,2,3,4,O,C,C,O,C,C,-0.608,0.403,-0.319,15.9994,12.011,12.011,3,2,0,1,0,0,117.0,635.0
9WTE,2,3,11,O,C,C,O,C,C,-0.608,0.403,-0.319,15.9994,12.011,12.011,3,2,0,1,0,0,117.0,635.0
9WTE,4,3,11,C,C,C,C,C,C,-0.319,0.403,-0.319,12.011,12.011,12.011,3,2,0,1,0,0,120.0,560.0
9WTE,3,4,5,C,C,H,C,C,HC,0.403,-0.319,0.171,12.011,12.011,1.008,3,2,1,0,0,0,120.0,505.0
9WTE,3,4,6,C,C,C,C,C,C,0.403,-0.319,-0.126,12.011,12.011,12.011,3,2,1,0,0,0,120.0,560.0
9WTE,5,4,6,H,C,C,HC,C,C,0.171,-0.319,-0.126,1.008,12.011,12.011,3,2,1,0,0,0,120.0,505.0
9WTE,4,6,7,C,C,H,C,C,HC,-0.319,-0.126,0.131,12.011,12.011,1.008,3,2,1,0,0,0,120.0,505.0
9WTE,4,6,8,C,C,C,C,C,C,-0.319,-0.126,-0.065,12.011,12.011,12.011,3,2,1,0,0,0,120.0,560.0
9WTE,7,6,8,H,C,C,HC,C,C,0.131,-0.126,-0.065,1.008,12.011,12.011,3,2,1,0,0,0,120.0,505.0
9WTE,6,8,9,C,C,C,C,C,C,-0.126,-0.065,-0.126,12.011,12.011,12.011,3,3,0,0,0,0,120.0,560.0
9WTE,6,8,13,C,C,C,C,C,C,-0.126,-0.065,0.446,12.011,12.011,12.011,3,3,0,0,0,0,120.0,560.0
9WTE,9,8,13,C,C,C,C,C,C,-0.126,-0.065,0.446,12.011,12.011,12.011,3,3,0,0,0,0,120.0,560.0
9WTE,8,9,10,C,C,H,C,C,HC,-0.065,-0.126,0.131,12.011,12.011,1.008,3,2,1,0,0,0,120.0,505.0
9WTE,8,9,11,C,C,C,C,C,C,-0.065,-0.126,-0.319,12.011,12.011,12.011,3,2,1,0,0,0,120.0,560.0
9WTE,10,9,11,H,C,C,HC,C,C,0.131,-0.126,-0.319,1.008,12.011,12.011,3,2,1,0,0,0,120.0,505.0
9WTE,3,11,9,C,C,C,C,C,C,0.403,-0.319,-0.126,12.011,12.011,12.011,3,2,1,0,0,0,120.0,560.0
9WTE,3,11,12,C,C,H,C,C,HC,0.403,-0.319,0.171,12.011,12.011,1.008,3,2,1,0,0,0,120.0,505.0
9WTE,9,11,12,C,C,H,C,C,HC,-0.126,-0.319,0.171,12.011,12.011,1.008,3,2,1,0,0,0,120.0,505.0
9WTE,8,13,14,C,C,C,C,C,C,-0.065,0.446,-0.397,12.011,12.011,12.011,4,4,0,0,0,0,111.0,530.0
9WTE,8,13,18,C,C,C,C,C,C,-0.065,0.446,-0.397,12.011,12.011,12.011,4,4,0,0,0,0,111.0,530.0
9WTE,8,13,22,C,C,C,C,C,C,-0.065,0.446,-0.065,12.011,12.011,12.011,4,4,0,0,0,0,109.5,520.0
9WTE,14,13,18,C,C,C,C,C,C,-0.397,0.446,-0.397,12.011,12.011,12.011,4,4,0,0,0,0,109.5,520.0
9WTE,14,13,22,C,C,C,C,C,C,-0.397,0.446,-0.065,12.011,12.011,12.011,4,4,0,0,0,0,111.0,530.0
9WTE,18,13,22,C,C,C,C,C,C,-0.397,0.446,-0.065,12.011,12.011,12.011,4,4,0,0,0,0,111.0,530.0
9WTE,13,14,15,C,C,H,C,C,HC,0.446,-0.397,0.094,12.011,12.011,1.008,4,1,3,0,0,0,109.5,448.0
9WTE,13,14,16,C,C,H,C,C,HC,0.446,-0.397,0.094,12.011,12.011,1.008,4,1,3,0,0,0,109.5,448.0
9WTE,13,14,17,C,C,H,C,C,HC,0.446,-0.397,0.094,12.011,12.011,1.008,4,1,3,0,0,0,109.5,448.0
9WTE,15,14,16,H,C,H,HC,C,HC,0.094,-0.397,0.094,1.008,12.011,1.008,4,1,3,0,0,0,107.6,507.0
9WTE,15,14,17,H,C,H,HC,C,HC,0.094,-0.397,0.094,1.008,12.011,1.008,4,1,3,0,0,0,107.6,507.0
9WTE,16,14,17,H,C,H,HC,C,HC,0.094,-0.397,0.094,1.008,12.011,1.008,4,1,3,0,0,0,107.6,507.0
9WTE,13,18,19,C,C,H,C,C,HC,0.446,-0.397,0.094,12.011,12.011,1.008,4,1,3,0,0,0,109.5,448.0
9WTE,13,18,20,C,C,H,C,C,HC,0.446,-0.397,0.094,12.011,12.011,1.008,4,1,3,0,0,0,109.5,448.0
9WTE,13,18,21,C,C,H,C,C,HC,0.446,-0.397,0.094,12.011,12.011,1.008,4,1,3,0,0,0,109.5,448.0
9WTE,19,18,20,H,C,H,HC,C,HC,0.094,-0.397,0.094,1.008,12.011,1.008,4,1,3,0,0,0,107.6,507.0
9WTE,19,18,21,H,C,H,HC,C,HC,0.094,-0.397,0.094,1.008,12.011,1.008,4,1,3,0,0,0,107.6,507.0
9WTE,20,18,21,H,C,H,HC,C,HC,0.094,-0.397,0.094,1.008,12.011,1.008,4,1,3,0,0,0,107.6,507.0
9WTE,13,22,23,C,C,C,C,C,C,0.446,-0.065,-0.126,12.011,12.011,12.011,3,3,0,0,0,0,120.0,560.0
9WTE,13,22,32,C,C,C,C,C,C,0.446,-0.065,-0.126,12.011,12.011,12.011,3,3,0,0,0,0,120.0,560.0
9WTE,23,22,32,C,C,C,C,C,C,-0.126,-0.065,-0.126,12.011,12.011,12.011,3,3,0,0,0,0,120.0,560.0
9WTE,22,23,24,C,C,H,C,C,HC,-0.065,-0.126,0.131,12.011,12.011,1.008,3,2,1,0,0,0,120.0,505.0
9WTE,22,23,25,C,C,C,C,C,C,-0.065,-0.126,-0.319,12.011,12.011,12.011,3,2,1,0,0,0,120.0,560.0
9WTE,24,23,25,H,C,C,HC,C,C,0.131,-0.126,-0.319,1.008,12.011,12.011,3,2,1,0,0,0,120.0,505.0
9WTE,23,25,26,C,C,H,C,C,HC,-0.126,-0.319,0.171,12.011,12.011,1.008,3,2,1,0,0,0,120.0,505.0
9WTE,23,25,27,C,C,C,C,C,C,-0.126,-0.319,0.403,12.011,12.011,12.011,3,2,1,0,0,0,120.0,560.0
9WTE,26,25,27,H,C,C,HC,C,C,0.171,-0.319,0.403,1.008,12.011,12.011,3,2,1,0,0,0,120.0,505.0
9WTE,25,27,28,C,C,O,C,C,O,-0.319,0.403,-0.608,12.011,12.011,15.9994,3,2,0,1,0,0,117.0,635.0
9WTE,25,27,30,C,C,C,C,C,C,-0.319,0.403,-0.319,12.011,12.011,12.011,3,2,0,1,0,0,120.0,560.0
9WTE,28,27,30,O,C,C,O,C,C,-0.608,0.403,-0.319,15.9994,12.011,12.011,3,2,0,1,0,0,117.0,635.0
9WTE,27,28,29,C,O,H,C,O,H,0.403,-0.608,0.448,12.011,15.9994,1.008,2,1,1,0,0,0,109.5,450.0
9WTE,27,30,31,C,C,H,C,C,HC,0.403,-0.319,0.171,12.011,12.011,1.008,3,2,1,0,0,0,120.0,505.0
9WTE,27,30,32,C,C,C,C,C,C,0.403,-0.319,-0.126,12.011,12.011,12.011,3,2,1,0,0,0,120.0,560.0
9WTE,31,30,32,H,C,C,HC,C,C,0.171,-0.319,-0.126,1.008,12.011,12.011,3,2,1,0,0,0,120.0,505.0
9WTE,22,32,30,C,C,C,C,C,C,-0.065,-0.126,-0.319,12.011,12.011,12.011,3,2,1,0,0,0,120.0,560.0
9WTE,22,32,33,C,C,H,C,C,HC,-0.065,-0.126,0.131,12.011,12.011,1.008,3,2,1,0,0,0,120.0,505.0
9WTE,30,32,33,C,C,H,C,C,HC,-0.319,-0.126,0.131,12.011,12.011,1.008,3,2,1,0,0,0,120.0,505.0
EFZ,1,2,3,H,C,C,HC,C,C,0.142,-0.022,-0.32,1.008,12.011,12.011,3,2,1,0,0,0,120.0,505.0
EFZ,1,2,19,H,C,C,HC,C,C,0.142,-0.022,-0.022,1.008,12.011,12.011,3,2,1,0,0,0,120.0,505.0
EFZ,3,2,19,C,C,C,C,C,C,-0.32,-0.022,-0.022,12.011,12.011,12.011,3,2,1,0,0,0,120.0,560.0
EFZ,2,3,4,C,C,H,C,C,HC,-0.022,-0.32,0.212,12.011,12.011,1.008,3,2,1,0,0,0,120.0,505.0
EFZ,2,3,5,C,C,C,C,C,C,-0.022,-0.32,0.27,12.011,12.011,12.011,3,2,1,0,0,0,120.0,560.0
EFZ,4,3,5,H,C,C,HC,C,C,0.212,-0.32,0.27,1.008,12.011,12.011,3,2,1,0,0,0,120.0,505.0
EFZ,3,5,6,C,C,N,C,C,N,-0.32,0.27,-0.575,12.011,12.011,14.0067,3,2,0,0,1,0,120.0,560.0
EFZ,3,5,16,C,C,C,C,C,C,-0.32,0.27,0.119,12.011,12.011,12.011,3,2,0,0,1,0,120.0,560.0
EFZ,6,5,16,N,C,C,N,C,C,-0.575,0.27,0.119,14.0067,12.011,12.011,3,2,0,0,1,0,120.0,560.0
EFZ,5,6,7,C,N,H,C,N,H,0.27,-0.575,0.383,12.011,14.0067,1.008,3,2,1,0,0,0,120.0,390.0
EFZ,5,6,8,C,N,C,C,N,C,0.27,-0.575,0.82,12.011,14.0067,12.011,3,2,1,0,0,0,124.0,730.0
EFZ,7,6,8,H,N,C,H,N,C,0.383,-0.575,0.82,1.008,14.0067,12.011,3,2,1,0,0,0,115.0,460.0
EFZ,6,8,9,N,C,O,N,C,OE,-0.575,0.82,-0.591,14.0067,12.011,15.9994,3,0,0,2,1,0,124.0,730.0
EFZ,6,8,10,N,C,O,N,C,OE,-0.575,0.82,-0.37,14.0067,12.011,15.9994,3,0,0,2,1,0,119.0,2211.4
EFZ,9,8,10,O,C,O,OE,C,OE,-0.591,0.82,-0.37,15.9994,12.011,15.9994,3,0,0,2,1,0,124.0,730.0
EFZ,8,10,11,C,O,C,C,OE,C,0.82,-0.37,0.04,12.011,15.9994,12.011,2,2,0,0,0,0,124.0,3074.03
EFZ,10,11,12,O,C,C,OE,C,C,-0.37,0.04,0.367,15.9994,12.011,12.011,4,3,0,1,0,0,109.5,520.0
EFZ,10,11,16,O,C,C,OE,C,C,-0.37,0.04,0.119,15.9994,12.011,12.011,4,3,0,1,0,0,111.0,530.0
EFZ,10,11,21,O,C,C,OE,C,C,-0.37,0.04,-0.05,15.9994,12.011,12.011,4,3,0,1,0,0,109.5,520.0
EFZ,12,11,16,C,C,C,C,C,C,0.367,0.04,0.119,12.011,12.011,12.011,4,3,0,1,0,0,109.5,520.0
EFZ,12,11,21,C,C,C,C,C,C,0.367,0.04,-0.05,12.011,12.011,12.011,4,3,0,1,0,0,109.5,520.0
EFZ,16,11,21,C,C,C,C,C,C,0.119,0.04,-0.05,12.011,12.011,12.011,4,3,0,1,0,0,111.0,530.0
EFZ,11,12,13,C,C,F,C,C,F,0.04,0.367,-0.129,12.011,12.011,18.9984,4,1,0,0,0,0,109.0,1680.51
EFZ,11,12,14,C,C,F,C,C,F,0.04,0.367,-0.129,12.011,12.011,18.9984,4,1,0,0,0,0,109.0,1680.51
EFZ,11,12,15,C,C,F,C,C,F,0.04,0.367,-0.129,12.011,12.011,18.9984,4,1,0,0,0,0,109.0,1680.51
EFZ,13,12,14,F,C,F,F,C,F,-0.129,0.367,-0.129,18.9984,12.011,18.9984,4,1,0,0,0,0,109.0,1680.51
EFZ,13,12,15,F,C,F,F,C,F,-0.129,0.367,-0.129,18.9984,12.011,18.9984,4,1,0,0,0,0,109.0,1680.51
EFZ,14,12,15,F,C,F,F,C,F,-0.129,0.367,-0.129,18.9984,12.011,18.9984,4,1,0,0,0,0,109.0,1680.51
EFZ,5,16,11,C,C,C,C,C,C,0.27,0.119,0.04,12.011,12.011,12.011,3,3,0,0,0,0,120.0,560.0
EFZ,5,16,17,C,C,C,C,C,C,0.27,0.119,-0.195,12.011,12.011,12.011,3,3,0,0,0,0,120.0,560.0
EFZ,11,16,17,C,C,C,C,C,C,0.04,0.119,-0.195,12.011,12.011,12.011,3,3,0,0,0,0,120.0,560.0
EFZ,16,17,18,C,C,H,C,C,HC,0.119,-0.195,0.198,12.011,12.011,1.008,3,2,1,0,0,0,120.0,505.0
EFZ,16,17,19,C,C,C,C,C,C,0.119,-0.195,-0.022,12.011,12.011,12.011,3,2,1,0,0,0,120.0,560.0
EFZ,18,17,19,H,C,C,HC,C,C,0.198,-0.195,-0.022,1.008,12.011,12.011,3,2,1,0,0,0,120.0,505.0
EFZ,2,19,17,C,C,C,C,C,C,-0.022,-0.022,-0.195,12.011,12.011,12.011,3,3,0,0,0,0,120.0,560.0
EFZ,2,19,20,C,C,C,C,C,CL,-0.022,-0.022,-0.11,12.011,12.011,35.453,3,3,0,0,0,0,120.0,560.0
EFZ,17,19,20,C,C,C,C,C,CL,-0.195,-0.022,-0.11,12.011,12.011,35.453,3,3,0,0,0,0,120.0,560.0
EFZ,11,21,22,C,C,C,C,C,C,0.04,-0.05,-0.104,12.011,12.011,12.011,2,2,0,0,0,0,180.0,500.0
EFZ,21,22,23,C,C,C,C,C,C,-0.05,-0.104,-0.023,12.011,12.011,12.011,2,2,0,0,0,0,180.0,500.0
EFZ,22,23,24,C,C,H,C,C,HC,-0.104,-0.023,0.156,12.011,12.011,1.008,4,3,1,0,0,0,115.0,460.0
EFZ,22,23,25,C,C,C,C,C,C,-0.104,-0.023,-0.273,12.011,12.011,12.011,4,3,1,0,0,0,120.0,560.0
EFZ,22,23,28,C,C,C,C,C,C,-0.104,-0.023,-0.256,12.011,12.011,12.011,4,3,1,0,0,0,120.0,560.0
EFZ,24,23,25,H,C,C,HC,C,C,0.156,-0.023,-0.273,1.008,12.011,12.011,4,3,1,0,0,0,120.0,505.0
EFZ,24,23,28,H,C,C,HC,C,C,0.156,-0.023,-0.256,1.008,12.011,12.011,4,3,1,0,0,0,120.0,505.0
EFZ,25,23,28,C,C,C,C,C,C,-0.273,-0.023,-0.256,12.011,12.011,12.011,4,3,1,0,0,0,60.0,1468.18
EFZ,23,25,26,C,C,H,C,C,HC,-0.023,-0.273,0.149,12.011,12.011,1.008,4,2,2,0,0,0,120.0,505.0
EFZ,23,25,27,C,C,H,C,C,HC,-0.023,-0.273,0.15,12.011,12.011,1.008,4,2,2,0,0,0,120.0,505.0
EFZ,23,25,28,C,C,C,C,C,C,-0.023,-0.273,-0.256,12.011,12.011,12.011,4,2,2,0,0,0,61.0,2354.7
EFZ,26,25,27,H,C,H,HC,C,HC,0.149,-0.273,0.15,1.008,12.011,1.008,4,2,2,0,0,0,115.0,460.0
EFZ,26,25,28,H,C,C,HC,C,C,0.149,-0.273,-0.256,1.008,12.011,12.011,4,2,2,0,0,0,120.0,505.0
EFZ,27,25,28,H,C,C,HC,C,C,0.15,-0.273,-0.256,1.008,12.011,12.011,4,2,2,0,0,0,120.0,505.0
EFZ,23,28,25,C,C,C,C,C,C,-0.023,-0.256,-0.273,12.011,12.011,12.011,4,2,2,0,0,0,61.0,2354.7
EFZ,23,28,29,C,C,H,C,C,HC,-0.023,-0.256,0.15,12.011,12.011,1.008,4,2,2,0,0,0,120.0,505.0
EFZ,23,28,30,C,C,H,C,C,HC,-0.023,-0.256,0.142,12.011,12.011,1.008,4,2,2,0,0,0,120.0,505.0
EFZ,25,28,29,C,C,H,C,C,HC,-0.273,-0.256,0.15,12.011,12.011,1.008,4,2,2,0,0,0,120.0,505.0
EFZ,25,28,30,C,C,H,C,C,HC,-0.273,-0.256,0.142,12.011,12.011,1.008,4,2,2,0,0,0,120.0,505.0
EFZ,29,28,30,H,C,H,HC,C,HC,0.15,-0.256,0.142,1.008,12.011,1.008,4,2,2,0,0,0,115.0,460.0
NPO,1,2,3,O,N,O,OM,NT,OM,-0.44,0.644,-0.44,15.9994,14.0067,15.9994,3,1,0,2,0,0,124.0,730.0
NPO,1,2,4,O,N,C,OM,NT,C,-0.44,0.644,0.022,15.9994,14.0067,12.011,3,1,0,2,0,0,117.2,636.0
NPO,3,2,4,O,N,C,OM,NT,C,-0.44,0.644,0.022,15.9994,14.0067,12.011,3,1,0,2,0,0,117.2,636.0
NPO,2,4,5,N,C,C,NT,C,C,0.644,0.022,-0.129,14.0067,12.011,12.011,3,2,0,0,1,0,120.0,560.0
NPO,2,4,14,N,C,C,NT,C,C,0.644,0.022,-0.129,14.0067,12.011,12.011,3,2,0,0,1,0,120.0,560.0
NPO,5,4,14,C,C,C,C,C,C,-0.129,0.022,-0.129,12.011,12.011,12.011,3,2,0,0,1,0,120.0,560.0
NPO,4,5,6,C,C,H,C,C,HC,0.022,-0.129,0.163,12.011,12.011,1.008,3,2,1,0,0,0,120.0,505.0
NPO,4,5,7,C,C,C,C,C,C,0.022,-0.129,-0.259,12.011,12.011,12.011,3,2,1,0,0,0,120.0,560.0
NPO,6,5,7,H,C,C,HC,C,C,0.163,-0.129,-0.259,1.008,12.011,12.011,3,2,1,0,0,0,120.0,505.0
NPO,5,7,8,C,C,H,C,C,HC,-0.129,-0.259,0.178,12.011,12.011,1.008,3,2,1,0,0,0,120.0,505.0
NPO,5,7,9,C,C,C,C,C,C,-0.129,-0.259,0.422,12.011,12.011,12.011,3,2,1,0,0,0,120.0,560.0
NPO,8,7,9,H,C,C,HC,C,C,0.178,-0.259,0.422,1.008,12.011,12.011,3,2,1,0,0,0,120.0,505.0
NPO,7,9,10,C,C,O,C,C,OA,-0.259,0.422,-0.576,12.011,12.011,15.9994,3,2,0,1,0,0,117.0,635.0
NPO,7,9,12,C,C,C,C,C,C,-0.259,0.422,-0.259,12.011,12.011,12.011,3,2,0,1,0,0,120.0,560.0
NPO,10,9,12,O,C,C,OA,C,C,-0.576,0.422,-0.259,15.9994,12.011,12.011,3,2,0,1,0,0,117.0,635.0
NPO,9,10,11,C,O,H,C,OA,HS14,0.422,-0.576,0.462,12.011,15.9994,1.008,2,1,1,0,0,0,109.5,450.0
NPO,9,12,13,C,C,H,C,C,HC,0.422,-0.259,0.178,12.011,12.011,1.008,3,2,1,0,0,0,120.0,505.0
NPO,9,12,14,C,C,C,C,C,C,0.422,-0.259,-0.129,12.011,12.011,12.011,3,2,1,0,0,0,120.0,560.0
NPO,13,12,14,H,C,C,HC,C,C,0.178,-0.259,-0.129,1.008,12.011,12.011,3,2,1,0,0,0,120.0,505.0
NPO,4,14,12,C,C,C,C,C,C,0.022,-0.129,-0.259,12.011,12.011,12.011,3,2,1,0,0,0,120.0,560.0
NPO,4,14,15,C,C,H,C,C,HC,0.022,-0.129,0.163,12.011,12.011,1.008,3,2,1,0,0,0,120.0,505.0
NPO,12,14,15,C,C,H,C,C,HC,-0.259,-0.129,0.163,12.011,12.011,1.008,3,2,1,0,0,0,120.0,505.0
ZUVU,1,2,3,H,N,H,HS14,NPri,HS14,0.331,-0.455,0.331,1.008,14.0067,1.008,3,1,2,0,0,0,120.0,445.0
ZUVU,1,2,4,H,N,C,HS14,NPri,C,0.331,-0.455,0.075,1.008,14.0067,12.011,3,1,2,0,0,0,120.0,390.0
ZUVU,3,2,4,H,N,C,HS14,NPri,C,0.331,-0.455,0.075,1.008,14.0067,12.011,3,1,2,0,0,0,120.0,390.0
ZUVU,2,4,5,N,C,S,NPri,C,SDmso,-0.455,0.075,-0.539,14.0067,12.011,32.06,3,0,0,0,2,1,124.0,3074.03
ZUVU,2,4,6,N,C,N,NPri,C,NOpt,-0.455,0.075,0.113,14.0067,12.011,14.0067,3,0,0,0,2,1,120.0,560.0
ZUVU,5,4,6,S,C,N,SDmso,C,NOpt,-0.539,0.075,0.113,32.06,12.011,14.0067,3,0,0,0,2,1,119.0,2211.4
ZUVU,4,6,7,C,N,H,C,NOpt,HS14,0.075,0.113,0.193,12.011,14.0067,1.008,3,1,1,0,1,0,116.0,465.0
ZUVU,4,6,8,C,N,N,C,NOpt,NOpt,0.075,0.113,-0.256,12.011,14.0067,14.0067,3,1,1,0,1,0,119.0,2211.4
ZUVU,7,6,8,H,N,N,HS14,NOpt,NOpt,0.193,0.113,-0.256,1.008,14.0067,14.0067,3,1,1,0,1,0,121.0,685.0
ZUVU,6,8,9,N,N,C,NOpt,NOpt,C,0.113,-0.256,-0.001,14.0067,14.0067,12.011,2,1,0,0,1,0,119.0,2211.4
ZUVU,8,9,10,N,C,H,NOpt,C,HC,-0.256,-0.001,0.158,14.0067,12.011,1.008,3,1,1,0,1,0,120.0,505.0
ZUVU,8,9,11,N,C,C,NOpt,C,CAro,-0.256,-0.001,0.039,14.0067,12.011,12.011,3,1,1,0,1,0,120.0,560.0
ZUVU,10,9,11,H,C,C,HC,C,CAro,0.158,-0.001,0.039,1.008,12.011,12.011,3,1,1,0,1,0,120.0,505.0
ZUVU,9,11,12,C,C,C,C,CAro,CAro,-0.001,0.039,-0.143,12.011,12.011,12.011,3,3,0,0,0,0,120.0,560.0
ZUVU,9,11,20,C,C,C,C,CAro,CAro,-0.001,0.039,-0.018,12.011,12.011,12.011,3,3,0,0,0,0,120.0,560.0
ZUVU,12,11,20,C,C,C,CAro,CAro,CAro,-0.143,0.039,-0.018,12.011,12.011,12.011,3,3,0,0,0,0,120.0,560.0
ZUVU,11,12,13,C,C,H,CAro,CAro,HC,0.039,-0.143,0.134,12.011,12.011,1.008,3,2,1,0,0,0,120.0,505.0
ZUVU,11,12,14,C,C,C,CAro,CAro,CAro,0.039,-0.143,-0.142,12.011,12.011,12.011,3,2,1,0,0,0,120.0,560.0
ZUVU,13,12,14,H,C,C,HC,CAro,CAro,0.134,-0.143,-0.142,1.008,12.011,12.011,3,2,1,0,0,0,120.0,505.0
ZUVU,12,14,15,C,C,H,CAro,CAro,HC,-0.143,-0.142,0.154,12.011,12.011,1.008,3,2,1,0,0,0,120.0,505.0
ZUVU,12,14,16,C,C,C,CAro,CAro,CAro,-0.143,-0.142,-0.053,12.011,12.011,12.011,3,2,1,0,0,0,120.0,560.0
ZUVU,15,14,16,H,C,C,HC,CAro,CAro,0.154,-0.142,-0.053,1.008,12.011,12.011,3,2,1,0,0,0,120.0,505.0
ZUVU,14,16,17,C,C,H,CAro,CAro,HC,-0.142,-0.053,0.129,12.011,12.011,1.008,3,2,1,0,0,0,120.0,505.0
ZUVU,14,16,18,C,C,C,CAro,CAro,CAro,-0.142,-0.053,-0.022,12.011,12.011,12.011,3,2,1,0,0,0,120.0,560.0
ZUVU,17,16,18,H,C,C,HC,CAro,CAro,0.129,-0.053,-0.022,1.008,12.011,12.011,3,2,1,0,0,0,120.0,505.0
ZUVU,16,18,19,C,C,Cl,CAro,CAro,CLAro,-0.053,-0.022,-0.119,12.011,12.011,35.453,3,2,0,0,0,0,120.0,560.0
ZUVU,16,18,20,C,C,C,CAro,CAro,CAro,-0.053,-0.022,-0.018,12.011,12.011,12.011,3,2,0,0,0,0,120.0,560.0
ZUVU,19,18,20,Cl,C,C,CLAro,CAro,CAro,-0.119,-0.022,-0.018,35.453,12.011,12.011,3,2,0,0,0,0,120.0,560.0
ZUVU,11,20,18,C,C,C,CAro,CAro,CAro,0.039,-0.018,-0.022,12.011,12.011,12.011,3,2,1,0,0,0,120.0,560.0
ZUVU,11,20,21,C,C,H,CAro,CAro,HC,0.039,-0.018,0.091,12.011,12.011,1.008,3,2,1,0,0,0,120.0,505.0
ZUVU,18,20,21,C,C,H,CAro,CAro,HC,-0.022,-0.018,0.091,12.011,12.011,1.008,3,2,1,0,0,0,120.0,505.0
B5XE,1,2,3,H,C,H,HC,C,HC,0.11,-0.24,0.11,1.008,12.011,1.008,4,1,3,0,0,0,109.0,1680.51
B5XE,1,2,4,H,C,H,HC,C,HC,0.11,-0.24,0.11,1.008,12.011,1.008,4,1,3,0,0,0,109.0,1680.51
B5XE,1,2,5,H,C,C,HC,C,C,0.11,-0.24,0.29,1.008,12.011,12.011,4,1,3,0,0,0,108.53,443.0
B5XE,3,2,4,H,C,H,HC,C,HC,0.11,-0.24,0.11,1.008,12.011,1.008,4,1,3,0,0,0,109.0,1680.51
B5XE,3,2,5,H,C,C,HC,C,C,0.11,-0.24,0.29,1.008,12.011,12.011,4,1,3,0,0,0,108.53,443.0
B5XE,4,2,5,H,C,C,HC,C,C,0.11,-0.24,0.29,1.008,12.011,12.011,4,1,3,0,0,0,108.53,443.0
B5XE,2,5,6,C,C,O,C,C,O,-0.24,0.29,-0.38,12.011,12.011,15.9994,3,1,0,1,1,0,121.0,685.0
B5XE,2,5,7,C,C,N,C,C,N,-0.24,0.29,-0.379,12.011,12.011,14.0067,3,1,0,1,1,0,115.0,610.0
B5XE,6,5,7,O,C,N,O,C,N,-0.38,0.29,-0.379,15.9994,12.011,14.0067,3,1,0,1,1,0,124.0,730.0
B5XE,5,7,8,C,N,H,C,N,H,0.29,-0.379,0.268,12.011,14.0067,1.008,3,2,1,0,0,0,120.0,390.0
B5XE,5,7,9,C,N,C,C,N,C,0.29,-0.379,-0.018,12.011,14.0067,12.011,3,2,1,0,0,0,121.0,685.0
B5XE,8,7,9,H,N,C,H,N,C,0.268,-0.379,-0.018,1.008,14.0067,12.011,3,2,1,0,0,0,120.0,390.0
B5XE,7,9,10,N,C,H,N,C,HC,-0.379,-0.018,0.143,14.0067,12.011,1.008,4,2,1,0,1,0,108.0,465.0
B5XE,7,9,11,N,C,C,N,C,C,-0.379,-0.018,0.144,14.0067,12.011,12.011,4,2,1,0,1,0,111.0,530.0
B5XE,7,9,26,N,C,C,N,C,C,-0.379,-0.018,-0.025,14.0067,12.011,12.011,4,2,1,0,1,0,115.0,610.0
B5XE,10,9,11,H,C,C,HC,C,C,0.143,-0.018,0.144,1.008,12.011,12.011,4,2,1,0,1,0,108.0,465.0
B5XE,10,9,26,H,C,C,HC,C,C,0.143,-0.018,-0.025,1.008,12.011,12.011,4,2,1,0,1,0,108.0,465.0
B5XE,11,9,26,C,C,C,C,C,C,0.144,-0.018,-0.025,12.011,12.011,12.011,4,2,1,0,1,0,109.5,520.0
B5XE,9,11,12,C,C,H,C,C,HC,-0.018,0.144,0.11,12.011,12.011,1.008,4,1,1,2,0,0,113.0,545.0
B5XE,9,11,13,C,C,O,C,C,OE,-0.018,0.144,-0.268,12.011,12.011,15.9994,4,1,1,2,0,0,109.5,520.0
B5XE,9,11,14,C,C,O,C,C,OE,-0.018,0.144,-0.316,12.011,12.011,15.9994,4,1,1,2,0,0,111.0,530.0
B5XE,12,11,13,H,C,O,HC,C,OE,0.11,0.144,-0.268,1.008,12.011,15.9994,4,1,1,2,0,0,111.4,532.0
B5XE,12,11,14,H,C,O,HC,C,OE,0.11,0.144,-0.316,1.008,12.011,15.9994,4,1,1,2,0,0,111.0,530.0
B5XE,13,11,14,O,C,O,OE,C,OE,-0.268,0.144,-0.316,15.9994,12.011,15.9994,4,1,1,2,0,0,101.0,2076.33
B5XE,11,13,30,C,O,C,C,OE,C,0.144,-0.268,-0.029,12.011,15.9994,12.011,2,2,0,0,0,0,109.5,450.0
B5XE,11,14,15,C,O,C,C,OE,C,0.144,-0.316,0.005,12.011,15.9994,12.011,2,2,0,0,0,0,109.5,450.0
B5XE,14,15,16,O,C,H,OE,C,HC,-0.316,0.005,0.101,15.9994,12.011,1.008,4,2,1,1,0,0,109.6,450.0
B5XE,14,15,17,O,C,C,OE,C,C,-0.316,0.005,-0.011,15.9994,12.011,12.011,4,2,1,1,0,0,109.5,520.0
B5XE,14,15,22,O,C,C,OE,C,C,-0.316,0.005,-0.023,15.9994,12.011,12.011,4,2,1,1,0,0,109.5,520.0
B5XE,16,15,17,H,C,C,HC,C,C,0.101,0.005,-0.011,1.008,12.011,12.011,4,2,1,1,0,0,110.0,4763.46
B5XE,16,15,22,H,C,C,HC,C,C,0.101,0.005,-0.023,1.008,12.011,12.011,4,2,1,1,0,0,109.6,450.0
B5XE,17,15,22,C,C,C,C,C,C,-0.011,0.005,-0.023,12.011,12.011,12.011,4,2,1,1,0,0,111.0,530.0
B5XE,15,17,18,C,C,H,C,C,HC,0.005,-0.011,0.077,12.011,12.011,1.008,4,1,2,1,0,0,109.5,285.0
B5XE,15,17,19,C,C,H,C,C,HC,0.005,-0.011,0.133,12.011,12.011,1.008,4,1,2,1,0,0,108.53,443.0
B5XE,15,17,20,C,C,O,C,C,OA,0.005,-0.011,-0.32,12.011,12.011,15.9994,4,1,2,1,0,0,111.0,530.0
B5XE,18,17,19,H,C,H,HC,C,HC,0.077,-0.011,0.133,1.008,12.011,1.008,4,1,2,1,0,0,110.3,524.0
B5XE,18,17,20,H,C,O,HC,C,OA,0.077,-0.011,-0.32,1.008,12.011,15.9994,4,1,2,1,0,0,110.3,524.0
B5XE,19,17,20,H,C,O,HC,C,OA,0.133,-0.011,-0.32,1.008,12.011,15.9994,4,1,2,1,0,0,106.0,1733.55
B5XE,17,20,21,C,O,H,C,OA,H,-0.011,-0.32,0.331,12.011,15.9994,1.008,2,1,1,0,0,0,109.5,450.0
B5XE,15,22,23,C,C,H,C,C,HC,0.005,-0.023,0.108,12.011,12.011,1.008,4,2,1,1,0,0,109.6,450.0
B5XE,15,22,24,C,C,O,C,C,OA,0.005,-0.023,-0.323,12.011,12.011,15.9994,4,2,1,1,0,0,109.5,520.0
B5XE,15,22,26,C,C,C,C,C,C,0.005,-0.023,-0.025,12.011,12.011,12.011,4,2,1,1,0,0,109.5,520.0
B5XE,23,22,24,H,C,O,HC,C,OA,0.108,-0.023,-0.323,1.008,12.011,15.9994,4,2,1,1,0,0,109.6,450.0
B5XE,23,22,26,H,C,C,HC,C,C,0.108,-0.023,-0.025,1.008,12.011,12.011,4,2,1,1,0,0,110.3,524.0
B5XE,24,22,26,O,C,C,OA,C,C,-0.323,-0.023,-0.025,15.9994,12.011,12.011,4,2,1,1,0,0,109.5,520.0
B5XE,22,24,25,C,O,H,C,OA,H,-0.023,-0.323,0.225,12.011,15.9994,1.008,2,1,1,0,0,0,109.5,450.0
B5XE,9,26,22,C,C,C,C,C,C,-0.018,-0.025,-0.023,12.011,12.011,12.011,4,2,1,1,0,0,109.5,520.0
B5XE,9,26,27,C,C,H,C,C,HC,-0.018,-0.025,0.123,12.011,12.011,1.008,4,2,1,1,0,0,111.3,632.0
B5XE,9,26,28,C,C,O,C,C,OA,-0.018,-0.025,-0.327,12.011,12.011,15.9994,4,2,1,1,0,0,111.0,530.0
B5XE,22,26,27,C,C,H,C,C,HC,-0.023,-0.025,0.123,12.011,12.011,1.008,4,2,1,1,0,0,109.5,285.0
B5XE,22,26,28,C,C,O,C,C,OA,-0.023,-0.025,-0.327,12.011,12.011,15.9994,4,2,1,1,0,0,109.5,520.0
B5XE,27,26,28,H,C,O,HC,C,OA,0.123,-0.025,-0.327,1.008,12.011,15.9994,4,2,1,1,0,0,104.0,490.0
B5XE,26,28,29,C,O,H,C,OA,H,-0.025,-0.327,0.242,12.011,15.9994,1.008,2,1,1,0,0,0,109.5,450.0
B5XE,13,30,31,O,C,H,OE,C,HC,-0.268,-0.029,0.137,15.9994,12.011,1.008,4,2,1,1,0,0,111.4,532.0
B5XE,13,30,32,O,C,C,OE,C,C,-0.268,-0.029,-0.014,15.9994,12.011,12.011,4,2,1,1,0,0,109.5,520.0
B5XE,13,30,40,O,C,C,OE,C,C,-0.268,-0.029,0.009,15.9994,12.011,12.011,4,2,1,1,0,0,109.5,520.0
B5XE,31,30,32,H,C,C,HC,C,C,0.137,-0.029,-0.014,1.008,12.011,12.011,4,2,1,1,0,0,110.0,4763.46
B5XE,31,30,40,H,C,C,HC,C,C,0.137,-0.029,0.009,1.008,12.011,12.011,4,2,1,1,0,0,110.0,4763.46
B5XE,32,30,40,C,C,C,C,C,C,-0.014,-0.029,0.009,12.011,12.011,12.011,4,2,1,1,0,0,109.5,520.0
B5XE,30,32,33,C,C,H,C,C,HC,-0.029,-0.014,0.104,12.011,12.011,1.008,4,2,1,1,0,0,110.3,524.0
B5XE,30,32,34,C,C,O,C,C,OE,-0.029,-0.014,-0.32,12.011,12.011,15.9994,4,2,1,1,0,0,109.5,520.0
B5XE,30,32,35,C,C,C,C,C,C,-0.029,-0.014,-0.015,12.011,12.011,12.011,4,2,1,1,0,0,111.0,530.0
B5XE,33,32,34,H,C,O,HC,C,OE,0.104,-0.014,-0.32,1.008,12.011,15.9994,4,2,1,1,0,0,110.0,4763.46
B5XE,33,32,35,H,C,C,HC,C,C,0.104,-0.014,-0.015,1.008,12.011,12.011,4,2,1,1,0,0,109.6,450.0
B5XE,34,32,35,O,C,C,OE,C,C,-0.32,-0.014,-0.015,15.9994,12.011,12.011,4,2,1,1,0,0,109.5,520.0
B5XE,32,34,48,C,O,C,C,OE,C,-0.014,-0.32,0.133,12.011,15.9994,12.011,2,2,0,0,0,0,109.5,450.0
B5XE,32,35,36,C,C,H,C,C,HC,-0.014,-0.015,0.094,12.011,12.011,1.008,4,1,2,1,0,0,109.6,450.0
B5XE,32,35,37,C,C,H,C,C,HC,-0.014,-0.015,0.105,12.011,12.011,1.008,4,1,2,1,0,0,109.0,1680.51
B5XE,32,35,38,C,C,O,C,C,OA,-0.014,-0.015,-0.332,12.011,12.011,15.9994,4,1,2,1,0,0,111.0,530.0
B5XE,36,35,37,H,C,H,HC,C,HC,0.094,-0.015,0.105,1.008,12.011,1.008,4,1,2,1,0,0,110.3,524.0
B5XE,36,35,38,H,C,O,HC,C,OA,0.094,-0.015,-0.332,1.008,12.011,15.9994,4,1,2,1,0,0,110.3,524.0
B5XE,37,35,38,H,C,O,HC,C,OA,0.105,-0.015,-0.332,1.008,12.011,15.9994,4,1,2,1,0,0,106.0,1733.55
B5XE,35,38,39,C,O,H,C,OA,H,-0.015,-0.332,0.27,12.011,15.9994,1.008,2,1,1,0,0,0,109.5,450.0
B5XE,30,40,41,C,C,H,C,C,HC,-0.029,0.009,0.087,12.011,12.011,1.008,4,2,1,1,0,0,109.5,285.0
B5XE,30,40,42,C,C,O,C,C,OA,-0.029,0.009,-0.323,12.011,12.011,15.9994,4,2,1,1,0,0,111.0,530.0
B5XE,30,40,44,C,C,C,C,C,C,-0.029,0.009,0.012,12.011,12.011,12.011,4,2,1,1,0,0,109.5,520.0
B5XE,41,40,42,H,C,O,HC,C,OA,0.087,0.009,-0.323,1.008,12.011,15.9994,4,2,1,1,0,0,109.0,1680.51
B5XE,41,40,44,H,C,C,HC,C,C,0.087,0.009,0.012,1.008,12.011,12.011,4,2,1,1,0,0,111.0,530.0
B5XE,42,40,44,O,C,C,OA,C,C,-0.323,0.009,0.012,15.9994,12.011,12.011,4,2,1,1,0,0,109.5,520.0
B5XE,40,42,43,C,O,H,C,OA,H,0.009,-0.323,0.227,12.011,15.9994,1.008,2,1,1,0,0,0,109.5,450.0
B5XE,40,44,45,C,C,H,C,C,HC,0.009,0.012,0.162,12.011,12.011,1.008,4,2,1,0,1,0,109.0,1680.51
B5XE,40,44,46,C,C,N,C,C,N,0.009,0.012,-0.37,12.011,12.011,14.0067,4,2,1,0,1,0,115.0,610.0
B5XE,40,44,48,C,C,C,C,C,C,0.009,0.012,0.133,12.011,12.011,12.011,4,2,1,0,1,0,109.5,520.0
B5XE,45,44,46,H,C,N,HC,C,N,0.162,0.012,-0.37,1.008,12.011,14.0067,4,2,1,0,1,0,108.53,443.0
B5XE,45,44,48,H,C,C,HC,C,C,0.162,0.012,0.133,1.008,12.011,12.011,4,2,1,0,1,0,108.0,465.0
B5XE,46,44,48,N,C,C,N,C,C,-0.37,0.012,0.133,14.0067,12.011,12.011,4,2,1,0,1,0,111.0,530.0
B5XE,44,46,47,C,N,H,C,N,H,0.012,-0.37,0.203,12.011,14.0067,1.008,3,2,1,0,0,0,116.0,465.0
B5XE,44,46,322,C,N,C,C,N,C,0.012,-0.37,0.274,12.011,14.0067,12.011,3,2,1,0,0,0,122.0,700.0
B5XE,47,46,322,H,N,C,H,N,C,0.203,-0.37,0.274,1.008,14.0067,12.011,3,2,1,0,0,0,120.0,390.0
B5XE,34,48,44,O,C,C,OE,C,C,-0.32,0.133,0.012,15.9994,12.011,12.011,4,1,1,2,0,0,111.0,530.0
B5XE,34,48,49,O,C,H,OE,C,HC,-0.32,0.133,0.11,15.9994,12.011,1.008,4,1,1,2,0,0,110.3,524.0
B5XE,34,48,50,O,C,O,OE,C,OE,-0.32,0.133,-0.25,15.9994,12.011,15.9994,4,1,1,2,0,0,101.0,2076.33
B5XE,44,48,49,C,C,H,C,C,HC,0.012,0.133,0.11,12.011,12.011,1.008,4,1,1,2,0,0,113.0,545.0
B5XE,44,48,50,C,C,O,C,C,OE,0.012,0.133,-0.25,12.011,12.011,15.9994,4,1,1,2,0,0,109.5,520.0
B5XE,49,48,50,H,C,O,HC,C,OE,0.11,0.133,-0.25,1.008,12.011,15.9994,4,1,1,2,0,0,113.0,545.0
B5XE,48,50,51,C,O,C,C,OE,C,0.133,-0.25,-0.031,12.011,15.9994,12.011,2,2,0,0,0,0,109.5,450.0
B5XE,50,51,52,O,C,H,OE,C,HC,-0.25,-0.031,0.131,15.9994,12.011,1.008,4,2,1,1,0,0,111.4,532.0
B5XE,50,51,53,O,C,C,OE,C,C,-0.25,-0.031,-0.014,15.9994,12.011,12.011,4,2,1,1,0,0,109.5,520.0
B5XE,50,51,61,O,C,C,OE,C,C,-0.25,-0.031,0.01,15.9994,12.011,12.011,4,2,1,1,0,0,109.5,520.0
B5XE,52,51,53,H,C,C,HC,C,C,0.131,-0.031,-0.014,1.008,12.011,12.011,4,2,1,1,0,0,110.0,4763.46
B5XE,52,51,61,H,C,C,HC,C,C,0.131,-0.031,0.01,1.008,12.011,12.011,4,2,1,1,0,0,110.0,4763.46
B5XE,53,51,61,C,C,C,C,C,C,-0.014,-0.031,0.01,12.011,12.011,12.011,4,2,1,1,0,0,109.5,520.0
B5XE,51,53,54,C,C,H,C,C,HC,-0.031,-0.014,0.109,12.011,12.011,1.008,4,2,1,1,0,0,110.3,524.0
B5XE,51,53,55,C,C,O,C,C,OE,-0.031,-0.014,-0.322,12.011,12.011,15.9994,4,2,1,1,0,0,109.5,520.0
B5XE,51,53,56,C,C,C,C,C,C,-0.031,-0.014,-0.019,12.011,12.011,12.011,4,2,1,1,0,0,111.0,530.0
B5XE,54,53,55,H,C,O,HC,C,OE,0.109,-0.014,-0.322,1.008,12.011,15.9994,4,2,1,1,0,0,110.0,4763.46
B5XE,54,53,56,H,C,C,HC,C,C,0.109,-0.014,-0.019,1.008,12.011,12.011,4,2,1,1,0,0,109.6,450.0
B5XE,55,53,56,O,C,C,OE,C,C,-0.322,-0.014,-0.019,15.9994,12.011,12.011,4,2,1,1,0,0,109.5,520.0
B5XE,53,55,69,C,O,C,C,OE,C,-0.014,-0.322,0.133,12.011,15.9994,12.011,2,2,0,0,0,0,109.5,450.0
B5XE,53,56,57,C,C,H,C,C,HC,-0.014,-0.019,0.092,12.011,12.011,1.008,4,1,2,1,0,0,109.6,450.0
B5XE,53,56,58,C,C,H,C,C,HC,-0.014,-0.019,0.117,12.011,12.011,1.008,4,1,2,1,0,0,109.0,1680.51
B5XE,53,56,59,C,C,O,C,C,OA,-0.014,-0.019,-0.334,12.011,12.011,15.9994,4,1,2,1,0,0,111.0,530.0
B5XE,57,56,58,H,C,H,HC,C,HC,0.092,-0.019,0.117,1.008,12.011,1.008,4,1,2,1,0,0,110.3,524.0
B5XE,57,56,59,H,C,O,HC,C,OA,0.092,-0.019,-0.334,1.008,12.011,15.9994,4,1,2,1,0,0,110.3,524.0
B5XE,58,56,59,H,C,O,HC,C,OA,0.117,-0.019,-0.334,1.008,12.011,15.9994,4,1,2,1,0,0,106.0,1733.55
B5XE,56,59,60,C,O,H,C,OA,H,-0.019,-0.334,0.271,12.011,15.9994,1.008,2,1,1,0,0,0,109.5,450.0
B5XE,51,61,62,C,C,H,C,C,HC,-0.031,0.01,0.092,12.011,12.011,1.008,4,2,1,1,0,0,109.5,285.0
B5XE,51,61,63,C,C,O,C,C,OA,-0.031,0.01,-0.324,12.011,12.011,15.9994,4,2,1,1,0,0,111.0,530.0
B5XE,51,61,65,C,C,C,C,C,C,-0.031,0.01,0.011,12.011,12.011,12.011,4,2,1,1,0,0,109.5,520.0
B5XE,62,61,63,H,C,O,HC,C,OA,0.092,0.01,-0.324,1.008,12.011,15.9994,4,2,1,1,0,0,109.0,1680.51
B5XE,62,61,65,H,C,C,HC,C,C,0.092,0.01,0.011,1.008,12.011,12.011,4,2,1,1,0,0,111.0,530.0
B5XE,63,61,65,O,C,C,OA,C,C,-0.324,0.01,0.011,15.9994,12.011,12.011,4,2,1,1,0,0,109.5,520.0
B5XE,61,63,64,C,O,H,C,OA,H,0.01,-0.324,0.222,12.011,15.9994,1.008,2,1,1,0,0,0,109.5,450.0
B5XE,61,65,66,C,C,H,C,C,HC,0.01,0.011,0.161,12.011,12.011,1.008,4,2,1,0,1,0,109.0,1680.51
B5XE,61,65,67,C,C,N,C,C,N,0.01,0.011,-0.369,12.011,12.011,14.0067,4,2,1,0,1,0,111.0,530.0
B5XE,61,65,69,C,C,C,C,C,C,0.01,0.011,0.133,12.011,12.011,12.011,4,2,1,0,1,0,109.5,520.0
B5XE,66,65,67,H,C,N,HC,C,N,0.161,0.011,-0.369,1.008,12.011,14.0067,4,2,1,0,1,0,108.53,443.0
B5XE,66,65,69,H,C,C,HC,C,C,0.161,0.011,0.133,1.008,12.011,12.011,4,2,1,0,1,0,108.0,465.0
B5XE,67,65,69,N,C,C,N,C,C,-0.369,0.011,0.133,14.0067,12.011,12.011,4,2,1,0,1,0,111.0,530.0
B5XE,65,67,68,C,N,H,C,N,H,0.011,-0.369,0.204,12.011,14.0067,1.008,3,2,1,0,0,0,116.0,465.0
B5XE,65,67,316,C,N,C,C,N,C,0.011,-0.369,0.277,12.011,14.0067,12.011,3,2,1,0,0,0,122.0,700.0
B5XE,68,67,316,H,N,C,H,N,C,0.204,-0.369,0.277,1.008,14.0067,12.011,3,2,1,0,0,0,120.0,390.0
B5XE,55,69,65,O,C,C,OE,C,C,-0.322,0.133,0.011,15.9994,12.011,12.011,4,1,1,2,0,0,111.0,530.0
B5XE,55,69,70,O,C,H,OE,C,HC,-0.322,0.133,0.111,15.9994,12.011,1.008,4,1,1,2,0,0,110.3,524.0
B5XE,55,69,71,O,C,O,OE,C,OE,-0.322,0.133,-0.251,15.9994,12.011,15.9994,4,1,1,2,0,0,101.0,2076.33
B5XE,65,69,70,C,C,H,C,C,HC,0.011,0.133,0.111,12.011,12.011,1.008,4,1,1,2,0,0,113.0,545.0
B5XE,65,69,71,C,C,O,C,C,OE,0.011,0.133,-0.251,12.011,12.011,15.9994,4,1,1,2,0,0,109.5,520.0
B5XE,70,69,71,H,C,O,HC,C,OE,0.111,0.133,-0.251,1.008,12.011,15.9994,4,1,1,2,0,0,113.0,545.0
B5XE,69,71,72,C,O,C,C,OE,C,0.133,-0.251,-0.031,12.011,15.9994,12.011,2,2,0,0,0,0,109.5,450.0
B5XE,71,72,73,O,C,H,OE,C,HC,-0.251,-0.031,0.132,15.9994,12.011,1.008,4,2,1,1,0,0,111.4,532.0
B5XE,71,72,74,O,C,C,OE,C,C,-0.251,-0.031,-0.014,15.9994,12.011,12.011,4,2,1,1,0,0,109.5,520.0
B5XE,71,72,82,O,C,C,OE,C,C,-0.251,-0.031,0.01,15.9994,12.011,12.011,4,2,1,1,0,0,109.5,520.0
B5XE,73,72,74,H,C,C,HC,C,C,0.132,-0.031,-0.014,1.008,12.011,12.011,4,2,1,1,0,0,110.0,4763.46
B5XE,73,72,82,H,C,C,HC,C,C,0.132,-0.031,0.01,1.008,12.011,12.011,4,2,1,1,0,0,110.0,4763.46
B5XE,74,72,82,C,C,C,C,C,C,-0.014,-0.031,0.01,12.011,12.011,12.011,4,2,1,1,0,0,109.5,520.0
B5XE,72,74,75,C,C,H,C,C,HC,-0.031,-0.014,0.108,12.011,12.011,1.008,4,2,1,1,0,0,110.3,524.0
B5XE,72,74,76,C,C,O,C,C,OE,-0.031,-0.014,-0.322,12.011,12.011,15.9994,4,2,1,1,0,0,109.5,520.0
B5XE,72,74,77,C,C,C,C,C,C,-0.031,-0.014,-0.019,12.011,12.011,12.011,4,2,1,1,0,0,111.0,530.0
B5XE,75,74,76,H,C,O,HC,C,OE,0.108,-0.014,-0.322,1.008,12.011,15.9994,4,2,1,1,0,0,110.0,4763.46
B5XE,75,74,77,H,C,C,HC,C,C,0.108,-0.014,-0.019,1.008,12.011,12.011,4,2,1,1,0,0,109.6,450.0
B5XE,76,74,77,O,C,C,OE,C,C,-0.322,-0.014,-0.019,15.9994,12.011,12.011,4,2,1,1,0,0,109.5,520.0
B5XE,74,76,90,C,O,C,C,OE,C,-0.014,-0.322,0.134,12.011,15.9994,12.011,2,2,0,0,0,0,109.5,450.0
B5XE,74,77,78,C,C,H,C,C,HC,-0.014,-0.019,0.091,12.011,12.011,1.008,4,1,2,1,0,0,109.6,450.0
B5XE,74,77,79,C,C,H,C,C,HC,-0.014,-0.019,0.117,12.011,12.011,1.008,4,1,2,1,0,0,109.0,1680.51
B5XE,74,77,80,C,C,O,C,C,OA,-0.014,-0.019,-0.333,12.011,12.011,15.9994,4,1,2,1,0,0,111.0,530.0
B5XE,78,77,79,H,C,H,HC,C,HC,0.091,-0.019,0.117,1.008,12.011,1.008,4,1,2,1,0,0,110.3,524.0
B5XE,78,77,80,H,C,O,HC,C,OA,0.091,-0.019,-0.333,1.008,12.011,15.9994,4,1,2,1,0,0,110.3,524.0
B5XE,79,77,80,H,C,O,HC,C,OA,0.117,-0.019,-0.333,1.008,12.011,15.9994,4,1,2,1,0,0,106.0,1733.55
B5XE,77,80,81,C,O,H,C,OA,H,-0.019,-0.333,0.271,12.011,15.9994,1.008,2,1,1,0,0,0,109.5,450.0
B5XE,72,82,83,C,C,H,C,C,HC,-0.031,0.01,0.091,12.011,12.011,1.008,4,2,1,1,0,0,109.5,285.0
B5XE,72,82,84,C,C,O,C,C,OA,-0.031,0.01,-0.325,12.011,12.011,15.9994,4,2,1,1,0,0,111.0,530.0
B5XE,72,82,86,C,C,C,C,C,C,-0.031,0.01,0.011,12.011,12.011,12.011,4,2,1,1,0,0,109.5,520.0
B5XE,83,82,84,H,C,O,HC,C,OA,0.091,0.01,-0.325,1.008,12.011,15.9994,4,2,1,1,0,0,109.0,1680.51
B5XE,83,82,86,H,C,C,HC,C,C,0.091,0.01,0.011,1.008,12.011,12.011,4,2,1,1,0,0,111.0,530.0
B5XE,84,82,86,O,C,C,OA,C,C,-0.325,0.01,0.011,15.9994,12.011,12.011,4,2,1,1,0,0,109.5,520.0
B5XE,82,84,85,C,O,H,C,OA,H,0.01,-0.325,0.224,12.011,15.9994,1.008,2,1,1,0,0,0,109.5,450.0
B5XE,82,86,87,C,C,H,C,C,HC,0.01,0.011,0.161,12.011,12.011,1.008,4,2,1,0,1,0,109.0,1680.51
B5XE,82,86,88,C,C,N,C,C,N,0.01,0.011,-0.369,12.011,12.011,14.0067,4,2,1,0,1,0,111.0,530.0
B5XE,82,86,90,C,C,C,C,C,C,0.01,0.011,0.134,12.011,12.011,12.011,4,2,1,0,1,0,109.5,520.0
B5XE,87,86,88,H,C,N,HC,C,N,0.161,0.011,-0.369,1.008,12.011,14.0067,4,2,1,0,1,0,108.53,443.0
B5XE,87,86,90,H,C,C,HC,C,C,0.161,0.011,0.134,1.008,12.011,12.011,4,2,1,0,1,0,108.0,465.0
B5XE,88,86,90,N,C,C,N,C,C,-0.369,0.011,0.134,14.0067,12.011,12.011,4,2,1,0,1,0,111.0,530.0
B5XE,86,88,89,C,N,H,C,N,H,0.011,-0.369,0.204,12.011,14.0067,1.008,3,2,1,0,0,0,116.0,465.0
B5XE,86,88,310,C,N,C,C,N,C,0.011,-0.369,0.28,12.011,14.0067,12.011,3,2,1,0,0,0,122.0,700.0
B5XE,89,88,310,H,N,C,H,N,C,0.204,-0.369,0.28,1.008,14.0067,12.011,3,2,1,0,0,0,120.0,390.0
B5XE,76,90,86,O,C,C,OE,C,C,-0.322,0.134,0.011,15.9994,12.011,12.011,4,1,1,2,0,0,111.0,530.0
B5XE,76,90,91,O,C,H,OE,C,HC,-0.322,0.134,0.11,15.9994,12.011,1.008,4,1,1,2,0,0,110.3,524.0
B5XE,76,90,92,O,C,O,OE,C,OE,-0.322,0.134,-0.251,15.9994,12.011,15.9994,4,1,1,2,0,0,101.0,2076.33
B5XE,86,90,91,C,C,H,C,C,HC,0.011,0.134,0.11,12.011,12.011,1.008,4,1,1,2,0,0,113.0,545.0
B5XE,86,90,92,C,C,O,C,C,OE,0.011,0.134,-0.251,12.011,12.011,15.9994,4,1,1,2,0,0,109.5,520.0
B5XE,91,90,92,H,C,O,HC,C,OE,0.11,0.134,-0.251,1.008,12.011,15.9994,4,1,1,2,0,0,113.0,545.0
B5XE,90,92,93,C,O,C,C,OE,C,0.134,-0.251,-0.031,12.011,15.9994,12.011,2,2,0,0,0,0,109.5,450.0
B5XE,92,93,94,O,C,H,OE,C,HC,-0.251,-0.031,0.132,15.9994,12.011,1.008,4,2,1,1,0,0,111.4,532.0
B5XE,92,93,95,O,C,C,OE,C,C,-0.251,-0.031,-0.013,15.9994,12.011,12.011,4,2,1,1,0,0,109.5,520.0
B5XE,92,93,103,O,C,C,OE,C,C,-0.251,-0.031,0.01,15.9994,12.011,12.011,4,2,1,1,0,0,109.5,520.0
B5XE,94,93,95,H,C,C,HC,C,C,0.132,-0.031,-0.013,1.008,12.011,12.011,4,2,1,1,0,0,110.0,4763.46
B5XE,94,93,103,H,C,C,HC,C,C,0.132,-0.031,0.01,1.008,12.011,12.011,4,2,1,1,0,0,110.0,4763.46
B5XE,95,93,103,C,C,C,C,C,C,-0.013,-0.031,0.01,12.011,12.011,12.011,4,2,1,1,0,0,109.5,520.0
B5XE,93,95,96,C,C,H,C,C,HC,-0.031,-0.013,0.108,12.011,12.011,1.008,4,2,1,1,0,0,110.3,524.0
B5XE,93,95,97,C,C,O,C,C,OE,-0.031,-0.013,-0.323,12.011,12.011,15.9994,4,2,1,1,0,0,109.5,520.0
B5XE,93,95,98,C,C,C,C,C,C,-0.031,-0.013,-0.019,12.011,12.011,12.011,4,2,1,1,0,0,111.0,530.0
B5XE,96,95,97,H,C,O,HC,C,OE,0.108,-0.013,-0.323,1.008,12.011,15.9994,4,2,1,1,0,0,110.0,4763.46
B5XE,96,95,98,H,C,C,HC,C,C,0.108,-0.013,-0.019,1.008,12.011,12.011,4,2,1,1,0,0,109.6,450.0
B5XE,97,95,98,O,C,C,OE,C,C,-0.323,-0.013,-0.019,15.9994,12.011,12.011,4,2,1,1,0,0,109.5,520.0
B5XE,95,97,111,C,O,C,C,OE,C,-0.013,-0.323,0.134,12.011,15.9994,12.011,2,2,0,0,0,0,109.5,450.0
B5XE,95,98,99,C,C,H,C,C,HC,-0.013,-0.019,0.091,12.011,12.011,1.008,4,1,2,1,0,0,109.6,450.0
B5XE,95,98,100,C,C,H,C,C,HC,-0.013,-0.019,0.117,12.011,12.011,1.008,4,1,2,1,0,0,109.0,1680.51
B5XE,95,98,101,C,C,O,C,C,OA,-0.013,-0.019,-0.333,12.011,12.011,15.9994,4,1,2,1,0,0,111.0,530.0
B5XE,99,98,100,H,C,H,HC,C,HC,0.091,-0.019,0.117,1.008,12.011,1.008,4,1,2,1,0,0,110.3,524.0
B5XE,99,98,101,H,C,O,HC,C,OA,0.091,-0.019,-0.333,1.008,12.011,15.9994,4,1,2,1,0,0,110.3,524.0
B5XE,100,98,101,H,C,O,HC,C,OA,0.117,-0.019,-0.333,1.008,12.011,15.9994,4,1,2,1,0,0,106.0,1733.55
B5XE,98,101,102,C,O,H,C,OA,H,-0.019,-0.333,0.271,12.011,15.9994,1.008,2,1,1,0,0,0,109.5,450.0
B5XE,93,103,104,C,C,H,C,C,HC,-0.031,0.01,0.092,12.011,12.011,1.008,4,2,1,1,0,0,109.0,1680.51
B5XE,93,103,105,C,C,O,C,C,OA,-0.031,0.01,-0.325,12.011,12.011,15.9994,4,2,1,1,0,0,111.0,530.0
B5XE,93,103,107,C,C,C,C,C,C,-0.031,0.01,0.011,12.011,12.011,12.011,4,2,1,1,0,0,109.5,520.0
B5XE,104,103,105,H,C,O,HC,C,OA,0.092,0.01,-0.325,1.008,12.011,15.9994,4,2,1,1,0,0,109.0,1680.51
B5XE,104,103,107,H,C,C,HC,C,C,0.092,0.01,0.011,1.008,12.011,12.011,4,2,1,1,0,0,111.0,530.0
B5XE,105,103,107,O,C,C,OA,C,C,-0.325,0.01,0.011,15.9994,12.011,12.011,4,2,1,1,0,0,109.5,520.0
B5XE,103,105,106,C,O,H,C,OA,H,0.01,-0.325,0.223,12.011,15.9994,1.008,2,1,1,0,0,0,109.5,450.0
B5XE,103,107,108,C,C,H,C,C,HC,0.01,0.011,0.161,12.011,12.011,1.008,4,2,1,0,1,0,109.0,1680.51
B5XE,103,107,109,C,C,N,C,C,N,0.01,0.011,-0.368,12.011,12.011,14.0067,4,2,1,0,1,0,111.0,530.0
B5XE,103,107,111,C,C,C,C,C,C,0.01,0.011,0.134,12.011,12.011,12.011,4,2,1,0,1,0,109.5,520.0
B5XE,108,107,109,H,C,N,HC,C,N,0.161,0.011,-0.368,1.008,12.011,14.0067,4,2,1,0,1,0,108.53,443.0
B5XE,108,107,111,H,C,C,HC,C,C,0.161,0.011,0.134,1.008,12.011,12.011,4,2,1,0,1,0,108.0,465.0
B5XE,109,107,111,N,C,C,N,C,C,-0.368,0.011,0.134,14.0067,12.011,12.011,4,2,1,0,1,0,111.0,530.0
B5XE,107,109,110,C,N,H,C,N,H,0.011,-0.368,0.203,12.011,14.0067,1.008,3,2,1,0,0,0,116.0,465.0
B5XE,107,109,304,C,N,C,C,N,C,0.011,-0.368,0.277,12.011,14.0067,12.011,3,2,1,0,0,0,122.0,700.0
B5XE,110,109,304,H,N,C,H,N,C,0.203,-0.368,0.277,1.008,14.0067,12.011,3,2,1,0,0,0,120.0,390.0
B5XE,97,111,107,O,C,C,OE,C,C,-0.323,0.134,0.011,15.9994,12.011,12.011,4,1,1,2,0,0,111.0,530.0
B5XE,97,111,112,O,C,H,OE,C,HC,-0.323,0.134,0.11,15.9994,12.011,1.008,4,1,1,2,0,0,110.3,524.0
B5XE,97,111,113,O,C,O,OE,C,OE,-0.323,0.134,-0.251,15.9994,12.011,15.9994,4,1,1,2,0,0,101.0,2076.33
B5XE,107,111,112,C,C,H,C,C,HC,0.011,0.134,0.11,12.011,12.011,1.008,4,1,1,2,0,0,113.0,545.0
B5XE,107,111,113,C,C,O,C,C,OE,0.011,0.134,-0.251,12.011,12.011,15.9994,4,1,1,2,0,0,109.5,520.0
B5XE,112,111,113,H,C,O,HC,C,OE,0.11,0.134,-0.251,1.008,12.011,15.9994,4,1,1,2,0,0,113.0,545.0
B5XE,111,113,114,C,O,C,C,OE,C,0.134,-0.251,-0.031,12.011,15.9994,12.011,2,2,0,0,0,0,109.5,450.0
B5XE,113,114,115,O,C,H,OE,C,HC,-0.251,-0.031,0.132,15.9994,12.011,1.008,4,2,1,1,0,0,111.4,532.0
B5XE,113,114,116,O,C,C,OE,C,C,-0.251,-0.031,-0.014,15.9994,12.011,12.011,4,2,1,1,0,0,109.5,520.0
B5XE,113,114,124,O,C,C,OE,C,C,-0.251,-0.031,0.01,15.9994,12.011,12.011,4,2,1,1,0,0,109.5,520.0
B5XE,115,114,116,H,C,C,HC,C,C,0.132,-0.031,-0.014,1.008,12.011,12.011,4,2,1,1,0,0,110.0,4763.46
B5XE,115,114,124,H,C,C,HC,C,C,0.132,-0.031,0.01,1.008,12.011,12.011,4,2,1,1,0,0,110.0,4763.46
B5XE,116,114,124,C,C,C,C,C,C,-0.014,-0.031,0.01,12.011,12.011,12.011,4,2,1,1,0,0,109.5,520.0
B5XE,114,116,117,C,C,H,C,C,HC,-0.031,-0.014,0.108,12.011,12.011,1.008,4,2,1,1,0,0,110.3,524.0
B5XE,114,116,118,C,C,O,C,C,OE,-0.031,-0.014,-0.323,12.011,12.011,15.9994,4,2,1,1,0,0,109.5,520.0
B5XE,114,116,119,C,C,C,C,C,C,-0.031,-0.014,-0.019,12.011,12.011,12.011,4,2,1,1,0,0,111.0,530.0
B5XE,117,116,118,H,C,O,HC,C,OE,0.108,-0.014,-0.323,1.008,12.011,15.9994,4,2,1,1,0,0,110.0,4763.46
B5XE,117,116,119,H,C,C,HC,C,C,0.108,-0.014,-0.019,1.008,12.011,12.011,4,2,1,1,0,0,109.6,450.0
B5XE,118,116,119,O,C,C,OE,C,C,-0.323,-0.014,-0.019,15.9994,12.011,12.011,4,2,1,1,0,0,109.5,520.0
B5XE,116,118,132,C,O,C,C,OE,C,-0.014,-0.323,0.134,12.011,15.9994,12.011,2,2,0,0,0,0,109.5,450.0
B5XE,116,119,120,C,C,H,C,C,HC,-0.014,-0.019,0.091,12.011,12.011,1.008,4,1,2,1,0,0,109.6,450.0
B5XE,116,119,121,C,C,H,C,C,HC,-0.014,-0.019,0.117,12.011,12.011,1.008,4,1,2,1,0,0,109.0,1680.51
B5XE,116,119,122,C,C,O,C,C,OA,-0.014,-0.019,-0.332,12.011,12.011,15.9994,4,1,2,1,0,0,111.0,530.0
B5XE,120,119,121,H,C,H,HC,C,HC,0.091,-0.019,0.117,1.008,12.011,1.008,4,1,2,1,0,0,110.3,524.0
B5XE,120,119,122,H,C,O,HC,C,OA,0.091,-0.019,-0.332,1.008,12.011,15.9994,4,1,2,1,0,0,110.3,524.0
B5XE,121,119,122,H,C,O,HC,C,OA,0.117,-0.019,-0.332,1.008,12.011,15.9994,4,1,2,1,0,0,106.0,1733.55
B5XE,119,122,123,C,O,H,C,OA,H,-0.019,-0.332,0.271,12.011,15.9994,1.008,2,1,1,0,0,0,109.5,450.0
B5XE,114,124,125,C,C,H,C,C,HC,-0.031,0.01,0.092,12.011,12.011,1.008,4,2,1,1,0,0,109.0,1680.51
B5XE,114,124,126,C,C,O,C,C,OA,-0.031,0.01,-0.325,12.011,12.011,15.9994,4,2,1,1,0,0,111.0,530.0
B5XE,114,124,128,C,C,C,C,C,C,-0.031,0.01,0.011,12.011,12.011,12.011,4,2,1,1,0,0,109.5,520.0
B5XE,125,124,126,H,C,O,HC,C,OA,0.092,0.01,-0.325,1.008,12.011,15.9994,4,2,1,1,0,0,109.0,1680.51
B5XE,125,124,128,H,C,C,HC,C,C,0.092,0.01,0.011,1.008,12.011,12.011,4,2,1,1,0,0,111.0,530.0
B5XE,126,124,128,O,C,C,OA,C,C,-0.325,0.01,0.011,15.9994,12.011,12.011,4,2,1,1,0,0,109.5,520.0
B5XE,124,126,127,C,O,H,C,OA,H,0.01,-0.325,0.223,12.011,15.9994,1.008,2,1,1,0,0,0,109.5,450.0
B5XE,124,128,129,C,C,H,C,C,HC,0.01,0.011,0.161,12.011,12.011,1.008,4,2,1,0,1,0,109.0,1680.51
B5XE,124,128,130,C,C,N,C,C,N,0.01,0.011,-0.368,12.011,12.011,14.0067,4,2,1,0,1,0,111.0,530.0
B5XE,124,128,132,C,C,C,C,C,C,0.01,0.011,0.134,12.011,12.011,12.011,4,2,1,0,1,0,109.5,520.0
B5XE,129,128,130,H,C,N,HC,C,N,0.161,0.011,-0.368,1.008,12.011,14.0067,4,2,1,0,1,0,108.53,443.0
B5XE,129,128,132,H,C,C,HC,C,C,0.161,0.011,0.134,1.008,12.011,12.011,4,2,1,0,1,0,108.0,465.0
B5XE,130,128,132,N,C,C,N,C,C,-0.368,0.011,0.134,14.0067,12.011,12.011,4,2,1,0,1,0,111.0,530.0
B5XE,128,130,131,C,N,H,C,N,H,0.011,-0.368,0.203,12.011,14.0067,1.008,3,2,1,0,0,0,116.0,465.0
B5XE,128,130,298,C,N,C,C,N,C,0.011,-0.368,0.28,12.011,14.0067,12.011,3,2,1,0,0,0,122.0,700.0
B5XE,131,130,298,H,N,C,H,N,C,0.203,-0.368,0.28,1.008,14.0067,12.011,3,2,1,0,0,0,120.0,390.0
B5XE,118,132,128,O,C,C,OE,C,C,-0.323,0.134,0.011,15.9994,12.011,12.011,4,1,1,2,0,0,111.0,530.0
B5XE,118,132,133,O,C,H,OE,C,HC,-0.323,0.134,0.11,15.9994,12.011,1.008,4,1,1,2,0,0,110.3,524.0
B5XE,118,132,134,O,C,O,OE,C,OE,-0.323,0.134,-0.251,15.9994,12.011,15.9994,4,1,1,2,0,0,101.0,2076.33
B5XE,128,132,133,C,C,H,C,C,HC,0.011,0.134,0.11,12.011,12.011,1.008,4,1,1,2,0,0,113.0,545.0
B5XE,128,132,134,C,C,O,C,C,OE,0.011,0.134,-0.251,12.011,12.011,15.9994,4,1,1,2,0,0,109.5,520.0
B5XE,133,132,134,H,C,O,HC,C,OE,0.11,0.134,-0.251,1.008,12.011,15.9994,4,1,1,2,0,0,113.0,545.0
B5XE,132,134,135,C,O,C,C,OE,C,0.134,-0.251,-0.031,12.011,15.9994,12.011,2,2,0,0,0,0,109.5,450.0
B5XE,134,135,136,O,C,H,OE,C,HC,-0.251,-0.031,0.132,15.9994,12.011,1.008,4,2,1,1,0,0,111.4,532.0
B5XE,134,135,137,O,C,C,OE,C,C,-0.251,-0.031,-0.014,15.9994,12.011,12.011,4,2,1,1,0,0,109.5,520.0
B5XE,134,135,145,O,C,C,OE,C,C,-0.251,-0.031,0.01,15.9994,12.011,12.011,4,2,1,1,0,0,109.5,520.0
B5XE,136,135,137,H,C,C,HC,C,C,0.132,-0.031,-0.014,1.008,12.011,12.011,4,2,1,1,0,0,110.0,4763.46
B5XE,136,135,145,H,C,C,HC,C,C,0.132,-0.031,0.01,1.008,12.011,12.011,4,2,1,1,0,0,110.0,4763.46
B5XE,137,135,145,C,C,C,C,C,C,-0.014,-0.031,0.01,12.011,12.011,12.011,4,2,1,1,0,0,109.5,520.0
B5XE,135,137,138,C,C,H,C,C,HC,-0.031,-0.014,0.108,12.011,12.011,1.008,4,2,1,1,0,0,110.3,524.0
B5XE,135,137,139,C,C,O,C,C,OE,-0.031,-0.014,-0.323,12.011,12.011,15.9994,4,2,1,1,0,0,109.5,520.0
B5XE,135,137,140,C,C,C,C,C,C,-0.031,-0.014,-0.019,12.011,12.011,12.011,4,2,1,1,0,0,111.0,530.0
B5XE,138,137,139,H,C,O,HC,C,OE,0.108,-0.014,-0.323,1.008,12.011,15.9994,4,2,1,1,0,0,110.0,4763.46
B5XE,138,137,140,H,C,C,HC,C,C,0.108,-0.014,-0.019,1.008,12.011,12.011,4,2,1,1,0,0,109.6,450.0
B5XE,139,137,140,O,C,C,OE,C,C,-0.323,-0.014,-0.019,15.9994,12.011,12.011,4,2,1,1,0,0,109.5,520.0
B5XE,137,139,153,C,O,C,C,OE,C,-0.014,-0.323,0.134,12.011,15.9994,12.011,2,2,0,0,0,0,109.5,450.0
B5XE,137,140,141,C,C,H,C,C,HC,-0.014,-0.019,0.091,12.011,12.011,1.008,4,1,2,1,0,0,109.6,450.0
B5XE,137,140,142,C,C,H,C,C,HC,-0.014,-0.019,0.117,12.011,12.011,1.008,4,1,2,1,0,0,109.0,1680.51
B5XE,137,140,143,C,C,O,C,C,OA,-0.014,-0.019,-0.332,12.011,12.011,15.9994,4,1,2,1,0,0,111.0,530.0
B5XE,141,140,142,H,C,H,HC,C,HC,0.091,-0.019,0.117,1.008,12.011,1.008,4,1,2,1,0,0,110.3,524.0
B5XE,141,140,143,H,C,O,HC,C,OA,0.091,-0.019,-0.332,1.008,12.011,15.9994,4,1,2,1,0,0,110.3,524.0
B5XE,142,140,143,H,C,O,HC,C,OA,0.117,-0.019,-0.332,1.008,12.011,15.9994,4,1,2,1,0,0,106.0,1733.55
B5XE,140,143,144,C,O,H,C,OA,H,-0.019,-0.332,0.271,12.011,15.9994,1.008,2,1,1,0,0,0,109.5,450.0
B5XE,135,145,146,C,C,H,C,C,HC,-0.031,0.01,0.091,12.011,12.011,1.008,4,2,1,1,0,0,109.0,1680.51
B5XE,135,145,147,C,C,O,C,C,OA,-0.031,0.01,-0.325,12.011,12.011,15.9994,4,2,1,1,0,0,111.0,530.0
B5XE,135,145,149,C,C,C,C,C,C,-0.031,0.01,0.011,12.011,12.011,12.011,4,2,1,1,0,0,109.5,520.0
B5XE,146,145,147,H,C,O,HC,C,OA,0.091,0.01,-0.325,1.008,12.011,15.9994,4,2,1,1,0,0,109.0,1680.51
B5XE,146,145,149,H,C,C,HC,C,C,0.091,0.01,0.011,1.008,12.011,12.011,4,2,1,1,0,0,111.0,530.0
B5XE,147,145,149,O,C,C,OA,C,C,-0.325,0.01,0.011,15.9994,12.011,12.011,4,2,1,1,0,0,109.5,520.0
B5XE,145,147,148,C,O,H,C,OA,H,0.01,-0.325,0.224,12.011,15.9994,1.008,2,1,1,0,0,0,109.5,450.0
B5XE,145,149,150,C,C,H,C,C,HC,0.01,0.011,0.161,12.011,12.011,1.008,4,2,1,0,1,0,109.0,1680.51
B5XE,145,149,151,C,C,N,C,C,N,0.01,0.011,-0.368,12.011,12.011,14.0067,4,2,1,0,1,0,111.0,530.0
B5XE,145,149,153,C,C,C,C,C,C,0.01,0.011,0.134,12.011,12.011,12.011,4,2,1,0,1,0,109.5,520.0
B5XE,150,149,151,H,C,N,HC,C,N,0.161,0.011,-0.368,1.008,12.011,14.0067,4,2,1,0,1,0,108.53,443.0
B5XE,150,149,153,H,C,C,HC,C,C,0.161,0.011,0.134,1.008,12.011,12.011,4,2,1,0,1,0,108.0,465.0
B5XE,151,149,153,N,C,C,N,C,C,-0.368,0.011,0.134,14.0067,12.011,12.011,4,2,1,0,1,0,111.0,530.0
B5XE,149,151,152,C,N,H,C,N,H,0.011,-0.368,0.203,12.011,14.0067,1.008,3,2,1,0,0,0,116.0,465.0
B5XE,149,151,292,C,N,C,C,N,C,0.011,-0.368,0.28,12.011,14.0067,12.011,3,2,1,0,0,0,122.0,700.0
B5XE,152,151,292,H,N,C,H,N,C,0.203,-0.368,0.28,1.008,14.0067,12.011,3,2,1,0,0,0,120.0,390.0
B5XE,139,153,149,O,C,C,OE,C,C,-0.323,0.134,0.011,15.9994,12.011,12.011,4,1,1,2,0,0,111.0,530.0
B5XE,139,153,154,O,C,H,OE,C,HC,-0.323,0.134,0.11,15.9994,12.011,1.008,4,1,1,2,0,0,110.3,524.0
B5XE,139,153,155,O,C,O,OE,C,OE,-0.323,0.134,-0.251,15.9994,12.011,15.9994,4,1,1,2,0,0,101.0,2076.33
B5XE,149,153,154,C,C,H,C,C,HC,0.011,0.134,0.11,12.011,12.011,1.008,4,1,1,2,0,0,113.0,545.0
B5XE,149,153,155,C,C,O,C,C,OE,0.011,0.134,-0.251,12.011,12.011,15.9994,4,1,1,2,0,0,109.5,520.0
B5XE,154,153,155,H,C,O,HC,C,OE,0.11,0.134,-0.251,1.008,12.011,15.9994,4,1,1,2,0,0,113.0,545.0
B5XE,153,155,156,C,O,C,C,OE,C,0.134,-0.251,-0.031,12.011,15.9994,12.011,2,2,0,0,0,0,109.5,450.0
B5XE,155,156,157,O,C,H,OE,C,HC,-0.251,-0.031,0.132,15.9994,12.011,1.008,4,2,1,1,0,0,111.4,532.0
B5XE,155,156,158,O,C,C,OE,C,C,-0.251,-0.031,-0.014,15.9994,12.011,12.011,4,2,1,1,0,0,109.5,520.0
B5XE,155,156,166,O,C,C,OE,C,C,-0.251,-0.031,0.01,15.9994,12.011,12.011,4,2,1,1,0,0,109.5,520.0
B5XE,157,156,158,H,C,C,HC,C,C,0.132,-0.031,-0.014,1.008,12.011,12.011,4,2,1,1,0,0,110.0,4763.46
B5XE,157,156,166,H,C,C,HC,C,C,0.132,-0.031,0.01,1.008,12.011,12.011,4,2,1,1,0,0,110.0,4763.46
B5XE,158,156,166,C,C,C,C,C,C,-0.014,-0.031,0.01,12.011,12.011,12.011,4,2,1,1,0,0,109.5,520.0
B5XE,156,158,159,C,C,H,C,C,HC,-0.031,-0.014,0.108,12.011,12.011,1.008,4,2,1,1,0,0,110.3,524.0
B5XE,156,158,160,C,C,O,C,C,OE,-0.031,-0.014,-0.323,12.011,12.011,15.9994,4,2,1,1,0,0,109.5,520.0
B5XE,156,158,161,C,C,C,C,C,C,-0.031,-0.014,-0.019,12.011,12.011,12.011,4,2,1,1,0,0,111.0,530.0
B5XE,159,158,160,H,C,O,HC,C,OE,0.108,-0.014,-0.323,1.008,12.011,15.9994,4,2,1,1,0,0,110.0,4763.46
B5XE,159,158,161,H,C,C,HC,C,C,0.108,-0.014,-0.019,1.008,12.011,12.011,4,2,1,1,0,0,109.6,450.0
B5XE,160,158,161,O,C,C,OE,C,C,-0.323,-0.014,-0.019,15.9994,12.011,12.011,4,2,1,1,0,0,109.5,520.0
B5XE,158,160,174,C,O,C,C,OE,C,-0.014,-0.323,0.134,12.011,15.9994,12.011,2,2,0,0,0,0,109.5,450.0
B5XE,158,161,162,C,C,H,C,C,HC,-0.014,-0.019,0.091,12.011,12.011,1.008,4,1,2,1,0,0,109.6,450.0
B5XE,158,161,163,C,C,H,C,C,HC,-0.014,-0.019,0.117,12.011,12.011,1.008,4,1,2,1,0,0,109.0,1680.51
B5XE,158,161,164,C,C,O,C,C,OA,-0.014,-0.019,-0.332,12.011,12.011,15.9994,4,1,2,1,0,0,111.0,530.0
B5XE,162,161,163,H,C,H,HC,C,HC,0.091,-0.019,0.117,1.008,12.011,1.008,4,1,2,1,0,0,110.3,524.0
B5XE,162,161,164,H,C,O,HC,C,OA,0.091,-0.019,-0.332,1.008,12.011,15.9994,4,1,2,1,0,0,110.3,524.0
B5XE,163,161,164,H,C,O,HC,C,OA,0.117,-0.019,-0.332,1.008,12.011,15.9994,4,1,2,1,0,0,106.0,1733.55
B5XE,161,164,165,C,O,H,C,OA,H,-0.019,-0.332,0.271,12.011,15.9994,1.008,2,1,1,0,0,0,109.5,450.0
B5XE,156,166,167,C,C,H,C,C,HC,-0.031,0.01,0.092,12.011,12.011,1.008,4,2,1,1,0,0,109.0,1680.51
B5XE,156,166,168,C,C,O,C,C,OA,-0.031,0.01,-0.325,12.011,12.011,15.9994,4,2,1,1,0,0,111.0,530.0
B5XE,156,166,170,C,C,C,C,C,C,-0.031,0.01,0.011,12.011,12.011,12.011,4,2,1,1,0,0,109.5,520.0
B5XE,167,166,168,H,C,O,HC,C,OA,0.092,0.01,-0.325,1.008,12.011,15.9994,4,2,1,1,0,0,109.0,1680.51
B5XE,167,166,170,H,C,C,HC,C,C,0.092,0.01,0.011,1.008,12.011,12.011,4,2,1,1,0,0,111.0,530.0
B5XE,168,166,170,O,C,C,OA,C,C,-0.325,0.01,0.011,15.9994,12.011,12.011,4,2,1,1,0,0,109.5,520.0
B5XE,166,168,169,C,O,H,C,OA,H,0.01,-0.325,0.223,12.011,15.9994,1.008,2,1,1,0,0,0,109.5,450.0
B5XE,166,170,171,C,C,H,C,C,HC,0.01,0.011,0.161,12.011,12.011,1.008,4,2,1,0,1,0,109.0,1680.51
B5XE,166,170,172,C,C,N,C,C,N,0.01,0.011,-0.368,12.011,12.011,14.0067,4,2,1,0,1,0,111.0,530.0
B5XE,166,170,174,C,C,C,C,C,C,0.01,0.011,0.134,12.011,12.011,12.011,4,2,1,0,1,0,109.5,520.0
B5XE,171,170,172,H,C,N,HC,C,N,0.161,0.011,-0.368,1.008,12.011,14.0067,4,2,1,0,1,0,108.53,443.0
B5XE,171,170,174,H,C,C,HC,C,C,0.161,0.011,0.134,1.008,12.011,12.011,4,2,1,0,1,0,108.0,465.0
B5XE,172,170,174,N,C,C,N,C,C,-0.368,0.011,0.134,14.0067,12.011,12.011,4,2,1,0,1,0,111.0,530.0
B5XE,170,172,173,C,N,H,C,N,H,0.011,-0.368,0.203,12.011,14.0067,1.008,3,2,1,0,0,0,116.0,465.0
B5XE,170,172,286,C,N,C,C,N,C,0.011,-0.368,0.28,12.011,14.0067,12.011,3,2,1,0,0,0,122.0,700.0
B5XE,173,172,286,H,N,C,H,N,C,0.203,-0.368,0.28,1.008,14.0067,12.011,3,2,1,0,0,0,120.0,390.0
B5XE,160,174,170,O,C,C,OE,C,C,-0.323,0.134,0.011,15.9994,12.011,12.011,4,1,1,2,0,0,111.0,530.0
B5XE,160,174,175,O,C,H,OE,C,HC,-0.323,0.134,0.11,15.9994,12.011,1.008,4,1,1,2,0,0,110.3,524.0
B5XE,160,174,176,O,C,O,OE,C,OE,-0.323,0.134,-0.251,15.9994,12.011,15.9994,4,1,1,2,0,0,101.0,2076.33
B5XE,170,174,175,C,C,H,C,C,HC,0.011,0.134,0.11,12.011,12.011,1.008,4,1,1,2,0,0,113.0,545.0
B5XE,170,174,176,C,C,O,C,C,OE,0.011,0.134,-0.251,12.011,12.011,15.9994,4,1,1,2,0,0,109.5,520.0
B5XE,175,174,176,H,C,O,HC,C,OE,0.11,0.134,-0.251,1.008,12.011,15.9994,4,1,1,2,0,0,113.0,545.0
B5XE,174,176,177,C,O,C,C,OE,C,0.134,-0.251,-0.031,12.011,15.9994,12.011,2,2,0,0,0,0,109.5,450.0
B5XE,176,177,178,O,C,H,OE,C,HC,-0.251,-0.031,0.132,15.9994,12.011,1.008,4,2,1,1,0,0,111.4,532.0
B5XE,176,177,179,O,C,C,OE,C,C,-0.251,-0.031,-0.014,15.9994,12.011,12.011,4,2,1,1,0,0,109.5,520.0
B5XE,176,177,187,O,C,C,OE,C,C,-0.251,-0.031,0.01,15.9994,12.011,12.011,4,2,1,1,0,0,109.5,520.0
B5XE,178,177,179,H,C,C,HC,C,C,0.132,-0.031,-0.014,1.008,12.011,12.011,4,2,1,1,0,0,110.0,4763.46
B5XE,178,177,187,H,C,C,HC,C,C,0.132,-0.031,0.01,1.008,12.011,12.011,4,2,1,1,0,0,110.0,4763.46
B5XE,179,177,187,C,C,C,C,C,C,-0.014,-0.031,0.01,12.011,12.011,12.011,4,2,1,1,0,0,109.5,520.0
B5XE,177,179,180,C,C,H,C,C,HC,-0.031,-0.014,0.108,12.011,12.011,1.008,4,2,1,1,0,0,110.3,524.0
B5XE,177,179,181,C,C,O,C,C,OE,-0.031,-0.014,-0.323,12.011,12.011,15.9994,4,2,1,1,0,0,109.5,520.0
B5XE,177,179,182,C,C,C,C,C,C,-0.031,-0.014,-0.019,12.011,12.011,12.011,4,2,1,1,0,0,111.0,530.0
B5XE,180,179,181,H,C,O,HC,C,OE,0.108,-0.014,-0.323,1.008,12.011,15.9994,4,2,1,1,0,0,110.0,4763.46
B5XE,180,179,182,H,C,C,HC,C,C,0.108,-0.014,-0.019,1.008,12.011,12.011,4,2,1,1,0,0,109.6,450.0
B5XE,181,179,182,O,C,C,OE,C,C,-0.323,-0.014,-0.019,15.9994,12.011,12.011,4,2,1,1,0,0,109.5,520.0
B5XE,179,181,195,C,O,C,C,OE,C,-0.014,-0.323,0.134,12.011,15.9994,12.011,2,2,0,0,0,0,109.5,450.0
B5XE,179,182,183,C,C,H,C,C,HC,-0.014,-0.019,0.091,12.011,12.011,1.008,4,1,2,1,0,0,109.6,450.0
B5XE,179,182,184,C,C,H,C,C,HC,-0.014,-0.019,0.117,12.011,12.011,1.008,4,1,2,1,0,0,109.0,1680.51
B5XE,179,182,185,C,C,O,C,C,OA,-0.014,-0.019,-0.332,12.011,12.011,15.9994,4,1,2,1,0,0,111.0,530.0
B5XE,183,182,184,H,C,H,HC,C,HC,0.091,-0.019,0.117,1.008,12.011,1.008,4,1,2,1,0,0,110.3,524.0
B5XE,183,182,185,H,C,O,HC,C,OA,0.091,-0.019,-0.332,1.008,12.011,15.9994,4,1,2,1,0,0,110.3,524.0
B5XE,184,182,185,H,C,O,HC,C,OA,0.117,-0.019,-0.332,1.008,12.011,15.9994,4,1,2,1,0,0,106.0,1733.55
B5XE,182,185,186,C,O,H,C,OA,H,-0.019,-0.332,0.271,12.011,15.9994,1.008,2,1,1,0,0,0,109.5,450.0
B5XE,177,187,188,C,C,H,C,C,HC,-0.031,0.01,0.092,12.011,12.011,1.008,4,2,1,1,0,0,109.0,1680.51
B5XE,177,187,189,C,C,O,C,C,OA,-0.031,0.01,-0.325,12.011,12.011,15.9994,4,2,1,1,0,0,111.0,530.0
B5XE,177,187,191,C,C,C,C,C,C,-0.031,0.01,0.011,12.011,12.011,12.011,4,2,1,1,0,0,109.5,520.0
B5XE,188,187,189,H,C,O,HC,C,OA,0.092,0.01,-0.325,1.008,12.011,15.9994,4,2,1,1,0,0,109.0,1680.51
B5XE,188,187,191,H,C,C,HC,C,C,0.092,0.01,0.011,1.008,12.011,12.011,4,2,1,1,0,0,111.0,530.0
B5XE,189,187,191,O,C,C,OA,C,C,-0.325,0.01,0.011,15.9994,12.011,12.011,4,2,1,1,0,0,109.5,520.0
B5XE,187,189,190,C,O,H,C,OA,H,0.01,-0.325,0.223,12.011,15.9994,1.008,2,1,1,0,0,0,109.5,450.0
B5XE,187,191,192,C,C,H,C,C,HC,0.01,0.011,0.161,12.011,12.011,1.008,4,2,1,0,1,0,109.0,1680.51
B5XE,187,191,193,C,C,N,C,C,N,0.01,0.011,-0.368,12.011,12.011,14.0067,4,2,1,0,1,0,111.0,530.0
B5XE,187,191,195,C,C,C,C,C,C,0.01,0.011,0.134,12.011,12.011,12.011,4,2,1,0,1,0,109.5,520.0
B5XE,192,191,193,H,C,N,HC,C,N,0.161,0.011,-0.368,1.008,12.011,14.0067,4,2,1,0,1,0,108.53,443.0
B5XE,192,191,195,H,C,C,HC,C,C,0.161,0.011,0.134,1.008,12.011,12.011,4,2,1,0,1,0,108.0,465.0
B5XE,193,191,195,N,C,C,N,C,C,-0.368,0.011,0.134,14.0067,12.011,12.011,4,2,1,0,1,0,111.0,530.0
B5XE,191,193,194,C,N,H,C,N,H,0.011,-0.368,0.204,12.011,14.0067,1.008,3,2,1,0,0,0,116.0,465.0
B5XE,191,193,280,C,N,C,C,N,C,0.011,-0.368,0.28,12.011,14.0067,12.011,3,2,1,0,0,0,122.0,700.0
B5XE,194,193,280,H,N,C,H,N,C,0.204,-0.368,0.28,1.008,14.0067,12.011,3,2,1,0,0,0,120.0,390.0
B5XE,181,195,191,O,C,C,OE,C,C,-0.323,0.134,0.011,15.9994,12.011,12.011,4,1,1,2,0,0,111.0,530.0
B5XE,181,195,196,O,C,H,OE,C,HC,-0.323,0.134,0.11,15.9994,12.011,1.008,4,1,1,2,0,0,110.3,524.0
B5XE,181,195,197,O,C,O,OE,C,OE,-0.323,0.134,-0.252,15.9994,12.011,15.9994,4,1,1,2,0,0,101.0,2076.33
B5XE,191,195,196,C,C,H,C,C,HC,0.011,0.134,0.11,12.011,12.011,1.008,4,1,1,2,0,0,113.0,545.0
B5XE,191,195,197,C,C,O,C,C,OE,0.011,0.134,-0.252,12.011,12.011,15.9994,4,1,1,2,0,0,109.5,520.0
B5XE,196,195,197,H,C,O,HC,C,OE,0.11,0.134,-0.252,1.008,12.011,15.9994,4,1,1,2,0,0,113.0,545.0
B5XE,195,197,198,C,O,C,C,OE,C,0.134,-0.252,-0.031,12.011,15.9994,12.011,2,2,0,0,0,0,109.5,450.0
B5XE,197,198,199,O,C,H,OE,C,HC,-0.252,-0.031,0.132,15.9994,12.011,1.008,4,2,1,1,0,0,111.4,532.0
B5XE,197,198,200,O,C,C,OE,C,C,-0.252,-0.031,-0.014,15.9994,12.011,12.011,4,2,1,1,0,0,109.5,520.0
B5XE,197,198,208,O,C,C,OE,C,C,-0.252,-0.031,0.01,15.9994,12.011,12.011,4,2,1,1,0,0,109.5,520.0
B5XE,199,198,200,H,C,C,HC,C,C,0.132,-0.031,-0.014,1.008,12.011,12.011,4,2,1,1,0,0,110.0,4763.46
B5XE,199,198,208,H,C,C,HC,C,C,0.132,-0.031,0.01,1.008,12.011,12.011,4,2,1,1,0,0,110.0,4763.46
B5XE,200,198,208,C,C,C,C,C,C,-0.014,-0.031,0.01,12.011,12.011,12.011,4,2,1,1,0,0,109.5,520.0
B5XE,198,200,201,C,C,H,C,C,HC,-0.031,-0.014,0.108,12.011,12.011,1.008,4,2,1,1,0,0,110.3,524.0
B5XE,198,200,202,C,C,O,C,C,OE,-0.031,-0.014,-0.322,12.011,12.011,15.9994,4,2,1,1,0,0,109.5,520.0
B5XE,198,200,203,C,C,C,C,C,C,-0.031,-0.014,-0.019,12.011,12.011,12.011,4,2,1,1,0,0,111.0,530.0
B5XE,201,200,202,H,C,O,HC,C,OE,0.108,-0.014,-0.322,1.008,12.011,15.9994,4,2,1,1,0,0,110.0,4763.46
B5XE,201,200,203,H,C,C,HC,C,C,0.108,-0.014,-0.019,1.008,12.011,12.011,4,2,1,1,0,0,109.6,450.0
B5XE,202,200,203,O,C,C,OE,C,C,-0.322,-0.014,-0.019,15.9994,12.011,12.011,4,2,1,1,0,0,109.5,520.0
B5XE,200,202,216,C,O,C,C,OE,C,-0.014,-0.322,0.134,12.011,15.9994,12.011,2,2,0,0,0,0,109.5,450.0
B5XE,200,203,204,C,C,H,C,C,HC,-0.014,-0.019,0.091,12.011,12.011,1.008,4,1,2,1,0,0,109.6,450.0
B5XE,200,203,205,C,C,H,C,C,HC,-0.014,-0.019,0.117,12.011,12.011,1.008,4,1,2,1,0,0,109.0,1680.51
B5XE,200,203,206,C,C,O,C,C,OA,-0.014,-0.019,-0.332,12.011,12.011,15.9994,4,1,2,1,0,0,111.0,530.0
B5XE,204,203,205,H,C,H,HC,C,HC,0.091,-0.019,0.117,1.008,12.011,1.008,4,1,2,1,0,0,110.3,524.0
B5XE,204,203,206,H,C,O,HC,C,OA,0.091,-0.019,-0.332,1.008,12.011,15.9994,4,1,2,1,0,0,110.3,524.0
B5XE,205,203,206,H,C,O,HC,C,OA,0.117,-0.019,-0.332,1.008,12.011,15.9994,4,1,2,1,0,0,106.0,1733.55
B5XE,203,206,207,C,O,H,C,OA,H,-0.019,-0.332,0.27,12.011,15.9994,1.008,2,1,1,0,0,0,109.5,450.0
B5XE,198,208,209,C,C,H,C,C,HC,-0.031,0.01,0.091,12.011,12.011,1.008,4,2,1,1,0,0,109.0,1680.51
B5XE,198,208,210,C,C,O,C,C,OA,-0.031,0.01,-0.325,12.011,12.011,15.9994,4,2,1,1,0,0,111.0,530.0
B5XE,198,208,212,C,C,C,C,C,C,-0.031,0.01,0.01,12.011,12.011,12.011,4,2,1,1,0,0,109.5,520.0
B5XE,209,208,210,H,C,O,HC,C,OA,0.091,0.01,-0.325,1.008,12.011,15.9994,4,2,1,1,0,0,109.0,1680.51
B5XE,209,208,212,H,C,C,HC,C,C,0.091,0.01,0.01,1.008,12.011,12.011,4,2,1,1,0,0,111.0,530.0
B5XE,210,208,212,O,C,C,OA,C,C,-0.325,0.01,0.01,15.9994,12.011,12.011,4,2,1,1,0,0,109.5,520.0
B5XE,208,210,211,C,O,H,C,OA,H,0.01,-0.325,0.224,12.011,15.9994,1.008,2,1,1,0,0,0,109.5,450.0
B5XE,208,212,213,C,C,H,C,C,HC,0.01,0.01,0.161,12.011,12.011,1.008,4,2,1,0,1,0,109.0,1680.51
B5XE,208,212,214,C,C,N,C,C,N,0.01,0.01,-0.368,12.011,12.011,14.0067,4,2,1,0,1,0,111.0,530.0
B5XE,208,212,216,C,C,C,C,C,C,0.01,0.01,0.134,12.011,12.011,12.011,4,2,1,0,1,0,109.5,520.0
B5XE,213,212,214,H,C,N,HC,C,N,0.161,0.01,-0.368,1.008,12.011,14.0067,4,2,1,0,1,0,108.53,443.0
B5XE,213,212,216,H,C,C,HC,C,C,0.161,0.01,0.134,1.008,12.011,12.011,4,2,1,0,1,0,108.0,465.0
B5XE,214,212,216,N,C,C,N,C,C,-0.368,0.01,0.134,14.0067,12.011,12.011,4,2,1,0,1,0,111.0,530.0
B5XE,212,214,215,C,N,H,C,N,H,0.01,-0.368,0.206,12.011,14.0067,1.008,3,2,1,0,0,0,116.0,465.0
B5XE,212,214,274,C,N,C,C,N,C,0.01,-0.368,0.279,12.011,14.0067,12.011,3,2,1,0,0,0,122.0,700.0
B5XE,215,214,274,H,N,C,H,N,C,0.206,-0.368,0.279,1.008,14.0067,12.011,3,2,1,0,0,0,120.0,390.0
B5XE,202,216,212,O,C,C,OE,C,C,-0.322,0.134,0.01,15.9994,12.011,12.011,4,1,1,2,0,0,111.0,530.0
B5XE,202,216,217,O,C,H,OE,C,HC,-0.322,0.134,0.109,15.9994,12.011,1.008,4,1,1,2,0,0,110.3,524.0
B5XE,202,216,218,O,C,O,OE,C,OE,-0.322,0.134,-0.252,15.9994,12.011,15.9994,4,1,1,2,0,0,101.0,2076.33
B5XE,212,216,217,C,C,H,C,C,HC,0.01,0.134,0.109,12.011,12.011,1.008,4,1,1,2,0,0,113.0,545.0
B5XE,212,216,218,C,C,O,C,C,OE,0.01,0.134,-0.252,12.011,12.011,15.9994,4,1,1,2,0,0,109.5,520.0
B5XE,217,216,218,H,C,O,HC,C,OE,0.109,0.134,-0.252,1.008,12.011,15.9994,4,1,1,2,0,0,113.0,545.0
B5XE,216,218,219,C,O,C,C,OE,C,0.134,-0.252,-0.031,12.011,15.9994,12.011,2,2,0,0,0,0,109.5,450.0
B5XE,218,219,220,O,C,H,OE,C,HC,-0.252,-0.031,0.132,15.9994,12.011,1.008,4,2,1,1,0,0,111.4,532.0
B5XE,218,219,221,O,C,C,OE,C,C,-0.252,-0.031,-0.014,15.9994,12.011,12.011,4,2,1,1,0,0,109.5,520.0
B5XE,218,219,229,O,C,C,OE,C,C,-0.252,-0.031,0.01,15.9994,12.011,12.011,4,2,1,1,0,0,109.5,520.0
B5XE,220,219,221,H,C,C,HC,C,C,0.132,-0.031,-0.014,1.008,12.011,12.011,4,2,1,1,0,0,110.0,4763.46
B5XE,220,219,229,H,C,C,HC,C,C,0.132,-0.031,0.01,1.008,12.011,12.011,4,2,1,1,0,0,110.0,4763.46
B5XE,221,219,229,C,C,C,C,C,C,-0.014,-0.031,0.01,12.011,12.011,12.011,4,2,1,1,0,0,109.5,520.0
B5XE,219,221,222,C,C,H,C,C,HC,-0.031,-0.014,0.109,12.011,12.011,1.008,4,2,1,1,0,0,110.3,524.0
B5XE,219,221,223,C,C,O,C,C,OE,-0.031,-0.014,-0.324,12.011,12.011,15.9994,4,2,1,1,0,0,109.5,520.0
B5XE,219,221,224,C,C,C,C,C,C,-0.031,-0.014,-0.019,12.011,12.011,12.011,4,2,1,1,0,0,111.0,530.0
B5XE,222,221,223,H,C,O,HC,C,OE,0.109,-0.014,-0.324,1.008,12.011,15.9994,4,2,1,1,0,0,110.0,4763.46
B5XE,222,221,224,H,C,C,HC,C,C,0.109,-0.014,-0.019,1.008,12.011,12.011,4,2,1,1,0,0,109.6,450.0
B5XE,223,221,224,O,C,C,OE,C,C,-0.324,-0.014,-0.019,15.9994,12.011,12.011,4,2,1,1,0,0,109.5,520.0
B5XE,221,223,237,C,O,C,C,OE,C,-0.014,-0.324,0.134,12.011,15.9994,12.011,2,2,0,0,0,0,109.5,450.0
B5XE,221,224,225,C,C,H,C,C,HC,-0.014,-0.019,0.089,12.011,12.011,1.008,4,1,2,1,0,0,109.6,450.0
B5XE,221,224,226,C,C,H,C,C,HC,-0.014,-0.019,0.118,12.011,12.011,1.008,4,1,2,1,0,0,109.0,1680.51
B5XE,221,224,227,C,C,O,C,C,OA,-0.014,-0.019,-0.332,12.011,12.011,15.9994,4,1,2,1,0,0,111.0,530.0
B5XE,225,224,226,H,C,H,HC,C,HC,0.089,-0.019,0.118,1.008,12.011,1.008,4,1,2,1,0,0,110.3,524.0
B5XE,225,224,227,H,C,O,HC,C,OA,0.089,-0.019,-0.332,1.008,12.011,15.9994,4,1,2,1,0,0,110.3,524.0
B5XE,226,224,227,H,C,O,HC,C,OA,0.118,-0.019,-0.332,1.008,12.011,15.9994,4,1,2,1,0,0,106.0,1733.55
B5XE,224,227,228,C,O,H,C,OA,H,-0.019,-0.332,0.272,12.011,15.9994,1.008,2,1,1,0,0,0,109.5,450.0
B5XE,219,229,230,C,C,H,C,C,HC,-0.031,0.01,0.091,12.011,12.011,1.008,4,2,1,1,0,0,109.0,1680.51
B5XE,219,229,231,C,C,O,C,C,OA,-0.031,0.01,-0.325,12.011,12.011,15.9994,4,2,1,1,0,0,111.0,530.0
B5XE,219,229,233,C,C,C,C,C,C,-0.031,0.01,0.011,12.011,12.011,12.011,4,2,1,1,0,0,109.5,520.0
B5XE,230,229,231,H,C,O,HC,C,OA,0.091,0.01,-0.325,1.008,12.011,15.9994,4,2,1,1,0,0,109.0,1680.51
B5XE,230,229,233,H,C,C,HC,C,C,0.091,0.01,0.011,1.008,12.011,12.011,4,2,1,1,0,0,111.0,530.0
B5XE,231,229,233,O,C,C,OA,C,C,-0.325,0.01,0.011,15.9994,12.011,12.011,4,2,1,1,0,0,109.5,520.0
B5XE,229,231,232,C,O,H,C,OA,H,0.01,-0.325,0.224,12.011,15.9994,1.008,2,1,1,0,0,0,109.5,450.0
B5XE,229,233,234,C,C,H,C,C,HC,0.01,0.011,0.161,12.011,12.011,1.008,4,2,1,0,1,0,109.0,1680.51
B5XE,229,233,235,C,C,N,C,C,N,0.01,0.011,-0.368,12.011,12.011,14.0067,4,2,1,0,1,0,111.0,530.0
B5XE,229,233,237,C,C,C,C,C,C,0.01,0.011,0.134,12.011,12.011,12.011,4,2,1,0,1,0,109.5,520.0
B5XE,234,233,235,H,C,N,HC,C,N,0.161,0.011,-0.368,1.008,12.011,14.0067,4,2,1,0,1,0,108.53,443.0
B5XE,234,233,237,H,C,C,HC,C,C,0.161,0.011,0.134,1.008,12.011,12.011,4,2,1,0,1,0,108.0,465.0
B5XE,235,233,237,N,C,C,N,C,C,-0.368,0.011,0.134,14.0067,12.011,12.011,4,2,1,0,1,0,111.0,530.0
B5XE,233,235,236,C,N,H,C,N,H,0.011,-0.368,0.204,12.011,14.0067,1.008,3,2,1,0,0,0,116.0,465.0
B5XE,233,235,268,C,N,C,C,N,C,0.011,-0.368,0.28,12.011,14.0067,12.011,3,2,1,0,0,0,122.0,700.0
B5XE,236,235,268,H,N,C,H,N,C,0.204,-0.368,0.28,1.008,14.0067,12.011,3,2,1,0,0,0,120.0,390.0
B5XE,223,237,233,O,C,C,OE,C,C,-0.324,0.134,0.011,15.9994,12.011,12.011,4,1,1,2,0,0,111.0,530.0
B5XE,223,237,238,O,C,H,OE,C,HC,-0.324,0.134,0.11,15.9994,12.011,1.008,4,1,1,2,0,0,110.3,524.0
B5XE,223,237,239,O,C,O,OE,C,OE,-0.324,0.134,-0.252,15.9994,12.011,15.9994,4,1,1,2,0,0,101.0,2076.33
B5XE,233,237,238,C,C,H,C,C,HC,0.011,0.134,0.11,12.011,12.011,1.008,4,1,1,2,0,0,113.0,545.0
B5XE,233,237,239,C,C,O,C,C,OE,0.011,0.134,-0.252,12.011,12.011,15.9994,4,1,1,2,0,0,109.5,520.0
B5XE,238,237,239,H,C,O,HC,C,OE,0.11,0.134,-0.252,1.008,12.011,15.9994,4,1,1,2,0,0,113.0,545.0
B5XE,237,239,240,C,O,C,C,OE,C,0.134,-0.252,-0.032,12.011,15.9994,12.011,2,2,0,0,0,0,109.5,450.0
B5XE,239,240,241,O,C,H,OE,C,HC,-0.252,-0.032,0.129,15.9994,12.011,1.008,4,2,1,1,0,0,111.4,532.0
B5XE,239,240,242,O,C,C,OE,C,C,-0.252,-0.032,-0.018,15.9994,12.011,12.011,4,2,1,1,0,0,109.5,520.0
B5XE,239,240,250,O,C,C,OE,C,C,-0.252,-0.032,0.019,15.9994,12.011,12.011,4,2,1,1,0,0,109.5,520.0
B5XE,241,240,242,H,C,C,HC,C,C,0.129,-0.032,-0.018,1.008,12.011,12.011,4,2,1,1,0,0,110.0,4763.46
B5XE,241,240,250,H,C,C,HC,C,C,0.129,-0.032,0.019,1.008,12.011,12.011,4,2,1,1,0,0,110.0,4763.46
B5XE,242,240,250,C,C,C,C,C,C,-0.018,-0.032,0.019,12.011,12.011,12.011,4,2,1,1,0,0,111.0,530.0
B5XE,240,242,243,C,C,H,C,C,HC,-0.032,-0.018,0.105,12.011,12.011,1.008,4,2,1,1,0,0,109.6,450.0
B5XE,240,242,244,C,C,O,C,C,OE,-0.032,-0.018,-0.31,12.011,12.011,15.9994,4,2,1,1,0,0,109.5,520.0
B5XE,240,242,245,C,C,C,C,C,C,-0.032,-0.018,-0.017,12.011,12.011,12.011,4,2,1,1,0,0,111.0,530.0
B5XE,243,242,244,H,C,O,HC,C,OE,0.105,-0.018,-0.31,1.008,12.011,15.9994,4,2,1,1,0,0,110.0,4763.46
B5XE,243,242,245,H,C,C,HC,C,C,0.105,-0.018,-0.017,1.008,12.011,12.011,4,2,1,1,0,0,109.6,450.0
B5XE,244,242,245,O,C,C,OE,C,C,-0.31,-0.018,-0.017,15.9994,12.011,12.011,4,2,1,1,0,0,109.5,520.0
B5XE,242,244,258,C,O,C,C,OE,C,-0.018,-0.31,0.145,12.011,15.9994,12.011,2,2,0,0,0,0,109.5,450.0
B5XE,242,245,246,C,C,H,C,C,HC,-0.018,-0.017,0.089,12.011,12.011,1.008,4,1,2,1,0,0,109.5,285.0
B5XE,242,245,247,C,C,H,C,C,HC,-0.018,-0.017,0.112,12.011,12.011,1.008,4,1,2,1,0,0,109.0,1680.51
B5XE,242,245,248,C,C,O,C,C,OA,-0.018,-0.017,-0.337,12.011,12.011,15.9994,4,1,2,1,0,0,111.0,530.0
B5XE,246,245,247,H,C,H,HC,C,HC,0.089,-0.017,0.112,1.008,12.011,1.008,4,1,2,1,0,0,110.3,524.0
B5XE,246,245,248,H,C,O,HC,C,OA,0.089,-0.017,-0.337,1.008,12.011,15.9994,4,1,2,1,0,0,110.3,524.0
B5XE,247,245,248,H,C,O,HC,C,OA,0.112,-0.017,-0.337,1.008,12.011,15.9994,4,1,2,1,0,0,106.0,1733.55
B5XE,245,248,249,C,O,H,C,OA,H,-0.017,-0.337,0.279,12.011,15.9994,1.008,2,1,1,0,0,0,109.5,450.0
B5XE,240,250,251,C,C,H,C,C,HC,-0.032,0.019,0.097,12.011,12.011,1.008,4,2,1,1,0,0,109.5,285.0
B5XE,240,250,252,C,C,O,C,C,OA,-0.032,0.019,-0.333,12.011,12.011,15.9994,4,2,1,1,0,0,111.0,530.0
B5XE,240,250,254,C,C,C,C,C,C,-0.032,0.019,-0.026,12.011,12.011,12.011,4,2,1,1,0,0,109.5,520.0
B5XE,251,250,252,H,C,O,HC,C,OA,0.097,0.019,-0.333,1.008,12.011,15.9994,4,2,1,1,0,0,109.0,1680.51
B5XE,251,250,254,H,C,C,HC,C,C,0.097,0.019,-0.026,1.008,12.011,12.011,4,2,1,1,0,0,111.0,530.0
B5XE,252,250,254,O,C,C,OA,C,C,-0.333,0.019,-0.026,15.9994,12.011,12.011,4,2,1,1,0,0,109.5,520.0
B5XE,250,252,253,C,O,H,C,OA,H,0.019,-0.333,0.217,12.011,15.9994,1.008,2,1,1,0,0,0,109.5,450.0
B5XE,250,254,255,C,C,H,C,C,HC,0.019,-0.026,0.128,12.011,12.011,1.008,4,2,1,0,1,0,108.53,443.0
B5XE,250,254,256,C,C,N,C,C,N,0.019,-0.026,-0.367,12.011,12.011,14.0067,4,2,1,0,1,0,115.0,610.0
B5XE,250,254,258,C,C,C,C,C,C,0.019,-0.026,0.145,12.011,12.011,12.011,4,2,1,0,1,0,109.5,520.0
B5XE,255,254,256,H,C,N,HC,C,N,0.128,-0.026,-0.367,1.008,12.011,14.0067,4,2,1,0,1,0,108.53,443.0
B5XE,255,254,258,H,C,C,HC,C,C,0.128,-0.026,0.145,1.008,12.011,12.011,4,2,1,0,1,0,107.0,2726.16
B5XE,256,254,258,N,C,C,N,C,C,-0.367,-0.026,0.145,14.0067,12.011,12.011,4,2,1,0,1,0,111.0,530.0
B5XE,254,256,257,C,N,H,C,N,H,-0.026,-0.367,0.265,12.011,14.0067,1.008,3,2,1,0,0,0,116.0,465.0
B5XE,254,256,262,C,N,C,C,N,C,-0.026,-0.367,0.299,12.011,14.0067,12.011,3,2,1,0,0,0,121.0,685.0
B5XE,257,256,262,H,N,C,H,N,C,0.265,-0.367,0.299,1.008,14.0067,12.011,3,2,1,0,0,0,120.0,390.0
B5XE,244,258,254,O,C,C,OE,C,C,-0.31,0.145,-0.026,15.9994,12.011,12.011,4,1,1,2,0,0,109.5,520.0
B5XE,244,258,259,O,C,H,OE,C,HC,-0.31,0.145,0.119,15.9994,12.011,1.008,4,1,1,2,0,0,111.0,530.0
B5XE,244,258,260,O,C,O,OE,C,OA,-0.31,0.145,-0.299,15.9994,12.011,15.9994,4,1,1,2,0,0,103.0,420.0
B5XE,254,258,259,C,C,H,C,C,HC,-0.026,0.145,0.119,12.011,12.011,1.008,4,1,1,2,0,0,113.0,545.0
B5XE,254,258,260,C,C,O,C,C,OA,-0.026,0.145,-0.299,12.011,12.011,15.9994,4,1,1,2,0,0,115.0,610.0
B5XE,259,258,260,H,C,O,HC,C,OA,0.119,0.145,-0.299,1.008,12.011,15.9994,4,1,1,2,0,0,107.0,2726.16
B5XE,258,260,261,C,O,H,C,OA,H,0.145,-0.299,0.035,12.011,15.9994,1.008,2,1,1,0,0,0,109.5,450.0
B5XE,256,262,263,N,C,O,N,C,O,-0.367,0.299,-0.384,14.0067,12.011,15.9994,3,1,0,1,1,0,124.0,730.0
B5XE,256,262,264,N,C,C,N,C,C,-0.367,0.299,-0.239,14.0067,12.011,12.011,3,1,0,1,1,0,120.0,560.0
B5XE,263,262,264,O,C,C,O,C,C,-0.384,0.299,-0.239,15.9994,12.011,12.011,3,1,0,1,1,0,121.0,685.0
B5XE,262,264,265,C,C,H,C,C,HC,0.299,-0.239,0.108,12.011,12.011,1.008,4,1,3,0,0,0,110.3,524.0
B5XE,262,264,266,C,C,H,C,C,HC,0.299,-0.239,0.108,12.011,12.011,1.008,4,1,3,0,0,0,110.3,524.0
B5XE,262,264,267,C,C,H,C,C,HC,0.299,-0.239,0.108,12.011,12.011,1.008,4,1,3,0,0,0,110.3,524.0
B5XE,265,264,266,H,C,H,HC,C,HC,0.108,-0.239,0.108,1.008,12.011,1.008,4,1,3,0,0,0,109.0,1680.51
B5XE,265,264,267,H,C,H,HC,C,HC,0.108,-0.239,0.108,1.008,12.011,1.008,4,1,3,0,0,0,109.0,1680.51
B5XE,266,264,267,H,C,H,HC,C,HC,0.108,-0.239,0.108,1.008,12.011,1.008,4,1,3,0,0,0,109.0,1680.51
B5XE,235,268,269,N,C,O,N,C,O,-0.368,0.28,-0.355,14.0067,12.011,15.9994,3,1,0,1,1,0,124.0,730.0
B5XE,235,268,270,N,C,C,N,C,C,-0.368,0.28,-0.243,14.0067,12.011,12.011,3,1,0,1,1,0,115.0,610.0
B5XE,269,268,270,O,C,C,O,C,C,-0.355,0.28,-0.243,15.9994,12.011,12.011,3,1,0,1,1,0,121.0,685.0
B5XE,268,270,271,C,C,H,C,C,HC,0.28,-0.243,0.106,12.011,12.011,1.008,4,1,3,0,0,0,110.3,524.0
B5XE,268,270,272,C,C,H,C,C,HC,0.28,-0.243,0.106,12.011,12.011,1.008,4,1,3,0,0,0,110.3,524.0
B5XE,268,270,273,C,C,H,C,C,HC,0.28,-0.243,0.106,12.011,12.011,1.008,4,1,3,0,0,0,110.3,524.0
B5XE,271,270,272,H,C,H,HC,C,HC,0.106,-0.243,0.106,1.008,12.011,1.008,4,1,3,0,0,0,109.0,1680.51
B5XE,271,270,273,H,C,H,HC,C,HC,0.106,-0.243,0.106,1.008,12.011,1.008,4,1,3,0,0,0,109.0,1680.51
B5XE,272,270,273,H,C,H,HC,C,HC,0.106,-0.243,0.106,1.008,12.011,1.008,4,1,3,0,0,0,109.0,1680.51
B5XE,214,274,275,N,C,O,N,C,O,-0.368,0.279,-0.354,14.0067,12.011,15.9994,3,1,0,1,1,0,124.0,730.0
B5XE,214,274,276,N,C,C,N,C,C,-0.368,0.279,-0.243,14.0067,12.011,12.011,3,1,0,1,1,0,115.0,610.0
B5XE,275,274,276,O,C,C,O,C,C,-0.354,0.279,-0.243,15.9994,12.011,12.011,3,1,0,1,1,0,121.0,685.0
B5XE,274,276,277,C,C,H,C,C,HC,0.279,-0.243,0.106,12.011,12.011,1.008,4,1,3,0,0,0,111.0,530.0
B5XE,274,276,278,C,C,H,C,C,HC,0.279,-0.243,0.106,12.011,12.011,1.008,4,1,3,0,0,0,111.0,530.0
B5XE,274,276,279,C,C,H,C,C,HC,0.279,-0.243,0.106,12.011,12.011,1.008,4,1,3,0,0,0,111.0,530.0
B5XE,277,276,278,H,C,H,HC,C,HC,0.106,-0.243,0.106,1.008,12.011,1.008,4,1,3,0,0,0,109.0,1680.51
B5XE,277,276,279,H,C,H,HC,C,HC,0.106,-0.243,0.106,1.008,12.011,1.008,4,1,3,0,0,0,109.0,1680.51
B5XE,278,276,279,H,C,H,HC,C,HC,0.106,-0.243,0.106,1.008,12.011,1.008,4,1,3,0,0,0,109.0,1680.51
B5XE,193,280,281,N,C,O,N,C,O,-0.368,0.28,-0.355,14.0067,12.011,15.9994,3,1,0,1,1,0,124.0,730.0
B5XE,193,280,282,N,C,C,N,C,C,-0.368,0.28,-0.243,14.0067,12.011,12.011,3,1,0,1,1,0,115.0,610.0
B5XE,281,280,282,O,C,C,O,C,C,-0.355,0.28,-0.243,15.9994,12.011,12.011,3,1,0,1,1,0,121.0,685.0
B5XE,280,282,283,C,C,H,C,C,HC,0.28,-0.243,0.106,12.011,12.011,1.008,4,1,3,0,0,0,111.0,530.0
B5XE,280,282,284,C,C,H,C,C,HC,0.28,-0.243,0.106,12.011,12.011,1.008,4,1,3,0,0,0,111.0,530.0
B5XE,280,282,285,C,C,H,C,C,HC,0.28,-0.243,0.106,12.011,12.011,1.008,4,1,3,0,0,0,111.0,530.0
B5XE,283,282,284,H,C,H,HC,C,HC,0.106,-0.243,0.106,1.008,12.011,1.008,4,1,3,0,0,0,109.0,1680.51
B5XE,283,282,285,H,C,H,HC,C,HC,0.106,-0.243,0.106,1.008,12.011,1.008,4,1,3,0,0,0,109.0,1680.51
B5XE,284,282,285,H,C,H,HC,C,HC,0.106,-0.243,0.106,1.008,12.011,1.008,4,1,3,0,0,0,109.0,1680.51
B5XE,172,286,287,N,C,O,N,C,O,-0.368,0.28,-0.355,14.0067,12.011,15.9994,3,1,0,1,1,0,124.0,730.0
B5XE,172,286,288,N,C,C,N,C,C,-0.368,0.28,-0.243,14.0067,12.011,12.011,3,1,0,1,1,0,115.0,610.0
B5XE,287,286,288,O,C,C,O,C,C,-0.355,0.28,-0.243,15.9994,12.011,12.011,3,1,0,1,1,0,121.0,685.0
B5XE,286,288,289,C,C,H,C,C,HC,0.28,-0.243,0.106,12.011,12.011,1.008,4,1,3,0,0,0,108.53,443.0
B5XE,286,288,290,C,C,H,C,C,HC,0.28,-0.243,0.106,12.011,12.011,1.008,4,1,3,0,0,0,108.53,443.0
B5XE,286,288,291,C,C,H,C,C,HC,0.28,-0.243,0.106,12.011,12.011,1.008,4,1,3,0,0,0,108.53,443.0
B5XE,289,288,290,H,C,H,HC,C,HC,0.106,-0.243,0.106,1.008,12.011,1.008,4,1,3,0,0,0,109.0,1680.51
B5XE,289,288,291,H,C,H,HC,C,HC,0.106,-0.243,0.106,1.008,12.011,1.008,4,1,3,0,0,0,109.0,1680.51
B5XE,290,288,291,H,C,H,HC,C,HC,0.106,-0.243,0.106,1.008,12.011,1.008,4,1,3,0,0,0,109.0,1680.51
B5XE,151,292,293,N,C,O,N,C,O,-0.368,0.28,-0.355,14.0067,12.011,15.9994,3,1,0,1,1,0,124.0,730.0
B5XE,151,292,294,N,C,C,N,C,C,-0.368,0.28,-0.243,14.0067,12.011,12.011,3,1,0,1,1,0,115.0,610.0
B5XE,293,292,294,O,C,C,O,C,C,-0.355,0.28,-0.243,15.9994,12.011,12.011,3,1,0,1,1,0,121.0,685.0
B5XE,292,294,295,C,C,H,C,C,HC,0.28,-0.243,0.106,12.011,12.011,1.008,4,1,3,0,0,0,111.0,530.0
B5XE,292,294,296,C,C,H,C,C,HC,0.28,-0.243,0.106,12.011,12.011,1.008,4,1,3,0,0,0,111.0,530.0
B5XE,292,294,297,C,C,H,C,C,HC,0.28,-0.243,0.106,12.011,12.011,1.008,4,1,3,0,0,0,111.0,530.0
B5XE,295,294,296,H,C,H,HC,C,HC,0.106,-0.243,0.106,1.008,12.011,1.008,4,1,3,0,0,0,109.0,1680.51
B5XE,295,294,297,H,C,H,HC,C,HC,0.106,-0.243,0.106,1.008,12.011,1.008,4,1,3,0,0,0,109.0,1680.51
B5XE,296,294,297,H,C,H,HC,C,HC,0.106,-0.243,0.106,1.008,12.011,1.008,4,1,3,0,0,0,109.0,1680.51
B5XE,130,298,299,N,C,O,N,C,O,-0.368,0.28,-0.355,14.0067,12.011,15.9994,3,1,0,1,1,0,124.0,730.0
B5XE,130,298,300,N,C,C,N,C,C,-0.368,0.28,-0.243,14.0067,12.011,12.011,3,1,0,1,1,0,115.0,610.0
B5XE,299,298,300,O,C,C,O,C,C,-0.355,0.28,-0.243,15.9994,12.011,12.011,3,1,0,1,1,0,121.0,685.0
B5XE,298,300,301,C,C,H,C,C,HC,0.28,-0.243,0.106,12.011,12.011,1.008,4,1,3,0,0,0,108.53,443.0
B5XE,298,300,302,C,C,H,C,C,HC,0.28,-0.243,0.106,12.011,12.011,1.008,4,1,3,0,0,0,108.53,443.0
B5XE,298,300,303,C,C,H,C,C,HC,0.28,-0.243,0.106,12.011,12.011,1.008,4,1,3,0,0,0,108.53,443.0
B5XE,301,300,302,H,C,H,HC,C,HC,0.106,-0.243,0.106,1.008,12.011,1.008,4,1,3,0,0,0,109.0,1680.51
B5XE,301,300,303,H,C,H,HC,C,HC,0.106,-0.243,0.106,1.008,12.011,1.008,4,1,3,0,0,0,109.0,1680.51
B5XE,302,300,303,H,C,H,HC,C,HC,0.106,-0.243,0.106,1.008,12.011,1.008,4,1,3,0,0,0,109.0,1680.51
B5XE,109,304,305,N,C,O,N,C,O,-0.368,0.277,-0.355,14.0067,12.011,15.9994,3,1,0,1,1,0,124.0,730.0
B5XE,109,304,306,N,C,C,N,C,C,-0.368,0.277,-0.243,14.0067,12.011,12.011,3,1,0,1,1,0,115.0,610.0
B5XE,305,304,306,O,C,C,O,C,C,-0.355,0.277,-0.243,15.9994,12.011,12.011,3,1,0,1,1,0,121.0,685.0
B5XE,304,306,307,C,C,H,C,C,HC,0.277,-0.243,0.107,12.011,12.011,1.008,4,1,3,0,0,0,108.53,443.0
B5XE,304,306,308,C,C,H,C,C,HC,0.277,-0.243,0.107,12.011,12.011,1.008,4,1,3,0,0,0,108.53,443.0
B5XE,304,306,309,C,C,H,C,C,HC,0.277,-0.243,0.107,12.011,12.011,1.008,4,1,3,0,0,0,108.53,443.0
B5XE,307,306,308,H,C,H,HC,C,HC,0.107,-0.243,0.107,1.008,12.011,1.008,4,1,3,0,0,0,109.0,1680.51
B5XE,307,306,309,H,C,H,HC,C,HC,0.107,-0.243,0.107,1.008,12.011,1.008,4,1,3,0,0,0,109.0,1680.51
B5XE,308,306,309,H,C,H,HC,C,HC,0.107,-0.243,0.107,1.008,12.011,1.008,4,1,3,0,0,0,109.0,1680.51
B5XE,88,310,311,N,C,O,N,C,O,-0.369,0.28,-0.355,14.0067,12.011,15.9994,3,1,0,1,1,0,124.0,730.0
B5XE,88,310,312,N,C,C,N,C,C,-0.369,0.28,-0.243,14.0067,12.011,12.011,3,1,0,1,1,0,115.0,610.0
B5XE,311,310,312,O,C,C,O,C,C,-0.355,0.28,-0.243,15.9994,12.011,12.011,3,1,0,1,1,0,121.0,685.0
B5XE,310,312,313,C,C,H,C,C,HC,0.28,-0.243,0.106,12.011,12.011,1.008,4,1,3,0,0,0,110.3,524.0
B5XE,310,312,314,C,C,H,C,C,HC,0.28,-0.243,0.106,12.011,12.011,1.008,4,1,3,0,0,0,110.3,524.0
B5XE,310,312,315,C,C,H,C,C,HC,0.28,-0.243,0.106,12.011,12.011,1.008,4,1,3,0,0,0,110.3,524.0
B5XE,313,312,314,H,C,H,HC,C,HC,0.106,-0.243,0.106,1.008,12.011,1.008,4,1,3,0,0,0,109.0,1680.51
B5XE,313,312,315,H,C,H,HC,C,HC,0.106,-0.243,0.106,1.008,12.011,1.008,4,1,3,0,0,0,109.0,1680.51
B5XE,314,312,315,H,C,H,HC,C,HC,0.106,-0.243,0.106,1.008,12.011,1.008,4,1,3,0,0,0,109.0,1680.51
B5XE,67,316,317,N,C,O,N,C,O,-0.369,0.277,-0.355,14.0067,12.011,15.9994,3,1,0,1,1,0,124.0,730.0
B5XE,67,316,318,N,C,C,N,C,C,-0.369,0.277,-0.243,14.0067,12.011,12.011,3,1,0,1,1,0,115.0,610.0
B5XE,317,316,318,O,C,C,O,C,C,-0.355,0.277,-0.243,15.9994,12.011,12.011,3,1,0,1,1,0,121.0,685.0
B5XE,316,318,319,C,C,H,C,C,HC,0.277,-0.243,0.107,12.011,12.011,1.008,4,1,3,0,0,0,111.0,530.0
B5XE,316,318,320,C,C,H,C,C,HC,0.277,-0.243,0.107,12.011,12.011,1.008,4,1,3,0,0,0,111.0,530.0
B5XE,316,318,321,C,C,H,C,C,HC,0.277,-0.243,0.107,12.011,12.011,1.008,4,1,3,0,0,0,111.0,530.0
B5XE,319,318,320,H,C,H,HC,C,HC,0.107,-0.243,0.107,1.008,12.011,1.008,4,1,3,0,0,0,109.0,1680.51
B5XE,319,318,321,H,C,H,HC,C,HC,0.107,-0.243,0.107,1.008,12.011,1.008,4,1,3,0,0,0,109.0,1680.51
B5XE,320,318,321,H,C,H,HC,C,HC,0.107,-0.243,0.107,1.008,12.011,1.008,4,1,3,0,0,0,109.0,1680.51
B5XE,46,322,323,N,C,O,N,C,O,-0.37,0.274,-0.352,14.0067,12.011,15.9994,3,1,0,1,1,0,124.0,730.0
B5XE,46,322,324,N,C,C,N,C,C,-0.37,0.274,-0.243,14.0067,12.011,12.011,3,1,0,1,1,0,115.0,610.0
B5XE,323,322,324,O,C,C,O,C,C,-0.352,0.274,-0.243,15.9994,12.011,12.011,3,1,0,1,1,0,121.0,685.0
B5XE,322,324,325,C,C,H,C,C,HC,0.274,-0.243,0.107,12.011,12.011,1.008,4,1,3,0,0,0,111.0,530.0
B5XE,322,324,326,C,C,H,C,C,HC,0.274,-0.243,0.107,12.011,12.011,1.008,4,1,3,0,0,0,111.0,530.0
B5XE,322,324,327,C,C,H,C,C,HC,0.274,-0.243,0.107,12.011,12.011,1.008,4,1,3,0,0,0,111.0,530.0
B5XE,325,324,326,H,C,H,HC,C,HC,0.107,-0.243,0.107,1.008,12.011,1.008,4,1,3,0,0,0,109.0,1680.51
B5XE,325,324,327,H,C,H,HC,C,HC,0.107,-0.243,0.107,1.008,12.011,1.008,4,1,3,0,0,0,109.0,1680.51
B5XE,326,324,327,H,C,H,HC,C,HC,0.107,-0.243,0.107,1.008,12.011,1.008,4,1,3,0,0,0,109.0,1680.51
