molecule,atom_id,atom_name,element,coordination,avg_bond_len_A,avg_angle_deg,C_count,H_count,O_count,N_count,is_planar,atomtype,charge
22CLTSC_trans,1,H1,H,1,1.54,0.0,1,0,0,0,False,HC,0.158
22CLTSC_trans,2,C1,C,3,1.54,120.0,2,1,0,0,True,CAro,-0.143
22CLTSC_trans,3,C2,C,3,1.54,120.0,2,1,0,0,True,CAro,-0.143
22CLTSC_trans,4,H2,H,1,1.5399,0.0,1,0,0,0,False,HC,0.158
22CLTSC_trans,5,C3,C,3,1.54,120.0,2,1,0,0,True,CAro,-0.143
22CLTSC_trans,6,H3,H,1,1.5399,0.0,1,0,0,0,False,HC,0.158
22CLTSC_trans,7,C4,C,3,1.54,120.0,3,0,0,0,True,CAro,0.039
22CLTSC_trans,8,C5,C,3,1.54,120.0,2,1,0,0,True,CAro,-0.143
22CLTSC_trans,9,H4,H,1,1.54,0.0,1,0,0,0,False,HC,0.158
22CLTSC_trans,10,C6,C,3,1.54,120.0,2,0,0,0,True,,
22CLTSC_trans,11,Cl1,Cl,1,1.54,0.0,1,0,0,0,False,,
22CLTSC_trans,12,C7,C,3,1.54,120.0,1,1,0,1,True,C,-0.001
22CLTSC_trans,13,H5,H,1,1.54,0.0,1,0,0,0,False,HC,0.158
22CLTSC_trans,14,N1,N,2,1.54,119.9996,1,0,0,1,True,NOpt,-0.256
22CLTSC_trans,15,N2,N,3,1.54,120.0,1,1,0,1,True,NOpt,0.113
22CLTSC_trans,16,H6,H,1,1.54,0.0,0,0,0,1,False,HS14,0.331
22CLTSC_trans,17,C8,C,3,1.54,120.0,0,0,0,2,True,C,0.075
22CLTSC_trans,18,S1,S,1,1.54,0.0,1,0,0,0,True,SDmso,-0.539
22CLTSC_trans,19,N3,N,3,1.54,120.0,1,2,0,0,True,NPri,-0.455
22CLTSC_trans,20,H7,H,1,1.54,0.0,0,0,0,1,False,HS14,0.331
22CLTSC_trans,21,H8,H,1,1.5399,0.0,0,0,0,1,False,HS14,0.331
cholesterol,1,H1,H,1,0.9691,0.0,0,0,1,0,False,H,0.198
cholesterol,2,O2,O,2,1.1972,106.3486,1,1,0,0,False,O,-0.33
cholesterol,3,C3,C,4,1.4038,109.3941,2,1,1,0,False,C,0.034
cholesterol,4,H4,H,1,1.1434,0.0,1,0,0,0,False,HC,0.075
cholesterol,5,C5,C,2,1.5112,110.5131,2,0,0,0,False,CH2,0.078
cholesterol,6,C6,C,3,1.449,119.9245,3,0,0,0,True,C,-0.102
cholesterol,7,C7,C,4,1.5258,109.4438,4,0,0,0,False,C,-0.004
cholesterol,8,C8,C,1,1.5221,0.0,1,0,0,0,False,CH3,0.029
cholesterol,9,C9,C,3,1.5311,109.3867,3,0,0,0,False,C,-0.102
cholesterol,10,C10,C,2,1.5199,115.5198,2,0,0,0,False,CH2,0.078
cholesterol,11,C11,C,2,1.5177,108.7445,2,0,0,0,False,CH2,0.078
cholesterol,12,C12,C,4,1.529,109.4157,4,0,0,0,False,C,-0.004
cholesterol,13,C13,C,1,1.5165,0.0,1,0,0,0,False,CH3,0.029
cholesterol,14,C14,C,3,1.5343,113.661,3,0,0,0,False,C,-0.102
cholesterol,15,C15,C,3,1.5217,110.7057,3,0,0,0,False,C,-0.102
cholesterol,16,C16,C,2,1.5284,109.7555,2,0,0,0,False,CH2,0.078
cholesterol,17,C17,C,2,1.525,109.5443,2,0,0,0,False,CH2,0.078
cholesterol,18,C18,C,2,1.5207,108.9718,2,0,0,0,False,CH2,0.078
cholesterol,19,C19,C,3,1.5223,112.2051,3,0,0,0,False,C,-0.102
cholesterol,20,C20,C,1,1.5221,0.0,1,0,0,0,False,CH3,0.029
cholesterol,21,C21,C,1,1.524,0.0,1,0,0,0,False,CH3,0.029
cholesterol,22,C22,C,1,1.5146,0.0,1,0,0,0,False,CH3,0.029
cholesterol,23,C23,C,2,1.5347,107.8459,2,0,0,0,False,CH2,0.078
cholesterol,24,C24,C,2,1.5298,103.1826,2,0,0,0,False,CH2,0.078
cholesterol,25,C25,C,3,1.5279,113.9366,3,0,0,0,False,C,-0.102
cholesterol,26,C26,C,3,1.5271,110.5913,3,0,0,0,False,C,-0.102
cholesterol,27,C27,C,2,1.5016,111.02,2,0,0,0,False,CH2,0.078
cholesterol,28,C28,C,3,1.306,119.871,2,1,0,0,True,C,-0.162
cholesterol,29,H29,H,1,1.0966,0.0,1,0,0,0,False,HC,0.075
cholesterol,30,C30,C,2,1.5233,114.7758,2,0,0,0,False,CH2,0.078
cholesterol,31,C31,C,2,1.5168,109.0895,2,0,0,0,False,CH2,0.078
BPA,1,C1,C,4,1.2104,109.4712,1,3,0,0,False,C,-0.397
BPA,2,C2,C,4,1.5485,109.5032,4,0,0,0,False,C,0.446
BPA,3,C3,C,4,1.2106,109.4712,1,3,0,0,False,C,-0.397
BPA,4,C4,C,3,1.4571,119.9986,3,0,0,0,True,C,-0.065
BPA,5,C5,C,3,1.3066,120.0,2,1,0,0,True,C,-0.319
BPA,6,C6,C,3,1.3008,120.0,2,1,0,0,True,C,-0.319
BPA,7,C7,C,3,1.3894,119.9993,2,0,1,0,True,C,0.403
BPA,8,O1,O,2,1.1593,109.475,1,1,0,0,False,O,-0.608
BPA,9,C8,C,3,1.3009,120.0,2,1,0,0,True,C,-0.319
BPA,10,C9,C,3,1.307,120.0,2,1,0,0,True,C,-0.319
BPA,11,C10,C,3,1.4567,119.9906,3,0,0,0,True,C,-0.065
BPA,12,C11,C,3,1.3063,120.0,2,1,0,0,True,C,-0.319
BPA,13,C12,C,3,1.3006,120.0,2,1,0,0,True,C,-0.319
BPA,14,C13,C,3,1.3904,119.9999,2,0,1,0,True,C,0.403
BPA,15,O2,O,2,1.1595,109.4716,1,1,0,0,False,O,-0.608
BPA,16,C14,C,3,1.3014,120.0,2,1,0,0,True,C,-0.319
BPA,17,C15,C,3,1.307,120.0,2,1,0,0,True,C,-0.319
BPA,18,H1,H,1,1.09,0.0,1,0,0,0,False,HC,0.171
BPA,19,H2,H,1,1.09,0.0,1,0,0,0,False,HC,0.171
BPA,20,H3,H,1,1.09,0.0,1,0,0,0,False,HC,0.171
BPA,21,H4,H,1,1.0901,0.0,1,0,0,0,False,HC,0.171
BPA,22,H5,H,1,1.09,0.0,1,0,0,0,False,HC,0.171
BPA,23,H6,H,1,1.09,0.0,1,0,0,0,False,HC,0.171
BPA,24,H7,H,1,1.0899,0.0,1,0,0,0,False,HC,0.171
BPA,25,H8,H,1,1.09,0.0,1,0,0,0,False,HC,0.171
BPA,26,H9,H,1,0.9599,0.0,0,0,1,0,False,H,0.448
BPA,27,H10,H,1,1.0899,0.0,1,0,0,0,False,HC,0.171
BPA,28,H11,H,1,1.09,0.0,1,0,0,0,False,HC,0.171
BPA,29,H12,H,1,1.0899,0.0,1,0,0,0,False,HC,0.171
BPA,30,H13,H,1,1.09,0.0,1,0,0,0,False,HC,0.171
BPA,31,H14,H,1,0.96,0.0,0,0,1,0,False,H,0.448
BPA,32,H15,H,1,1.09,0.0,1,0,0,0,False,HC,0.171
BPA,33,H16,H,1,1.09,0.0,1,0,0,0,False,HC,0.171
2NP,1,C1,C,1,1.3506,0.0,0,0,1,0,False,,
2NP,2,C2,C,1,1.0215,0.0,0,1,0,0,False,,
2NP,3,C3,C,1,1.0222,0.0,0,1,0,0,False,,
2NP,4,C4,C,1,1.0273,0.0,0,1,0,0,False,,
2NP,5,C5,C,1,1.0249,0.0,0,1,0,0,False,,
2NP,6,C6,C,0,0.0,0.0,0,0,0,0,False,,
2NP,7,O7,O,2,1.1665,105.6943,1,1,0,0,False,OA,-0.567
2NP,8,N8,N,1,1.1628,0.0,0,0,1,0,False,,
2NP,9,O9,O,0,0.0,0.0,0,0,0,0,False,,
2NP,10,O10,O,1,1.1628,0.0,0,0,0,1,False,OM,-0.429
2NP,11,H11,H,1,1.0215,0.0,1,0,0,0,False,HC,0.178
2NP,12,H12,H,1,1.0222,0.0,1,0,0,0,False,HC,0.178
2NP,13,H13,H,1,1.0273,0.0,1,0,0,0,False,HC,0.178
2NP,14,H14,H,1,0.9823,0.0,0,0,1,0,False,HS14,0.51
2NP,15,H15,H,1,1.0249,0.0,1,0,0,0,False,HC,0.178
efz,1,H1,H,1,1.084,0.0,1,0,0,0,False,HC,0.142
efz,2,C2,C,1,1.084,0.0,0,1,0,0,False,,
efz,3,C3,C,1,1.0831,0.0,0,1,0,0,False,,
efz,4,H4,H,1,1.0831,0.0,1,0,0,0,False,HC,0.142
efz,5,C5,C,1,1.3973,0.0,0,0,0,1,False,,
efz,6,N6,N,2,1.2049,119.9124,1,1,0,0,False,,
efz,7,H7,H,1,1.0125,0.0,0,0,0,1,False,H,0.383
efz,8,C8,C,2,1.2876,119.6306,0,0,2,0,False,,
efz,9,O9,O,1,1.2163,0.0,1,0,0,0,False,OE,-0.591
efz,10,O10,O,2,1.4074,122.9047,2,0,0,0,False,OE,-0.37
efz,11,C11,C,4,1.5008,109.4226,3,0,1,0,False,C,0.04
efz,12,C12,C,4,1.3979,109.4563,1,0,0,0,False,C,0.367
efz,13,F13,F,1,1.3494,0.0,1,0,0,0,False,F,-0.129
efz,14,F14,F,1,1.3377,0.0,1,0,0,0,False,F,-0.129
efz,15,F15,F,1,1.3473,0.0,1,0,0,0,False,F,-0.129
efz,16,C16,C,1,1.5285,0.0,1,0,0,0,False,CL,-0.11
efz,17,C17,C,1,1.0834,0.0,0,1,0,0,False,,
efz,18,H18,H,1,1.0834,0.0,1,0,0,0,False,HC,0.142
efz,19,C19,C,1,1.7633,0.0,1,0,0,0,False,CL,-0.11
efz,20,C20,C,1,1.7633,0.0,1,0,0,0,False,CL,-0.11
efz,21,C21,C,2,1.3351,179.6517,2,0,0,0,False,C,-0.05
efz,22,C22,C,1,1.2084,0.0,1,0,0,0,False,CL,-0.11
efz,23,C23,C,3,1.3805,96.9913,2,1,0,0,False,C,-0.022
efz,24,H24,H,1,1.0835,0.0,1,0,0,0,False,HC,0.142
efz,25,C25,C,4,1.3032,107.6635,2,2,0,0,False,C,-0.273
efz,26,H26,H,1,1.0889,0.0,1,0,0,0,False,HC,0.142
efz,27,H27,H,1,1.0917,0.0,1,0,0,0,False,HC,0.142
efz,28,C28,C,4,1.3007,107.6809,2,2,0,0,False,C,-0.273
efz,29,H29,H,1,1.0854,0.0,1,0,0,0,False,HC,0.142
efz,30,H30,H,1,1.0888,0.0,1,0,0,0,False,HC,0.142
