molecule,atom_id,atom_name,tripos_type,element,mass,coordination,neighbor_config,n_dihedrals,is_planar,avg_bond_len_A,avg_angle_deg,C_count,H_count,O_count,N_count,atomtype,charge
22CLTSC_trans,1,H1,H,H,1.008,1,C1,4,False,1.54,0.0,1,0,0,0,HC,0.129
22CLTSC_trans,2,C1,C.2,C,12.011,3,C1.5-C1.5-H1,12,True,1.54,120.0,2,1,0,0,CAro,-0.053
22CLTSC_trans,3,C2,C.2,C,12.011,3,C1.5-C1.5-H1,12,True,1.54,120.0,2,1,0,0,CAro,-0.142
22CLTSC_trans,4,H2,H,H,1.008,1,C1,4,False,1.5399,0.0,1,0,0,0,HC,0.154
22CLTSC_trans,5,C3,C.2,C,12.011,3,C1.5-C1.5-H1,14,True,1.54,120.0,2,1,0,0,CAro,-0.143
22CLTSC_trans,6,H3,H,H,1.008,1,C1,4,False,1.5399,0.0,1,0,0,0,HC,0.134
22CLTSC_trans,7,C4,C.2,C,12.011,3,C1-C1.5-C1.5,17,True,1.54,120.0,3,0,0,0,CAro,0.039
22CLTSC_trans,8,C5,C.2,C,12.011,3,C1.5-C1.5-H1,14,True,1.54,120.0,2,1,0,0,CAro,-0.018
22CLTSC_trans,9,H4,H,H,1.008,1,C1,4,False,1.54,0.0,1,0,0,0,HC,0.091
22CLTSC_trans,10,C6,C.2,C,12.011,3,C1.5-C1.5-Cl1,12,True,1.54,120.0,2,0,0,0,CAro,-0.022
22CLTSC_trans,11,Cl1,Cl,Cl,35.45,1,C1,4,False,1.54,0.0,1,0,0,0,CLAro,-0.119
22CLTSC_trans,12,C7,C.2,C,12.011,3,C1-H1-N2,12,True,1.54,120.0,1,1,0,1,C,-0.001
22CLTSC_trans,13,H5,H,H,1.008,1,C1,3,False,1.54,0.0,1,0,0,0,HC,0.158
22CLTSC_trans,14,N1,N.2,N,14.007,2,C2-N1,8,True,1.54,119.9996,1,0,0,1,NOpt,-0.256
22CLTSC_trans,15,N2,N.3,N,14.007,3,C1-H1-N1,10,True,1.54,120.0,1,1,0,1,NOpt,0.113
22CLTSC_trans,16,H6,H,H,1.008,1,N1,3,False,1.54,0.0,0,0,0,1,HS14,0.193
22CLTSC_trans,17,C8,C.2,C,12.011,3,N1-N1-S2,9,True,1.54,120.0,0,0,0,2,C,0.075
22CLTSC_trans,18,S1,S.2,S,32.06,1,C2,4,True,1.54,0.0,1,0,0,0,SDmso,-0.539
22CLTSC_trans,19,N3,N.3,N,14.007,3,C1-H1-H1,6,True,1.54,120.0,1,2,0,0,NPri,-0.455
22CLTSC_trans,20,H7,H,H,1.008,1,N1,2,False,1.54,0.0,0,0,0,1,HS14,0.331
22CLTSC_trans,21,H8,H,H,1.008,1,N1,2,False,1.5399,0.0,0,0,0,1,HS14,0.331
2NP,1,C1,C,C,12.011,1,O1,0,False,1.3506,0.0,0,0,1,0,C,-0.153
2NP,2,C2,C,C,12.011,1,H1,0,False,1.0215,0.0,0,1,0,0,C,-0.06
2NP,3,C3,C,C,12.011,1,H1,0,False,1.0222,0.0,0,1,0,0,C,-0.245
2NP,4,C4,C,C,12.011,1,H1,0,False,1.0273,0.0,0,1,0,0,C,0.379
2NP,5,C5,C,C,12.011,1,H1,0,False,1.0249,0.0,0,1,0,0,C,-0.12
2NP,6,C6,C,C,12.011,0,,0,False,0.0,0.0,0,0,0,0,C,-0.109
2NP,7,O7,O,O,15.999,2,C1-H1,0,False,1.1665,105.6943,1,1,0,0,,
2NP,8,N8,N,N,14.007,1,O2,0,False,1.1628,0.0,0,0,1,0,,
2NP,9,O9,O,O,15.999,0,,0,False,0.0,0.0,0,0,0,0,,
2NP,10,O10,O,O,15.999,1,N2,0,False,1.1628,0.0,0,0,0,1,,
2NP,11,H11,H,H,1.008,1,C1,0,False,1.0215,0.0,1,0,0,0,,
2NP,12,H12,H,H,1.008,1,C1,0,False,1.0222,0.0,1,0,0,0,,
2NP,13,H13,H,H,1.008,1,C1,0,False,1.0273,0.0,1,0,0,0,,
2NP,14,H14,H,H,1.008,1,O1,0,False,0.9823,0.0,0,0,1,0,,
2NP,15,H15,H,H,1.008,1,C1,0,False,1.0249,0.0,1,0,0,0,,
BPA,1,C1,C.3,C,12.011,4,C1-H1-H1-H1,16,False,1.2104,109.4712,1,3,0,0,C,0.403
BPA,2,C2,C.3,C,12.011,4,C1-C1-C1-C1,38,False,1.5485,109.5032,4,0,0,0,C,-0.319
BPA,3,C3,C.3,C,12.011,4,C1-H1-H1-H1,16,False,1.2106,109.4712,1,3,0,0,C,-0.126
BPA,4,C4,C.2,C,12.011,3,C1-C1.5-C1.5,26,True,1.4571,119.9986,3,0,0,0,C,-0.065
BPA,5,C5,C.2,C,12.011,3,C1.5-C1.5-H1,15,True,1.3066,120.0,2,1,0,0,C,-0.126
BPA,6,C6,C.2,C,12.011,3,C1.5-C1.5-H1,13,True,1.3008,120.0,2,1,0,0,C,-0.319
BPA,7,C7,C.2,C,12.011,3,C1.5-C1.5-O1,14,True,1.3894,119.9993,2,0,1,0,C,0.446
BPA,8,O1,O.3,O,15.999,2,C1-H1,6,False,1.1593,109.475,1,1,0,0,O,-0.608
BPA,9,C8,C.2,C,12.011,3,C1.5-C1.5-H1,13,True,1.3009,120.0,2,1,0,0,C,-0.065
BPA,10,C9,C.2,C,12.011,3,C1.5-C1.5-H1,15,True,1.307,120.0,2,1,0,0,C,-0.126
BPA,11,C10,C.2,C,12.011,3,C1-C1.5-C1.5,26,True,1.4567,119.9906,3,0,0,0,C,-0.319
BPA,12,C11,C.2,C,12.011,3,C1.5-C1.5-H1,15,True,1.3063,120.0,2,1,0,0,C,0.403
BPA,13,C12,C.2,C,12.011,3,C1.5-C1.5-H1,13,True,1.3006,120.0,2,1,0,0,C,-0.319
BPA,14,C13,C.2,C,12.011,3,C1.5-C1.5-O1,14,True,1.3904,119.9999,2,0,1,0,C,-0.126
BPA,15,O2,O.3,O,15.999,2,C1-H1,6,False,1.1595,109.4716,1,1,0,0,O,-0.608
BPA,16,C14,C.2,C,12.011,3,C1.5-C1.5-H1,13,True,1.3014,120.0,2,1,0,0,C,-0.397
BPA,17,C15,C.2,C,12.011,3,C1.5-C1.5-H1,15,True,1.307,120.0,2,1,0,0,C,-0.397
BPA,18,H1,H,H,1.008,1,C1,3,False,1.09,0.0,1,0,0,0,HC,0.171
BPA,19,H2,H,H,1.008,1,C1,3,False,1.09,0.0,1,0,0,0,HC,0.131
BPA,20,H3,H,H,1.008,1,C1,3,False,1.09,0.0,1,0,0,0,HC,0.131
BPA,21,H4,H,H,1.008,1,C1,3,False,1.0901,0.0,1,0,0,0,HC,0.171
BPA,22,H5,H,H,1.008,1,C1,3,False,1.09,0.0,1,0,0,0,HC,0.131
BPA,23,H6,H,H,1.008,1,C1,3,False,1.09,0.0,1,0,0,0,HC,0.171
BPA,24,H7,H,H,1.008,1,C1,4,False,1.0899,0.0,1,0,0,0,HC,0.171
BPA,25,H8,H,H,1.008,1,C1,4,False,1.09,0.0,1,0,0,0,HC,0.131
BPA,26,H9,H,H,1.008,1,O1,2,False,0.9599,0.0,0,0,1,0,HC,0.094
BPA,27,H10,H,H,1.008,1,C1,4,False,1.0899,0.0,1,0,0,0,HC,0.094
BPA,28,H11,H,H,1.008,1,C1,4,False,1.09,0.0,1,0,0,0,HC,0.094
BPA,29,H12,H,H,1.008,1,C1,4,False,1.0899,0.0,1,0,0,0,HC,0.094
BPA,30,H13,H,H,1.008,1,C1,4,False,1.09,0.0,1,0,0,0,HC,0.094
BPA,31,H14,H,H,1.008,1,O1,2,False,0.96,0.0,0,0,1,0,HC,0.094
BPA,32,H15,H,H,1.008,1,C1,4,False,1.09,0.0,1,0,0,0,H,0.448
BPA,33,H16,H,H,1.008,1,C1,4,False,1.09,0.0,1,0,0,0,H,0.448
cholesterol,1,H1,H,H,1.008,1,O1,3,False,0.9691,0.0,0,0,1,0,H,0.198
cholesterol,2,O2,O,O,15.999,2,C1-H1,5,False,1.1972,106.3486,1,1,0,0,,
cholesterol,3,C3,C,C,12.011,4,C1-C1-H1-O1,12,False,1.4038,109.3941,2,1,1,0,C,0.034
cholesterol,4,H4,H,H,1.008,1,C1,3,False,1.1434,0.0,1,0,0,0,,
cholesterol,5,C5,C,C,12.011,2,C1-C1,12,False,1.5112,110.5131,2,0,0,0,C,-0.102
cholesterol,6,C6,C,C,12.011,3,C1-C1-C2,19,True,1.449,119.9245,3,0,0,0,C,-0.162
cholesterol,7,C7,C,C,12.011,4,C1-C1-C1-C1,22,False,1.5258,109.4438,4,0,0,0,CH2,0.051
cholesterol,8,C8,C,C,12.011,1,C1,5,False,1.5221,0.0,1,0,0,0,CH1,0.012
cholesterol,9,C9,C,C,12.011,3,C1-C1-C1,19,False,1.5311,109.3867,3,0,0,0,CH1,-0.001
cholesterol,10,C10,C,C,12.011,2,C1-C1,11,False,1.5199,115.5198,2,0,0,0,C,-0.004
cholesterol,11,C11,C,C,12.011,2,C1-C1,10,False,1.5177,108.7445,2,0,0,0,CH2,0.006
cholesterol,12,C12,C,C,12.011,4,C1-C1-C1-C1,22,False,1.529,109.4157,4,0,0,0,CH2,0.017
cholesterol,13,C13,C,C,12.011,1,C1,5,False,1.5165,0.0,1,0,0,0,C,-0.044
cholesterol,14,C14,C,C,12.011,3,C1-C1-C1,17,False,1.5343,113.661,3,0,0,0,CH1,-0.019
cholesterol,15,C15,C,C,12.011,3,C1-C1-C1,11,False,1.5217,110.7057,3,0,0,0,CH2,0.009
cholesterol,16,C16,C,C,12.011,2,C1-C1,6,False,1.5284,109.7555,2,0,0,0,CH2,0.005
cholesterol,17,C17,C,C,12.011,2,C1-C1,6,False,1.525,109.5443,2,0,0,0,CH1,-0.007
cholesterol,18,C18,C,C,12.011,2,C1-C1,4,False,1.5207,108.9718,2,0,0,0,CH3,0.024
cholesterol,19,C19,C,C,12.011,3,C1-C1-C1,3,False,1.5223,112.2051,3,0,0,0,CH3,0.029
cholesterol,20,C20,C,C,12.011,1,C1,1,False,1.5221,0.0,1,0,0,0,CH1,-0.006
cholesterol,21,C21,C,C,12.011,1,C1,1,False,1.524,0.0,1,0,0,0,CH3,0.01
cholesterol,22,C22,C,C,12.011,1,C1,3,False,1.5146,0.0,1,0,0,0,CH2,0.004
cholesterol,23,C23,C,C,12.011,2,C1-C1,10,False,1.5347,107.8459,2,0,0,0,CH2,-0.0
cholesterol,24,C24,C,C,12.011,2,C1-C1,10,False,1.5298,103.1826,2,0,0,0,CH2,0.004
cholesterol,25,C25,C,C,12.011,3,C1-C1-C1,19,False,1.5279,113.9366,3,0,0,0,CH1,-0.021
cholesterol,26,C26,C,C,12.011,3,C1-C1-C1,20,False,1.5271,110.5913,3,0,0,0,CH3,0.009
cholesterol,27,C27,C,C,12.011,2,C1-C1,10,False,1.5016,111.02,2,0,0,0,CH3,0.008
cholesterol,28,C28,C,C,12.011,3,C1-C2-H1,12,True,1.306,119.871,2,1,0,0,,
cholesterol,29,H29,H,H,1.008,1,C1,3,False,1.0966,0.0,1,0,0,0,,
cholesterol,30,C30,C,C,12.011,2,C1-C1,11,False,1.5233,114.7758,2,0,0,0,,
cholesterol,31,C31,C,C,12.011,2,C1-C1,9,False,1.5168,109.0895,2,0,0,0,,
efz,1,H1,H,H,1.008,1,C1,0,False,1.084,0.0,1,0,0,0,,
efz,2,C2,C,C,12.011,1,H1,0,False,1.084,0.0,0,1,0,0,,
efz,3,C3,C,C,12.011,1,H1,0,False,1.0831,0.0,0,1,0,0,,
efz,4,H4,H,H,1.008,1,C1,0,False,1.0831,0.0,1,0,0,0,,
efz,5,C5,C,C,12.011,1,N1,0,False,1.3973,0.0,0,0,0,1,,
efz,6,N6,N,N,14.007,2,C1-H1,0,False,1.2049,119.9124,1,1,0,0,,
efz,7,H7,H,H,1.008,1,N1,0,False,1.0125,0.0,0,0,0,1,,
efz,8,C8,C,C,12.011,2,O1-O2,4,False,1.2876,119.6306,0,0,2,0,C,-0.023
efz,9,O9,O,O,15.999,1,C2,1,False,1.2163,0.0,1,0,0,0,,
efz,10,O10,O,O,15.999,2,C1-C1,8,False,1.4074,122.9047,2,0,0,0,,
efz,11,C11,C,C,12.011,4,C1-C1-C1-O1,16,False,1.5008,109.4226,3,0,1,0,C,0.04
efz,12,C12,C,C,12.011,4,C1-F1-F1-F1,11,False,1.3979,109.4563,1,0,0,0,C,-0.104
efz,13,F13,F,F,18.998,1,C1,3,False,1.3494,0.0,1,0,0,0,,
efz,14,F14,F,F,18.998,1,C1,3,False,1.3377,0.0,1,0,0,0,,
efz,15,F15,F,F,18.998,1,C1,3,False,1.3473,0.0,1,0,0,0,,
efz,16,C16,C,C,12.011,1,C1,5,False,1.5285,0.0,1,0,0,0,C,0.367
efz,17,C17,C,C,12.011,1,H1,0,False,1.0834,0.0,0,1,0,0,C,-0.195
efz,18,H18,H,H,1.008,1,C1,0,False,1.0834,0.0,1,0,0,0,,
efz,19,C19,C,C,12.011,1,C1,0,False,1.7633,0.0,1,0,0,0,C,0.82
efz,20,C20,C,C,12.011,1,C1,0,False,1.7633,0.0,1,0,0,0,C,-0.022
efz,21,C21,C,C,12.011,2,C1-C3,7,False,1.3351,179.6517,2,0,0,0,C,-0.022
efz,22,C22,C,C,12.011,1,C3,3,False,1.2084,0.0,1,0,0,0,,
efz,23,C23,C,C,12.011,3,C1-C1-H1,18,False,1.3805,96.9913,2,1,0,0,,
efz,24,H24,H,H,1.008,1,C1,6,False,1.0835,0.0,1,0,0,0,HC,0.15
efz,25,C25,C,C,12.011,4,C1-C1-H1-H1,20,False,1.3032,107.6635,2,2,0,0,,
efz,26,H26,H,H,1.008,1,C1,5,False,1.0889,0.0,1,0,0,0,HC,0.142
efz,27,H27,H,H,1.008,1,C1,5,False,1.0917,0.0,1,0,0,0,HC,0.198
efz,28,C28,C,C,12.011,4,C1-C1-H1-H1,20,False,1.3007,107.6809,2,2,0,0,,
efz,29,H29,H,H,1.008,1,C1,5,False,1.0854,0.0,1,0,0,0,HC,0.212
efz,30,H30,H,H,1.008,1,C1,5,False,1.0888,0.0,1,0,0,0,HC,0.142
