molecule,atom_id,atom_name,element,mass,coordination,avg_bond_len,avg_angle,is_planar,C_count,H_count,O_count,N_count,n_electroneg_1,n_electroneg_2,bonds_single,bonds_double,bonds_ar,atomtype,charge
22CLTSC_trans,1,H8,H8,0.0,1,1.0136074190730848,0.0,True,0,0,0,0,0,0,1,0,0,HS14,0.331
22CLTSC_trans,2,N3,N3,0.0,3,1.1202818459971147,119.93941760561647,True,0,0,0,0,0,0,3,0,0,NPri,-0.455
22CLTSC_trans,3,H7,H7,0.0,1,1.012472221841172,0.0,True,0,0,0,0,0,0,1,0,0,HS14,0.331
22CLTSC_trans,4,C8,C8,0.0,3,1.4658550694873824,119.99995861107455,True,0,0,0,0,0,0,3,0,0,C,0.075
22CLTSC_trans,5,S1,S1,0.0,1,1.6980282683159313,0.0,True,0,0,0,0,0,0,1,0,0,SDmso,-0.539
22CLTSC_trans,6,N2,N2,0.0,3,1.2496620112251062,119.99977041077176,True,0,0,0,0,0,0,3,0,0,NOpt,0.113
22CLTSC_trans,7,H6,H6,0.0,1,1.0185283501208986,0.0,True,0,0,0,0,0,0,1,0,0,HS14,0.193
22CLTSC_trans,8,N1,N1,0.0,2,1.3250465591008749,117.13046430768233,True,0,0,0,0,0,0,2,0,0,NOpt,-0.256
22CLTSC_trans,9,C7,C7,0.0,3,1.281888635371167,119.99971403940071,True,0,0,0,0,0,0,3,0,0,C,-0.001
22CLTSC_trans,10,H5,H5,0.0,1,1.0974971526158963,0.0,True,0,0,0,0,0,0,1,0,0,HC,0.158
22CLTSC_trans,11,C4,C4,0.0,3,1.4253955798433644,119.99782411286412,True,0,0,0,0,0,0,3,0,0,CAro,0.039
22CLTSC_trans,12,C3,C3,0.0,3,1.293191246757286,119.99703866712593,True,0,0,0,0,0,0,3,0,0,CAro,-0.143
22CLTSC_trans,13,H3,H3,0.0,1,1.0793979803575693,0.0,True,0,0,0,0,0,0,1,0,0,HC,0.134
22CLTSC_trans,14,C2,C2,0.0,3,1.2941595351809971,119.99969707874071,True,0,0,0,0,0,0,3,0,0,CAro,-0.142
22CLTSC_trans,15,H2,H2,0.0,1,1.0881635906425104,0.0,True,0,0,0,0,0,0,1,0,0,HC,0.154
22CLTSC_trans,16,C1,C1,0.0,3,1.2933821887324042,119.99696622665465,True,0,0,0,0,0,0,3,0,0,CAro,-0.053
22CLTSC_trans,17,H1,H1,0.0,1,1.0779146533933013,0.0,True,0,0,0,0,0,0,1,0,0,HC,0.129
22CLTSC_trans,18,C6,C6,0.0,3,1.5183185784461415,119.99817664234565,True,0,0,0,0,0,0,3,0,0,CAro,-0.022
22CLTSC_trans,19,Cl1,Cl1,0.0,1,1.763689315043894,0.0,True,0,0,0,0,0,0,1,0,0,CLAro,-0.119
22CLTSC_trans,20,C5,C5,0.0,3,1.2899318670043647,119.99974546806972,True,0,0,0,0,0,0,3,0,0,CAro,-0.018
22CLTSC_trans,21,H4,H4,0.0,1,1.074197374787334,0.0,True,0,0,0,0,0,0,1,0,0,HC,0.091
cholesterol,1,H1,H1,0.0,1,0.9691233151668538,0.0,True,0,0,0,0,0,0,1,0,0,H,0.198
cholesterol,2,O1,O1,0.0,2,1.1971976095252315,106.34863098822898,True,0,0,0,0,0,0,2,0,0,O,-0.33
cholesterol,3,C3,C3,0.0,4,1.4037571266391473,109.39409067059195,False,0,0,0,0,0,0,4,0,0,C,0.034
cholesterol,4,HC,HC,0.0,1,1.143415934819868,0.0,True,0,0,0,0,0,0,1,0,0,HC,0.075
cholesterol,5,C4,C4,0.0,2,1.5111980522584907,110.51306597957304,True,0,0,0,0,0,0,2,0,0,CH2,0.078
cholesterol,6,C5,C5,0.0,3,1.4489826726575643,119.92448054865999,True,0,0,0,0,0,0,3,0,0,C,-0.102
cholesterol,7,C10,C10,0.0,4,1.5257990778824544,109.44381103917057,False,0,0,0,0,0,0,4,0,0,C,-0.004
cholesterol,8,C19,C19,0.0,1,1.5221366561514786,0.0,True,0,0,0,0,0,0,1,0,0,CH3,0.029
cholesterol,9,C9,C9,0.0,3,1.5310789850457507,109.38667767220547,False,0,0,0,0,0,0,3,0,0,CH1,-0.001
cholesterol,10,C11,C11,0.0,2,1.519867661987199,115.51982430701368,True,0,0,0,0,0,0,2,0,0,CH2,0.006
cholesterol,11,C12,C12,0.0,2,1.517707648674591,108.74445586645841,True,0,0,0,0,0,0,2,0,0,CH2,0.017
cholesterol,12,C13,C13,0.0,4,1.5289795691071764,109.41567394922919,False,0,0,0,0,0,0,4,0,0,C,-0.044
cholesterol,13,C18,C18,0.0,1,1.5164761785138652,0.0,True,0,0,0,0,0,0,1,0,0,CH3,0.024
cholesterol,14,C17,C17,0.0,3,1.534299331052484,113.66098999212903,False,0,0,0,0,0,0,3,0,0,CH1,-0.007
cholesterol,15,C20,C20,0.0,3,1.521733073785158,110.70570752749971,False,0,0,0,0,0,0,3,0,0,CH1,-0.006
cholesterol,16,C22,C22,0.0,2,1.5284139265080934,109.75547885022692,True,0,0,0,0,0,0,2,0,0,CH2,0.004
cholesterol,17,C23,C23,0.0,2,1.525002008993707,109.5442981217107,True,0,0,0,0,0,0,2,0,0,CH2,-0.0
cholesterol,18,C24,C24,0.0,2,1.520690632219103,108.97179733359403,True,0,0,0,0,0,0,2,0,0,CH2,0.004
cholesterol,19,C25,C25,0.0,3,1.5222784111936203,112.20509797726346,False,0,0,0,0,0,0,3,0,0,CH1,-0.021
cholesterol,20,C27,C27,0.0,1,1.5221366561514769,0.0,True,0,0,0,0,0,0,1,0,0,CH3,0.008
cholesterol,21,C26,C26,0.0,1,1.5239750654128128,0.0,True,0,0,0,0,0,0,1,0,0,CH3,0.009
cholesterol,22,C21,C21,0.0,1,1.5146286673637201,0.0,True,0,0,0,0,0,0,1,0,0,CH3,0.01
cholesterol,23,C16,C16,0.0,2,1.5346979979977484,107.84592090803513,True,0,0,0,0,0,0,2,0,0,CH2,0.005
cholesterol,24,C15,C15,0.0,2,1.529790768393507,103.18261917565593,True,0,0,0,0,0,0,2,0,0,CH2,0.009
cholesterol,25,C14,C14,0.0,3,1.5279418847545063,113.93660878378205,False,0,0,0,0,0,0,3,0,0,CH1,-0.019
cholesterol,26,C8,C8,0.0,3,1.5271039508584259,110.59130165641905,False,0,0,0,0,0,0,3,0,0,CH1,0.012
cholesterol,27,C7,C7,0.0,2,1.5016466515841853,111.02004923144203,True,0,0,0,0,0,0,2,0,0,CH2,0.051
cholesterol,28,C6,C6,0.0,3,1.305975802799556,119.8709700592879,True,0,0,0,0,0,0,3,0,0,C,-0.162
cholesterol,29,HC1,HC1,0.0,1,1.0966312051004232,0.0,True,0,0,0,0,0,0,1,0,0,HC,0.121
cholesterol,30,C1,C1,0.0,2,1.5233247854547933,114.77576429539542,True,0,0,0,0,0,0,2,0,0,CH2,0.022
cholesterol,31,C2,C2,0.0,2,1.5167813662018939,109.08951172809029,True,0,0,0,0,0,0,2,0,0,CH2,-0.02
BPA,1,H16,H16,0.0,1,0.977547952787995,0.0,True,0,0,0,0,0,0,1,0,0,H,0.448
BPA,2,O2,O2,0.0,2,1.1708846712229233,109.11022501917147,True,0,0,0,0,0,0,2,0,0,O,-0.608
BPA,3,C11,C11,0.0,3,1.3905375888426128,119.99936641705597,True,0,0,0,0,0,0,3,0,0,C,0.403
BPA,4,C10,C10,0.0,3,1.2941807323393704,119.99983817264426,True,0,0,0,0,0,0,3,0,0,C,-0.319
BPA,5,H6,H6,0.0,1,1.0858176642512314,0.0,True,0,0,0,0,0,0,1,0,0,HC,0.171
BPA,6,C9,C9,0.0,3,1.292394472223717,119.99846762001154,True,0,0,0,0,0,0,3,0,0,C,-0.126
BPA,7,H5,H5,0.0,1,1.08397416943394,0.0,True,0,0,0,0,0,0,1,0,0,HC,0.131
BPA,8,C8,C8,0.0,3,1.4507863610813907,119.97927223849138,True,0,0,0,0,0,0,3,0,0,C,-0.065
BPA,9,C13,C13,0.0,3,1.2934638200392616,119.99961078703751,True,0,0,0,0,0,0,3,0,0,C,-0.126
BPA,10,H8,H8,0.0,1,1.0830512453249845,0.0,True,0,0,0,0,0,0,1,0,0,HC,0.131
BPA,11,C12,C12,0.0,3,1.2943172513875365,119.99540601951786,True,0,0,0,0,0,0,3,0,0,C,-0.319
BPA,12,H7,H7,0.0,1,1.0914669028422255,0.0,True,0,0,0,0,0,0,1,0,0,HC,0.171
BPA,13,C7,C7,0.0,4,1.5449570126833008,109.47949744635423,False,0,0,0,0,0,0,4,0,0,C,0.446
BPA,14,C14,C14,0.0,4,1.2061904896999225,109.45445037545618,False,0,0,0,0,0,0,4,0,0,C,-0.397
BPA,15,H9,H9,0.0,1,1.0907795377618705,0.0,True,0,0,0,0,0,0,1,0,0,HC,0.094
BPA,16,H10,H10,0.0,1,1.093617849159385,0.0,True,0,0,0,0,0,0,1,0,0,HC,0.094
BPA,17,H11,H11,0.0,1,1.088301428833023,0.0,True,0,0,0,0,0,0,1,0,0,HC,0.094
BPA,18,C15,C15,0.0,4,1.2102347611792843,109.44926058943764,False,0,0,0,0,0,0,4,0,0,C,-0.397
BPA,19,H12,H12,0.0,1,1.0962207806824318,0.0,True,0,0,0,0,0,0,1,0,0,HC,0.094
BPA,20,H13,H13,0.0,1,1.100272693471941,0.0,True,0,0,0,0,0,0,1,0,0,HC,0.094
BPA,21,H14,H14,0.0,1,1.0962207806824318,0.0,True,0,0,0,0,0,0,1,0,0,HC,0.094
BPA,22,C4,C4,0.0,3,1.452232553381145,119.99637469787147,True,0,0,0,0,0,0,3,0,0,C,-0.065
BPA,23,C3,C3,0.0,3,1.29480873673259,119.99993300077644,True,0,0,0,0,0,0,3,0,0,C,-0.126
BPA,24,H2,H2,0.0,1,1.0774506949276148,0.0,True,0,0,0,0,0,0,1,0,0,HC,0.131
BPA,25,C2,C2,0.0,3,1.2963603763941012,119.99801641939735,True,0,0,0,0,0,0,3,0,0,C,-0.319
BPA,26,H1,H1,0.0,1,1.0890821823902912,0.0,True,0,0,0,0,0,0,1,0,0,HC,0.171
BPA,27,C1,C1,0.0,3,1.3890828541313047,119.99840498473732,True,0,0,0,0,0,0,3,0,0,C,0.403
BPA,28,O1,O1,0.0,2,1.1747193919141714,108.51181673708332,True,0,0,0,0,0,0,2,0,0,O,-0.608
BPA,29,H15,H15,0.0,1,0.9791833331914918,0.0,True,0,0,0,0,0,0,1,0,0,H,0.448
BPA,30,C6,C6,0.0,3,1.2911235235968457,119.99867509038349,True,0,0,0,0,0,0,3,0,0,C,-0.319
BPA,31,H4,H4,0.0,1,1.0866922287382017,0.0,True,0,0,0,0,0,0,1,0,0,HC,0.171
BPA,32,C5,C5,0.0,3,1.29602707706165,119.99445207459213,True,0,0,0,0,0,0,3,0,0,C,-0.126
BPA,33,H3,H3,0.0,1,1.0855873986004074,0.0,True,0,0,0,0,0,0,1,0,0,HC,0.131
2NP,1,C,C,12.011,3,1.397381128479469,119.99908341910934,True,2,0,1,0,1,1,3,0,0,,
2NP,2,C,C,12.011,3,1.2780867541961964,119.99860078002546,True,2,1,0,0,0,1,3,0,0,,
2NP,3,C,C,12.011,3,1.2768343095426498,119.99999776359675,True,2,1,0,0,0,0,3,0,0,,
2NP,4,C,C,12.011,3,1.2759854782048137,119.99999272522358,True,2,1,0,0,0,0,3,0,0,,
2NP,5,C,C,12.011,3,1.279895005509748,119.99975465260854,True,2,1,0,0,0,1,3,0,0,,
2NP,6,C,C,12.011,3,1.401768584011008,119.99876690927516,True,2,0,0,1,1,3,3,0,0,,
2NP,7,O,O,15.999,2,1.1664868090451412,105.69425569775493,True,1,1,0,0,0,0,2,0,0,,
2NP,8,N,N,14.007,3,1.262285499624048,119.99963883227753,True,1,0,2,0,2,0,3,0,0,,
2NP,9,O,O,15.999,1,1.2698425099200294,0.0,True,0,0,0,1,1,1,1,0,0,,
2NP,10,O,O,15.999,1,1.1627983488120373,0.0,True,0,0,0,1,1,1,1,0,0,,
2NP,11,H,H,1.008,1,1.0214695296483394,0.0,True,1,0,0,0,0,0,1,0,0,,
2NP,12,H,H,1.008,1,1.0222035022440492,0.0,True,1,0,0,0,0,0,1,0,0,,
2NP,13,H,H,1.008,1,1.0272779565434078,0.0,True,1,0,0,0,0,0,1,0,0,,
2NP,14,H,H,1.008,1,0.982344135219425,0.0,True,0,0,1,0,1,0,1,0,0,,
2NP,15,H,H,1.008,1,1.0249390225764654,0.0,True,1,0,0,0,0,0,1,0,0,,
3NP,1,O1,O,15.999,1,1.2375210139629949,0.0,True,0,0,0,1,1,1,0,0,0,OA,-0.578
3NP,2,N2,N,14.007,3,1.3150435962210032,119.99999989412605,True,1,0,2,0,2,0,1,0,0,,
3NP,3,O3,O,15.999,1,1.2375671052512671,0.0,True,0,0,0,1,1,1,0,0,0,OM,-0.446
3NP,4,C4,C,12.011,3,1.4242650352730273,119.99999999374761,True,2,0,0,1,1,2,1,0,0,C,-0.319
3NP,5,C5,C,12.011,3,1.2909204640884744,119.99999995965851,True,2,1,0,0,0,1,1,0,0,C,0.416
3NP,6,H6,H,1.008,1,1.069989364433123,0.0,True,1,0,0,0,0,0,1,0,0,,
3NP,7,C7,C,12.011,3,1.2909286113224823,119.99999960684006,True,2,1,0,0,0,0,1,0,0,,
3NP,8,H8,H,1.008,1,1.070008789683524,0.0,True,1,0,0,0,0,0,1,0,0,,
3NP,9,C9,C,12.011,3,1.2909154677785188,119.99999987565498,True,2,1,0,0,0,1,1,0,0,,
3NP,10,H10,H,1.008,1,1.069968452805969,0.0,True,1,0,0,0,0,0,1,0,0,,
3NP,11,C11,C,12.011,3,1.4109336018156204,119.99999986420293,True,2,0,1,0,1,0,1,0,0,,
3NP,12,O12,O,15.999,2,1.1949808975255083,109.47006806434226,True,1,1,0,0,0,0,2,0,0,,
3NP,13,H13,H,1.008,1,0.9599792601926356,0.0,True,0,0,1,0,1,0,1,0,0,,
3NP,14,C14,C,12.011,3,1.2909201063181035,119.99999969373796,True,2,1,0,0,0,2,1,0,0,,
3NP,15,H15,H,1.008,1,1.0699625460734594,0.0,True,1,0,0,0,0,0,1,0,0,,
efz,1,H30,H30,0.0,1,1.0839741694339404,0.0,True,0,0,0,0,0,0,1,0,0,HC,0.142
efz,2,C21,C21,0.0,3,1.2907890531084862,119.9999626051308,True,0,0,0,0,0,0,3,0,0,C,-0.022
efz,3,C18,C18,0.0,3,1.2944007116264187,119.99967281192664,True,0,0,0,0,0,0,3,0,0,C,-0.32
efz,4,H29,H29,0.0,1,1.083097410208334,0.0,True,0,0,0,0,0,0,1,0,0,HC,0.212
efz,5,C15,C15,0.0,3,1.3981268936721605,119.99998058943773,True,0,0,0,0,0,0,3,0,0,C,0.27
efz,6,N7,N7,0.0,3,1.2601857640618652,119.89249245448251,True,0,0,0,0,0,0,3,0,0,N,-0.575
efz,7,H28,H28,0.0,1,1.0124722218411721,0.0,True,0,0,0,0,0,0,1,0,0,H,0.383
efz,8,C19,C19,0.0,3,1.3153366034293084,119.98327109936601,True,0,0,0,0,0,0,3,0,0,C,0.82
efz,9,O6,O6,0.0,1,1.216346989966268,0.0,True,0,0,0,0,0,0,1,0,0,OE,-0.591
efz,10,O5,O5,0.0,2,1.4073562668276005,122.9046975686949,True,0,0,0,0,0,0,2,0,0,OE,-0.37
efz,11,C11,C11,0.0,4,1.5008234483419063,109.42262967257949,False,0,0,0,0,0,0,4,0,0,C,0.04
efz,12,C16,C16,0.0,4,1.3979400024555897,109.45626943489866,False,0,0,0,0,0,0,4,0,0,C,0.367
efz,13,F2,F2,0.0,1,1.3494072772888102,0.0,True,0,0,0,0,0,0,1,0,0,F,-0.129
efz,14,F3,F3,0.0,1,1.3376845667047221,0.0,True,0,0,0,0,0,0,1,0,0,F,-0.129
efz,15,F4,F4,0.0,1,1.3473306943731371,0.0,True,0,0,0,0,0,0,1,0,0,F,-0.129
efz,16,C13,C13,0.0,3,1.4399117455179298,119.98199355816837,True,0,0,0,0,0,0,3,0,0,C,0.119
efz,17,C17,C17,0.0,3,1.2900325484231931,119.99942770690808,True,0,0,0,0,0,0,3,0,0,C,-0.195
efz,18,H27,H27,0.0,1,1.0834205093129814,0.0,True,0,0,0,0,0,0,1,0,0,HC,0.198
efz,19,C20,C20,0.0,3,1.5147014504003637,119.9998336141751,True,0,0,0,0,0,0,3,0,0,C,-0.022
efz,20,CL1,CL1,0.0,1,1.7633490862560368,0.0,True,0,0,0,0,0,0,1,0,0,CL,-0.11
efz,21,C14,C14,0.0,2,1.3350529253975516,179.6517491945332,True,0,0,0,0,0,0,2,0,0,C,-0.05
efz,22,C12,C12,0.0,2,1.3216054726524915,179.0625882482595,True,0,0,0,0,0,0,2,0,0,C,-0.104
efz,23,C8,C8,0.0,4,1.3940713164428047,107.63113145073505,False,0,0,0,0,0,0,4,0,0,C,-0.023
efz,24,H22,H22,0.0,1,1.0834666584625479,0.0,True,0,0,0,0,0,0,1,0,0,HC,0.156
efz,25,C9,C9,0.0,4,1.30318270795162,107.6634738110037,False,0,0,0,0,0,0,4,0,0,C,-0.273
efz,26,H23,H23,0.0,1,1.0888985260344517,0.0,True,0,0,0,0,0,0,1,0,0,HC,0.149
efz,27,H24,H24,0.0,1,1.0916501271011696,0.0,True,0,0,0,0,0,0,1,0,0,HC,0.15
efz,28,C10,C10,0.0,4,1.3006709030193782,107.68088369559634,False,0,0,0,0,0,0,4,0,0,C,-0.256
efz,29,H25,H25,0.0,1,1.0854031509075326,0.0,True,0,0,0,0,0,0,1,0,0,HC,0.15
efz,30,H26,H26,0.0,1,1.0887607634370369,0.0,True,0,0,0,0,0,0,1,0,0,HC,0.142
chitinAA,1,H9,H9,0.0,1,1.11776562838548,0.0,True,0,0,0,0,0,0,1,0,0,HC,0.11
chitinAA,2,C8,C8,0.0,4,1.2149011561797656,109.46842166772164,False,0,0,0,0,0,0,4,0,0,C,-0.24
chitinAA,3,H7,H7,0.0,1,1.1140017953306893,0.0,True,0,0,0,0,0,0,1,0,0,HC,0.11
chitinAA,4,H8,H8,0.0,1,1.1202231920470225,0.0,True,0,0,0,0,0,0,1,0,0,HC,0.11
chitinAA,5,C7,C7,0.0,3,1.376566706930932,119.99897336249398,True,0,0,0,0,0,0,3,0,0,C,0.29
chitinAA,6,O6,O6,0.0,1,1.2472770341828716,0.0,True,0,0,0,0,0,0,1,0,0,O,-0.38
chitinAA,7,N1,N1,0.0,3,1.2685328725328369,119.99436424357857,True,0,0,0,0,0,0,3,0,0,N,-0.379
chitinAA,8,H13,H13,0.0,1,1.0013490899781092,0.0,True,0,0,0,0,0,0,1,0,0,H,0.268
chitinAA,9,C2,C2,0.0,4,1.4184989358952536,109.42215048216525,False,0,0,0,0,0,0,4,0,0,C,-0.018
chitinAA,10,H1,H1,0.0,1,1.138112472473616,0.0,True,0,0,0,0,0,0,1,0,0,HC,0.143
chitinAA,11,C1,C1,0.0,4,1.3804592161793443,109.37145726027141,False,0,0,0,0,0,0,4,0,0,C,0.144
chitinAA,12,H14,H14,0.0,1,1.12614386292338,0.0,True,0,0,0,0,0,0,1,0,0,HC,0.11
chitinAA,13,O1,O1,0.0,2,1.4257341694548273,114.06889194615218,True,0,0,0,0,0,0,2,0,0,OE,-0.268
chitinAA,14,O4,O4,0.0,2,1.4254740365248915,114.22336963881396,True,0,0,0,0,0,0,2,0,0,OE,-0.316
chitinAA,15,C5,C5,0.0,4,1.406846043852221,109.45299127424806,False,0,0,0,0,0,0,4,0,0,C,0.005
chitinAA,16,H4,H4,0.0,1,1.1216505694733965,0.0,True,0,0,0,0,0,0,1,0,0,HC,0.101
chitinAA,17,C6,C6,0.0,4,1.295925005905261,109.45603201658827,False,0,0,0,0,0,0,4,0,0,C,-0.011
chitinAA,18,H5,H5,0.0,1,1.1163332835672286,0.0,True,0,0,0,0,0,0,1,0,0,HC,0.077
chitinAA,19,H6,H6,0.0,1,1.1234322409473603,0.0,True,0,0,0,0,0,0,1,0,0,HC,0.133
chitinAA,20,O5,O5,0.0,2,1.185455039225522,107.44843531273065,True,0,0,0,0,0,0,2,0,0,OA,-0.32
chitinAA,21,H12,H12,0.0,1,0.9664884893261871,0.0,True,0,0,0,0,0,0,1,0,0,H,0.331
chitinAA,22,C4,C4,0.0,4,1.4038432523963351,109.46246671836239,False,0,0,0,0,0,0,4,0,0,C,-0.023
chitinAA,23,H3,H3,0.0,1,1.1211155159036952,0.0,True,0,0,0,0,0,0,1,0,0,HC,0.108
chitinAA,24,O3,O3,0.0,2,1.1905159520906552,106.25872576524908,True,0,0,0,0,0,0,2,0,0,OA,-0.323
chitinAA,25,H11,H11,0.0,1,0.9604686356149207,0.0,True,0,0,0,0,0,0,1,0,0,H,0.225
chitinAA,26,C3,C3,0.0,4,1.4079728413472026,109.44893636845488,False,0,0,0,0,0,0,4,0,0,C,-0.025
chitinAA,27,H2,H2,0.0,1,1.126987133910587,0.0,True,0,0,0,0,0,0,1,0,0,HC,0.123
chitinAA,28,O2,O2,0.0,2,1.1950169907459556,107.47004093680674,True,0,0,0,0,0,0,2,0,0,OA,-0.327
chitinAA,29,H10,H10,0.0,1,0.9743715923609414,0.0,True,0,0,0,0,0,0,1,0,0,H,0.242
chitinAA,30,C12,C12,0.0,4,1.4058929044591442,109.46251197132642,False,0,0,0,0,0,0,4,0,0,C,-0.029
chitinAA,31,H17,H17,0.0,1,1.1201785571952412,0.0,True,0,0,0,0,0,0,1,0,0,HC,0.137
chitinAA,32,C13,C13,0.0,4,1.406711815624576,109.45403366194313,False,0,0,0,0,0,0,4,0,0,C,-0.014
chitinAA,33,H18,H18,0.0,1,1.1290704141017969,0.0,True,0,0,0,0,0,0,1,0,0,HC,0.104
chitinAA,34,O9,O9,0.0,2,1.4324275313730501,113.37910437032005,True,0,0,0,0,0,0,2,0,0,OE,-0.32
chitinAA,35,C14,C14,0.0,4,1.2974348233576856,109.45556810839294,False,0,0,0,0,0,0,4,0,0,C,-0.015
chitinAA,36,H19,H19,0.0,1,1.1257886124845962,0.0,True,0,0,0,0,0,0,1,0,0,HC,0.094
chitinAA,37,H20,H20,0.0,1,1.1283173312503925,0.0,True,0,0,0,0,0,0,1,0,0,HC,0.105
chitinAA,38,O10,O10,0.0,2,1.1896032704899409,106.84234870553854,True,0,0,0,0,0,0,2,0,0,OA,-0.332
chitinAA,39,H25,H25,0.0,1,0.9751410154434075,0.0,True,0,0,0,0,0,0,1,0,0,H,0.27
chitinAA,40,C11,C11,0.0,4,1.4069844630117125,109.4725472044513,False,0,0,0,0,0,0,4,0,0,C,0.009
chitinAA,41,H16,H16,0.0,1,1.1215168300119234,0.0,True,0,0,0,0,0,0,1,0,0,HC,0.087
chitinAA,42,O8,O8,0.0,2,1.1906376297469226,106.43366763605286,True,0,0,0,0,0,0,2,0,0,OA,-0.323
chitinAA,43,H24,H24,0.0,1,0.9646242791885357,0.0,True,0,0,0,0,0,0,1,0,0,H,0.227
chitinAA,44,C10,C10,0.0,4,1.4180061263790527,109.45382647138153,False,0,0,0,0,0,0,4,0,0,C,0.012
chitinAA,45,H15,H15,0.0,1,1.1318127053536762,0.0,True,0,0,0,0,0,0,1,0,0,HC,0.162
chitinAA,46,N2,N2,0.0,3,1.2723797832877588,119.28236639227056,True,0,0,0,0,0,0,3,0,0,N,-0.37
chitinAA,47,H26,H26,0.0,1,0.9960421677820668,0.0,True,0,0,0,0,0,0,1,0,0,H,0.203
chitinAA,48,C9,C9,0.0,4,1.3825976328736322,109.35242961275436,False,0,0,0,0,0,0,4,0,0,C,0.133
chitinAA,49,H27,H27,0.0,1,1.1298672488394315,0.0,True,0,0,0,0,0,0,1,0,0,HC,0.11
chitinAA,50,O7,O7,0.0,2,1.4191913204536712,114.28396393618965,True,0,0,0,0,0,0,2,0,0,OE,-0.25
chitinAA,51,C20,C20,0.0,4,1.4072220707762004,109.46258131528701,False,0,0,0,0,0,0,4,0,0,C,-0.031
chitinAA,52,H30,H30,0.0,1,1.1295131694672733,0.0,True,0,0,0,0,0,0,1,0,0,HC,0.131
chitinAA,53,C21,C21,0.0,4,1.402271044071235,109.4610007826044,False,0,0,0,0,0,0,4,0,0,C,-0.014
chitinAA,54,H31,H31,0.0,1,1.1184364085633074,0.0,True,0,0,0,0,0,0,1,0,0,HC,0.109
chitinAA,55,O14,O14,0.0,2,1.4233152594803449,113.87101960020719,True,0,0,0,0,0,0,2,0,0,OE,-0.322
chitinAA,56,C22,C22,0.0,4,1.297631509465311,109.4625037920501,False,0,0,0,0,0,0,4,0,0,C,-0.019
chitinAA,57,H32,H32,0.0,1,1.123966191662363,0.0,True,0,0,0,0,0,0,1,0,0,HC,0.092
chitinAA,58,H33,H33,0.0,1,1.1183022847155357,0.0,True,0,0,0,0,0,0,1,0,0,HC,0.117
chitinAA,59,O15,O15,0.0,2,1.1898243331255052,107.40577318870297,True,0,0,0,0,0,0,2,0,0,OA,-0.334
chitinAA,60,H38,H38,0.0,1,0.967522609554939,0.0,True,0,0,0,0,0,0,1,0,0,H,0.271
chitinAA,61,C19,C19,0.0,4,1.40863128807693,109.46950602378463,False,0,0,0,0,0,0,4,0,0,C,0.01
chitinAA,62,H29,H29,0.0,1,1.1193748255164546,0.0,True,0,0,0,0,0,0,1,0,0,HC,0.092
chitinAA,63,O13,O13,0.0,2,1.198121548510029,105.87880501595934,True,0,0,0,0,0,0,2,0,0,OA,-0.324
chitinAA,64,H37,H37,0.0,1,0.9805100713404248,0.0,True,0,0,0,0,0,0,1,0,0,H,0.222
chitinAA,65,C18,C18,0.0,4,1.4207531027731515,109.44446070722478,False,0,0,0,0,0,0,4,0,0,C,0.011
chitinAA,66,H28,H28,0.0,1,1.1342398335449144,0.0,True,0,0,0,0,0,0,1,0,0,HC,0.161
chitinAA,67,N3,N3,0.0,3,1.2719567349884195,119.34204176927904,True,0,0,0,0,0,0,3,0,0,N,-0.369
chitinAA,68,H39,H39,0.0,1,0.9950879358127058,0.0,True,0,0,0,0,0,0,1,0,0,H,0.204
chitinAA,69,C17,C17,0.0,4,1.3808643157348934,109.36935674384809,False,0,0,0,0,0,0,4,0,0,C,0.133
chitinAA,70,H40,H40,0.0,1,1.1264546151532233,0.0,True,0,0,0,0,0,0,1,0,0,HC,0.111
chitinAA,71,O12,O12,0.0,2,1.4210113376440825,114.3838499288502,True,0,0,0,0,0,0,2,0,0,OE,-0.251
chitinAA,72,C28,C28,0.0,4,1.4048691105728446,109.46416964743729,False,0,0,0,0,0,0,4,0,0,C,-0.031
chitinAA,73,H43,H43,0.0,1,1.123387733598684,0.0,True,0,0,0,0,0,0,1,0,0,HC,0.132
chitinAA,74,C29,C29,0.0,4,1.4068972171955667,109.46253451519722,False,0,0,0,0,0,0,4,0,0,C,-0.014
chitinAA,75,H44,H44,0.0,1,1.1253443917308155,0.0,True,0,0,0,0,0,0,1,0,0,HC,0.108
chitinAA,76,O19,O19,0.0,2,1.4269371625020466,113.61626328254145,True,0,0,0,0,0,0,2,0,0,OE,-0.322
chitinAA,77,C30,C30,0.0,4,1.297782308761244,109.46774279737384,False,0,0,0,0,0,0,4,0,0,C,-0.019
chitinAA,78,H45,H45,0.0,1,1.1242775458044145,0.0,True,0,0,0,0,0,0,1,0,0,HC,0.091
chitinAA,79,H46,H46,0.0,1,1.1119802156513374,0.0,True,0,0,0,0,0,0,1,0,0,HC,0.117
chitinAA,80,O20,O20,0.0,2,1.1873941300140098,107.49196631966927,True,0,0,0,0,0,0,2,0,0,OA,-0.333
chitinAA,81,H51,H51,0.0,1,0.9604686356149276,0.0,True,0,0,0,0,0,0,1,0,0,H,0.271
chitinAA,82,C27,C27,0.0,4,1.4050902637733083,109.47184507894383,False,0,0,0,0,0,0,4,0,0,C,0.01
chitinAA,83,H42,H42,0.0,1,1.1240551587889278,0.0,True,0,0,0,0,0,0,1,0,0,HC,0.091
chitinAA,84,O18,O18,0.0,2,1.1950851219952554,106.64174050392545,True,0,0,0,0,0,0,2,0,0,OA,-0.325
chitinAA,85,H50,H50,0.0,1,0.9722139682189306,0.0,True,0,0,0,0,0,0,1,0,0,H,0.224
chitinAA,86,C26,C26,0.0,4,1.4194079165473712,109.44857731034648,False,0,0,0,0,0,0,4,0,0,C,0.011
chitinAA,87,H41,H41,0.0,1,1.1395613191048597,0.0,True,0,0,0,0,0,0,1,0,0,HC,0.161
chitinAA,88,N4,N4,0.0,3,1.2727134388338854,119.19647134407914,True,0,0,0,0,0,0,3,0,0,N,-0.369
chitinAA,89,H52,H52,0.0,1,0.9886354231970461,0.0,True,0,0,0,0,0,0,1,0,0,H,0.204
chitinAA,90,C25,C25,0.0,4,1.3788217382086956,109.34859964001669,False,0,0,0,0,0,0,4,0,0,C,0.134
chitinAA,91,H53,H53,0.0,1,1.1172287142747395,0.0,True,0,0,0,0,0,0,1,0,0,HC,0.11
chitinAA,92,O17,O17,0.0,2,1.420219743553715,114.55509359566607,True,0,0,0,0,0,0,2,0,0,OE,-0.251
chitinAA,93,C36,C36,0.0,4,1.4056440528695624,109.4663941622547,False,0,0,0,0,0,0,4,0,0,C,-0.031
chitinAA,94,H56,H56,0.0,1,1.1307077429645573,0.0,True,0,0,0,0,0,0,1,0,0,HC,0.132
chitinAA,95,C37,C37,0.0,4,1.4067584128486545,109.45609873106906,False,0,0,0,0,0,0,4,0,0,C,-0.013
chitinAA,96,H57,H57,0.0,1,1.1311498574459538,0.0,True,0,0,0,0,0,0,1,0,0,HC,0.108
chitinAA,97,O24,O24,0.0,2,1.4305768066394067,113.51343597925501,True,0,0,0,0,0,0,2,0,0,OE,-0.323
chitinAA,98,C38,C38,0.0,4,1.2971531884081016,109.46209651850027,False,0,0,0,0,0,0,4,0,0,C,-0.019
chitinAA,99,H58,H58,0.0,1,1.126987133910588,0.0,True,0,0,0,0,0,0,1,0,0,HC,0.091
chitinAA,100,H59,H59,0.0,1,1.1148542505637233,0.0,True,0,0,0,0,0,0,1,0,0,HC,0.117
chitinAA,101,O25,O25,0.0,2,1.1885557179992567,107.32956359194691,True,0,0,0,0,0,0,2,0,0,OA,-0.333
chitinAA,102,H64,H64,0.0,1,0.9627564593395365,0.0,True,0,0,0,0,0,0,1,0,0,H,0.271
chitinAA,103,C35,C35,0.0,4,1.4098640436546228,109.47250249076683,False,0,0,0,0,0,0,4,0,0,C,0.01
chitinAA,104,H55,H55,0.0,1,1.132519315508573,0.0,True,0,0,0,0,0,0,1,0,0,HC,0.092
chitinAA,105,O23,O23,0.0,2,1.194455990860835,106.91864353576018,True,0,0,0,0,0,0,2,0,0,OA,-0.325
chitinAA,106,H63,H63,0.0,1,0.9666954018717565,0.0,True,0,0,0,0,0,0,1,0,0,H,0.223
chitinAA,107,C34,C34,0.0,4,1.4183920891681283,109.44120593271164,False,0,0,0,0,0,0,4,0,0,C,0.011
chitinAA,108,H54,H54,0.0,1,1.1357816691600553,0.0,True,0,0,0,0,0,0,1,0,0,HC,0.161
chitinAA,109,N5,N5,0.0,3,1.2702853712592614,119.23956640065607,True,0,0,0,0,0,0,3,0,0,N,-0.368
chitinAA,110,H65,H65,0.0,1,0.9978476837674166,0.0,True,0,0,0,0,0,0,1,0,0,H,0.203
chitinAA,111,C33,C33,0.0,4,1.382830241533208,109.3609986184083,False,0,0,0,0,0,0,4,0,0,C,0.134
chitinAA,112,H66,H66,0.0,1,1.1315917991926243,0.0,True,0,0,0,0,0,0,1,0,0,HC,0.11
chitinAA,113,O22,O22,0.0,2,1.4222345733551436,113.91734226208264,True,0,0,0,0,0,0,2,0,0,OE,-0.251
chitinAA,114,C44,C44,0.0,4,1.4078644518472316,109.46147002690981,False,0,0,0,0,0,0,4,0,0,C,-0.031
chitinAA,115,H69,H69,0.0,1,1.1236547512470174,0.0,True,0,0,0,0,0,0,1,0,0,HC,0.132
chitinAA,116,C45,C45,0.0,4,1.4025524011809647,109.46010751016418,False,0,0,0,0,0,0,4,0,0,C,-0.014
chitinAA,117,H70,H70,0.0,1,1.127652428720837,0.0,True,0,0,0,0,0,0,1,0,0,HC,0.108
chitinAA,118,O29,O29,0.0,2,1.424078493265093,114.21166091318952,True,0,0,0,0,0,0,2,0,0,OE,-0.323
chitinAA,119,C46,C46,0.0,4,1.2956536733081512,109.45396664823285,False,0,0,0,0,0,0,4,0,0,C,-0.019
chitinAA,120,H71,H71,0.0,1,1.123120652467931,0.0,True,0,0,0,0,0,0,1,0,0,HC,0.091
chitinAA,121,H72,H72,0.0,1,1.121828863953858,0.0,True,0,0,0,0,0,0,1,0,0,HC,0.117
chitinAA,122,O30,O30,0.0,2,1.193483175572809,107.01625586021937,True,0,0,0,0,0,0,2,0,0,OA,-0.332
chitinAA,123,H77,H77,0.0,1,0.9713392816107028,0.0,True,0,0,0,0,0,0,1,0,0,H,0.271
chitinAA,124,C43,C43,0.0,4,1.4085505353191863,109.47024202242017,False,0,0,0,0,0,0,4,0,0,C,0.01
chitinAA,125,H68,H68,0.0,1,1.126676528556443,0.0,True,0,0,0,0,0,0,1,0,0,HC,0.092
chitinAA,126,O28,O28,0.0,2,1.1983799055211417,106.67144525090863,True,0,0,0,0,0,0,2,0,0,OA,-0.325
chitinAA,127,H76,H76,0.0,1,0.9751410154434066,0.0,True,0,0,0,0,0,0,1,0,0,H,0.223
chitinAA,128,C42,C42,0.0,4,1.4190020029291117,109.4439477479681,False,0,0,0,0,0,0,4,0,0,C,0.011
chitinAA,129,H67,H67,0.0,1,1.1360897851842493,0.0,True,0,0,0,0,0,0,1,0,0,HC,0.161
chitinAA,130,N6,N6,0.0,3,1.270031648852608,119.26966474569689,True,0,0,0,0,0,0,3,0,0,N,-0.368
chitinAA,131,H78,H78,0.0,1,0.9961927524329837,0.0,True,0,0,0,0,0,0,1,0,0,H,0.203
chitinAA,132,C41,C41,0.0,4,1.38079353800406,109.36355030583512,False,0,0,0,0,0,0,4,0,0,C,0.134
chitinAA,133,H79,H79,0.0,1,1.1189727431890337,0.0,True,0,0,0,0,0,0,1,0,0,HC,0.11
chitinAA,134,O27,O27,0.0,2,1.4280419772445385,113.58789352106328,True,0,0,0,0,0,0,2,0,0,OE,-0.251
chitinAA,135,C52,C52,0.0,4,1.4073420079969865,109.45537171843546,False,0,0,0,0,0,0,4,0,0,C,-0.031
chitinAA,136,H82,H82,0.0,1,1.123432240947354,0.0,True,0,0,0,0,0,0,1,0,0,HC,0.132
chitinAA,137,C53,C53,0.0,4,1.4031649508189914,109.45660738280651,False,0,0,0,0,0,0,4,0,0,C,-0.014
chitinAA,138,H83,H83,0.0,1,1.1237437430304134,0.0,True,0,0,0,0,0,0,1,0,0,HC,0.108
chitinAA,139,O34,O34,0.0,2,1.4279829480197497,113.75770323653246,True,0,0,0,0,0,0,2,0,0,OE,-0.323
chitinAA,140,C54,C54,0.0,4,1.2968675636353482,109.46263133793288,False,0,0,0,0,0,0,4,0,0,C,-0.019
chitinAA,141,H84,H84,0.0,1,1.1202678251203997,0.0,True,0,0,0,0,0,0,1,0,0,HC,0.091
chitinAA,142,H85,H85,0.0,1,1.118615215344401,0.0,True,0,0,0,0,0,0,1,0,0,HC,0.117
chitinAA,143,O35,O35,0.0,2,1.1903918319114695,106.82089254806124,True,0,0,0,0,0,0,2,0,0,OA,-0.332
chitinAA,144,H90,H90,0.0,1,0.9652978814852938,0.0,True,0,0,0,0,0,0,1,0,0,H,0.271
chitinAA,145,C51,C51,0.0,4,1.4086208594370964,109.47290704886338,False,0,0,0,0,0,0,4,0,0,C,0.01
chitinAA,146,H81,H81,0.0,1,1.120937107959224,0.0,True,0,0,0,0,0,0,1,0,0,HC,0.091
chitinAA,147,O33,O33,0.0,2,1.1936074823061262,106.81227342386185,True,0,0,0,0,0,0,2,0,0,OA,-0.325
chitinAA,148,H89,H89,0.0,1,0.9706698717895776,0.0,True,0,0,0,0,0,0,1,0,0,H,0.224
chitinAA,149,C50,C50,0.0,4,1.4190483552565385,109.45195260461401,False,0,0,0,0,0,0,4,0,0,C,0.011
chitinAA,150,H80,H80,0.0,1,1.123120652467931,0.0,True,0,0,0,0,0,0,1,0,0,HC,0.161
chitinAA,151,N7,N7,0.0,3,1.272457677771042,119.18841804304031,True,0,0,0,0,0,0,3,0,0,N,-0.368
chitinAA,152,H91,H91,0.0,1,0.9954898291795894,0.0,True,0,0,0,0,0,0,1,0,0,H,0.203
chitinAA,153,C49,C49,0.0,4,1.3811382853658865,109.34721469340575,False,0,0,0,0,0,0,4,0,0,C,0.134
chitinAA,154,H92,H92,0.0,1,1.1208925015361697,0.0,True,0,0,0,0,0,0,1,0,0,HC,0.11
chitinAA,155,O32,O32,0.0,2,1.4228661587455562,113.77290902259628,True,0,0,0,0,0,0,2,0,0,OE,-0.251
chitinAA,156,C60,C60,0.0,4,1.407192927483489,109.45800688952636,False,0,0,0,0,0,0,4,0,0,C,-0.031
chitinAA,157,H95,H95,0.0,1,1.123432240947354,0.0,True,0,0,0,0,0,0,1,0,0,HC,0.132
chitinAA,158,C61,C61,0.0,4,1.402864046418926,109.45438774324163,False,0,0,0,0,0,0,4,0,0,C,-0.014
chitinAA,159,H96,H96,0.0,1,1.121160113453917,0.0,True,0,0,0,0,0,0,1,0,0,HC,0.108
chitinAA,160,O39,O39,0.0,2,1.425026125053019,113.71125008979175,True,0,0,0,0,0,0,2,0,0,OE,-0.323
chitinAA,161,C62,C62,0.0,4,1.2985641692999712,109.45662082583924,False,0,0,0,0,0,0,4,0,0,C,-0.019
chitinAA,162,H97,H97,0.0,1,1.1184811129384393,0.0,True,0,0,0,0,0,0,1,0,0,HC,0.091
chitinAA,163,H98,H98,0.0,1,1.1319893992436514,0.0,True,0,0,0,0,0,0,1,0,0,HC,0.117
chitinAA,164,O40,O40,0.0,2,1.1912612466565675,106.79839414881515,True,0,0,0,0,0,0,2,0,0,OA,-0.332
chitinAA,165,H103,H103,0.0,1,0.9725224933131377,0.0,True,0,0,0,0,0,0,1,0,0,H,0.271
chitinAA,166,C59,C59,0.0,4,1.408829087360931,109.47146190565405,False,0,0,0,0,0,0,4,0,0,C,0.01
chitinAA,167,H94,H94,0.0,1,1.1262770529492294,0.0,True,0,0,0,0,0,0,1,0,0,HC,0.092
chitinAA,168,O38,O38,0.0,2,1.1932325793259073,106.51956285079267,True,0,0,0,0,0,0,2,0,0,OA,-0.325
chitinAA,169,H102,H102,0.0,1,0.9757561170702433,0.0,True,0,0,0,0,0,0,1,0,0,H,0.223
chitinAA,170,C58,C58,0.0,4,1.4193614504044234,109.44354338656287,False,0,0,0,0,0,0,4,0,0,C,0.011
chitinAA,171,H93,H93,0.0,1,1.1259662517144977,0.0,True,0,0,0,0,0,0,1,0,0,HC,0.161
chitinAA,172,N8,N8,0.0,3,1.2685909753296487,119.29208017245071,True,0,0,0,0,0,0,3,0,0,N,-0.368
chitinAA,173,H104,H104,0.0,1,0.9926731586982702,0.0,True,0,0,0,0,0,0,1,0,0,H,0.203
chitinAA,174,C57,C57,0.0,4,1.384808761542791,109.36027001195178,False,0,0,0,0,0,0,4,0,0,C,0.134
chitinAA,175,H105,H105,0.0,1,1.1286717857729893,0.0,True,0,0,0,0,0,0,1,0,0,HC,0.11
chitinAA,176,O37,O37,0.0,2,1.4245802963978238,113.8938983049264,True,0,0,0,0,0,0,2,0,0,OE,-0.251
chitinAA,177,C68,C68,0.0,4,1.4044540425016299,109.46337122323632,False,0,0,0,0,0,0,4,0,0,C,-0.031
chitinAA,178,H108,H108,0.0,1,1.1204017136723758,0.0,True,0,0,0,0,0,0,1,0,0,HC,0.132
chitinAA,179,C69,C69,0.0,4,1.4067067951664634,109.46202933747016,False,0,0,0,0,0,0,4,0,0,C,-0.014
chitinAA,180,H109,H109,0.0,1,1.1322985472038702,0.0,True,0,0,0,0,0,0,1,0,0,HC,0.108
chitinAA,181,O44,O44,0.0,2,1.4267434701611765,113.73374318216642,True,0,0,0,0,0,0,2,0,0,OE,-0.323
chitinAA,182,C70,C70,0.0,4,1.29695235289691,109.46128419650763,False,0,0,0,0,0,0,4,0,0,C,-0.019
chitinAA,183,H110,H110,0.0,1,1.1255665240224582,0.0,True,0,0,0,0,0,0,1,0,0,HC,0.091
chitinAA,184,H111,H111,0.0,1,1.1227199116431474,0.0,True,0,0,0,0,0,0,1,0,0,HC,0.117
chitinAA,185,O45,O45,0.0,2,1.191984693009437,107.3779617198452,True,0,0,0,0,0,0,2,0,0,OA,-0.332
chitinAA,186,H116,H116,0.0,1,0.9742176348229423,0.0,True,0,0,0,0,0,0,1,0,0,H,0.271
chitinAA,187,C67,C67,0.0,4,1.4089741067480608,109.47042195719041,False,0,0,0,0,0,0,4,0,0,C,0.01
chitinAA,188,H107,H107,0.0,1,1.1326958991715312,0.0,True,0,0,0,0,0,0,1,0,0,HC,0.092
chitinAA,189,O43,O43,0.0,2,1.1987260728605844,106.5758378258733,True,0,0,0,0,0,0,2,0,0,OA,-0.325
chitinAA,190,H115,H115,0.0,1,0.9761147473529942,0.0,True,0,0,0,0,0,0,1,0,0,H,0.223
chitinAA,191,C66,C66,0.0,4,1.4170621094632212,109.44789041854979,False,0,0,0,0,0,0,4,0,0,C,0.011
chitinAA,192,H106,H106,0.0,1,1.1293803610830195,0.0,True,0,0,0,0,0,0,1,0,0,HC,0.161
chitinAA,193,N9,N9,0.0,3,1.2729360455806529,119.25318129475522,True,0,0,0,0,0,0,3,0,0,N,-0.368
chitinAA,194,H117,H117,0.0,1,0.9964436762807971,0.0,True,0,0,0,0,0,0,1,0,0,H,0.204
chitinAA,195,C65,C65,0.0,4,1.3799138838032996,109.36897891667194,False,0,0,0,0,0,0,4,0,0,C,0.134
chitinAA,196,H118,H118,0.0,1,1.130884609498248,0.0,True,0,0,0,0,0,0,1,0,0,HC,0.11
chitinAA,197,O42,O42,0.0,2,1.4187015088916932,114.38173795222681,True,0,0,0,0,0,0,2,0,0,OE,-0.252
chitinAA,198,C76,C76,0.0,4,1.407716546650315,109.46185050739466,False,0,0,0,0,0,0,4,0,0,C,-0.031
chitinAA,199,H121,H121,0.0,1,1.124544352171138,0.0,True,0,0,0,0,0,0,1,0,0,HC,0.132
chitinAA,200,C77,C77,0.0,4,1.4052524492213574,109.45999617128898,False,0,0,0,0,0,0,4,0,0,C,-0.014
chitinAA,201,H122,H122,0.0,1,1.1268983982595744,0.0,True,0,0,0,0,0,0,1,0,0,HC,0.108
chitinAA,202,O49,O49,0.0,2,1.4291706807635423,113.56278203670497,True,0,0,0,0,0,0,2,0,0,OE,-0.322
chitinAA,203,C78,C78,0.0,4,1.2963956255840778,109.45620394955074,False,0,0,0,0,0,0,4,0,0,C,-0.019
chitinAA,204,H123,H123,0.0,1,1.1212047092302109,0.0,True,0,0,0,0,0,0,1,0,0,HC,0.091
chitinAA,205,H124,H124,0.0,1,1.1231206524679371,0.0,True,0,0,0,0,0,0,1,0,0,HC,0.117
chitinAA,206,O50,O50,0.0,2,1.1910421726859997,107.2716162330168,True,0,0,0,0,0,0,2,0,0,OA,-0.332
chitinAA,207,H129,H129,0.0,1,0.9702061636580143,0.0,True,0,0,0,0,0,0,1,0,0,H,0.27
chitinAA,208,C75,C75,0.0,4,1.40547705974622,109.47096089794405,False,0,0,0,0,0,0,4,0,0,C,0.01
chitinAA,209,H120,H120,0.0,1,1.1224081254160636,0.0,True,0,0,0,0,0,0,1,0,0,HC,0.091
chitinAA,210,O48,O48,0.0,2,1.1954197265415973,107.02597757212081,True,0,0,0,0,0,0,2,0,0,OA,-0.325
chitinAA,211,H128,H128,0.0,1,0.9734474818910361,0.0,True,0,0,0,0,0,0,1,0,0,H,0.224
chitinAA,212,C74,C74,0.0,4,1.418255205130282,109.44837191350996,False,0,0,0,0,0,0,4,0,0,C,0.01
chitinAA,213,H119,H119,0.0,1,1.132651755836721,0.0,True,0,0,0,0,0,0,1,0,0,HC,0.161
chitinAA,214,N10,N10,0.0,3,1.269938911095996,119.24806044665036,True,0,0,0,0,0,0,3,0,0,N,-0.368
chitinAA,215,H130,H130,0.0,1,0.988230742286436,0.0,True,0,0,0,0,0,0,1,0,0,H,0.206
chitinAA,216,C73,C73,0.0,4,1.3828988061936789,109.34505505506756,False,0,0,0,0,0,0,4,0,0,C,0.134
chitinAA,217,H131,H131,0.0,1,1.1199999999999983,0.0,True,0,0,0,0,0,0,1,0,0,HC,0.109
chitinAA,218,O47,O47,0.0,2,1.4216283932408151,114.37864795903408,True,0,0,0,0,0,0,2,0,0,OE,-0.252
chitinAA,219,C84,C84,0.0,4,1.4054785660814575,109.46428437523566,False,0,0,0,0,0,0,4,0,0,C,-0.031
chitinAA,220,H134,H134,0.0,1,1.123387733598684,0.0,True,0,0,0,0,0,0,1,0,0,HC,0.132
chitinAA,221,C85,C85,0.0,4,1.4041038815603588,109.45858026939935,False,0,0,0,0,0,0,4,0,0,C,-0.014
chitinAA,222,H135,H135,0.0,1,1.1213384859176063,0.0,True,0,0,0,0,0,0,1,0,0,HC,0.109
chitinAA,223,O54,O54,0.0,2,1.4238664125567009,113.73070219127254,True,0,0,0,0,0,0,2,0,0,OE,-0.324
chitinAA,224,C86,C86,0.0,4,1.2992042938126604,109.4579146765383,False,0,0,0,0,0,0,4,0,0,C,-0.019
chitinAA,225,H136,H136,0.0,1,1.1229870880824957,0.0,True,0,0,0,0,0,0,1,0,0,HC,0.089
chitinAA,226,H137,H137,0.0,1,1.121873433146542,0.0,True,0,0,0,0,0,0,1,0,0,HC,0.118
chitinAA,227,O55,O55,0.0,2,1.1894399665741897,106.6249361724198,True,0,0,0,0,0,0,2,0,0,OA,-0.332
chitinAA,228,H142,H142,0.0,1,0.9606768447297984,0.0,True,0,0,0,0,0,0,1,0,0,H,0.272
chitinAA,229,C83,C83,0.0,4,1.406467517696747,109.47428075866883,False,0,0,0,0,0,0,4,0,0,C,0.01
chitinAA,230,H133,H133,0.0,1,1.1240551587889278,0.0,True,0,0,0,0,0,0,1,0,0,HC,0.091
chitinAA,231,O53,O53,0.0,2,1.1891272291421509,107.32886491113422,True,0,0,0,0,0,0,2,0,0,OA,-0.325
chitinAA,232,H141,H141,0.0,1,0.9702061636580116,0.0,True,0,0,0,0,0,0,1,0,0,H,0.224
chitinAA,233,C82,C82,0.0,4,1.4200310873163284,109.4423876490727,False,0,0,0,0,0,0,4,0,0,C,0.011
chitinAA,234,H132,H132,0.0,1,1.1342839150759443,0.0,True,0,0,0,0,0,0,1,0,0,HC,0.161
chitinAA,235,N11,N11,0.0,3,1.270136933442859,119.27422553750581,True,0,0,0,0,0,0,3,0,0,N,-0.368
chitinAA,236,H143,H143,0.0,1,0.9934284070832703,0.0,True,0,0,0,0,0,0,1,0,0,H,0.204
chitinAA,237,C81,C81,0.0,4,1.380997826196983,109.36505295399537,False,0,0,0,0,0,0,4,0,0,C,0.134
chitinAA,238,H144,H144,0.0,1,1.1314150432091643,0.0,True,0,0,0,0,0,0,1,0,0,HC,0.11
chitinAA,239,O52,O52,0.0,2,1.42464428979943,114.20224068076391,True,0,0,0,0,0,0,2,0,0,OE,-0.252
chitinAA,240,C92,C92,0.0,4,1.4086650842232058,109.46148527159198,False,0,0,0,0,0,0,4,0,0,C,-0.032
chitinAA,241,H147,H147,0.0,1,1.126499001331113,0.0,True,0,0,0,0,0,0,1,0,0,HC,0.129
chitinAA,242,C93,C93,0.0,4,1.4032879357541819,109.46148414160336,False,0,0,0,0,0,0,4,0,0,C,-0.018
chitinAA,243,H148,H148,0.0,1,1.1236547512470165,0.0,True,0,0,0,0,0,0,1,0,0,HC,0.105
chitinAA,244,O59,O59,0.0,2,1.429726857145809,112.51400161760111,True,0,0,0,0,0,0,2,0,0,OE,-0.31
chitinAA,245,C94,C94,0.0,4,1.2970624218641948,109.46565225249039,False,0,0,0,0,0,0,4,0,0,C,-0.017
chitinAA,246,H149,H149,0.0,1,1.1212047092302064,0.0,True,0,0,0,0,0,0,1,0,0,HC,0.089
chitinAA,247,H150,H150,0.0,1,1.118659912573966,0.0,True,0,0,0,0,0,0,1,0,0,HC,0.112
chitinAA,248,O60,O60,0.0,2,1.1897403883299618,107.22026393715095,True,0,0,0,0,0,0,2,0,0,OA,-0.337
chitinAA,249,H155,H155,0.0,1,0.9605727458136628,0.0,True,0,0,0,0,0,0,1,0,0,H,0.279
chitinAA,250,C91,C91,0.0,4,1.4096086353827668,109.46957633851576,False,0,0,0,0,0,0,4,0,0,C,0.019
chitinAA,251,H146,H146,0.0,1,1.1258330249197745,0.0,True,0,0,0,0,0,0,1,0,0,HC,0.097
chitinAA,252,O58,O58,0.0,2,1.1958416476365763,106.15914823896722,True,0,0,0,0,0,0,2,0,0,OA,-0.333
chitinAA,253,H154,H154,0.0,1,0.9716480844420983,0.0,True,0,0,0,0,0,0,1,0,0,H,0.217
chitinAA,254,C90,C90,0.0,4,1.418940583312015,109.43426059937214,False,0,0,0,0,0,0,4,0,0,C,-0.026
chitinAA,255,H145,H145,0.0,1,1.129690223025766,0.0,True,0,0,0,0,0,0,1,0,0,HC,0.128
chitinAA,256,N12,N12,0.0,3,1.2723927458560695,119.51097268045946,True,0,0,0,0,0,0,3,0,0,N,-0.367
chitinAA,257,H156,H156,0.0,1,0.9934284070832675,0.0,True,0,0,0,0,0,0,1,0,0,H,0.265
chitinAA,258,C89,C89,0.0,4,1.3761882839325636,109.38802597384273,False,0,0,0,0,0,0,4,0,0,C,0.145
chitinAA,259,H157,H157,0.0,1,1.1231206524679336,0.0,True,0,0,0,0,0,0,1,0,0,HC,0.119
chitinAA,260,O57,O57,0.0,2,1.1829345989678606,108.63461660399528,True,0,0,0,0,0,0,2,0,0,OA,-0.299
chitinAA,261,H158,H158,0.0,1,0.9704122835166458,0.0,True,0,0,0,0,0,0,1,0,0,H,0.035
chitinAA,262,C95,C95,0.0,3,1.380148160707397,119.99496202867363,True,0,0,0,0,0,0,3,0,0,C,0.299
chitinAA,263,O61,O61,0.0,1,1.2512393855693642,0.0,True,0,0,0,0,0,0,1,0,0,O,-0.384
chitinAA,264,C96,C96,0.0,4,1.213477224641775,109.46615109474313,False,0,0,0,0,0,0,4,0,0,C,-0.239
chitinAA,265,H151,H151,0.0,1,1.1161989070053784,0.0,True,0,0,0,0,0,0,1,0,0,HC,0.108
chitinAA,266,H152,H152,0.0,1,1.123343224486623,0.0,True,0,0,0,0,0,0,1,0,0,HC,0.108
chitinAA,267,H153,H153,0.0,1,1.110405331399303,0.0,True,0,0,0,0,0,0,1,0,0,HC,0.108
chitinAA,268,C87,C87,0.0,3,1.3802624644666344,119.99221051790357,True,0,0,0,0,0,0,3,0,0,C,0.28
chitinAA,269,O56,O56,0.0,1,1.2458731877683238,0.0,True,0,0,0,0,0,0,1,0,0,O,-0.355
chitinAA,270,C88,C88,0.0,4,1.212977962422964,109.46748041295803,False,0,0,0,0,0,0,4,0,0,C,-0.243
chitinAA,271,H138,H138,0.0,1,1.1159301053381387,0.0,True,0,0,0,0,0,0,1,0,0,HC,0.106
chitinAA,272,H139,H139,0.0,1,1.1168258592994684,0.0,True,0,0,0,0,0,0,1,0,0,HC,0.106
chitinAA,273,H140,H140,0.0,1,1.1103152705425616,0.0,True,0,0,0,0,0,0,1,0,0,HC,0.106
chitinAA,274,C79,C79,0.0,3,1.3829960675551618,119.9980834633846,True,0,0,0,0,0,0,3,0,0,C,0.279
chitinAA,275,O51,O51,0.0,1,1.2487193439680515,0.0,True,0,0,0,0,0,0,1,0,0,O,-0.354
chitinAA,276,C80,C80,0.0,4,1.2148833797145642,109.46915403047798,False,0,0,0,0,0,0,4,0,0,C,-0.243
chitinAA,277,H125,H125,0.0,1,1.114405671198779,0.0,True,0,0,0,0,0,0,1,0,0,HC,0.106
chitinAA,278,H126,H126,0.0,1,1.1122949249187486,0.0,True,0,0,0,0,0,0,1,0,0,HC,0.106
chitinAA,279,H127,H127,0.0,1,1.1230316113093213,0.0,True,0,0,0,0,0,0,1,0,0,HC,0.106
chitinAA,280,C71,C71,0.0,3,1.3824411889317207,119.99072238781851,True,0,0,0,0,0,0,3,0,0,C,0.28
chitinAA,281,O46,O46,0.0,1,1.246795893480568,0.0,True,0,0,0,0,0,0,1,0,0,O,-0.355
chitinAA,282,C72,C72,0.0,4,1.21156281879465,109.46878143545415,False,0,0,0,0,0,0,4,0,0,C,-0.243
chitinAA,283,H112,H112,0.0,1,1.111620438818929,0.0,True,0,0,0,0,0,0,1,0,0,HC,0.106
chitinAA,284,H113,H113,0.0,1,1.1177656283854829,0.0,True,0,0,0,0,0,0,1,0,0,HC,0.106
chitinAA,285,H114,H114,0.0,1,1.1084223021935302,0.0,True,0,0,0,0,0,0,1,0,0,HC,0.106
chitinAA,286,C63,C63,0.0,3,1.3815171310415135,119.99665843391604,True,0,0,0,0,0,0,3,0,0,C,0.28
chitinAA,287,O41,O41,0.0,1,1.2550697191789792,0.0,True,0,0,0,0,0,0,1,0,0,O,-0.355
chitinAA,288,C64,C64,0.0,4,1.2151565720179012,109.46810995505989,False,0,0,0,0,0,0,4,0,0,C,-0.243
chitinAA,289,H99,H99,0.0,1,1.116288493177275,0.0,True,0,0,0,0,0,0,1,0,0,HC,0.106
chitinAA,290,H100,H100,0.0,1,1.1168258592994709,0.0,True,0,0,0,0,0,0,1,0,0,HC,0.106
chitinAA,291,H101,H101,0.0,1,1.119732110819372,0.0,True,0,0,0,0,0,0,1,0,0,HC,0.106
chitinAA,292,C55,C55,0.0,3,1.3785117815763461,119.98787846148787,True,0,0,0,0,0,0,3,0,0,C,0.28
chitinAA,293,O36,O36,0.0,1,1.2426182036329592,0.0,True,0,0,0,0,0,0,1,0,0,O,-0.355
chitinAA,294,C56,C56,0.0,4,1.2158963654130743,109.46674615784707,False,0,0,0,0,0,0,4,0,0,C,-0.243
chitinAA,295,H86,H86,0.0,1,1.1178550889985708,0.0,True,0,0,0,0,0,0,1,0,0,HC,0.106
chitinAA,296,H87,H87,0.0,1,1.1226308386998807,0.0,True,0,0,0,0,0,0,1,0,0,HC,0.106
chitinAA,297,H88,H88,0.0,1,1.1157508682497221,0.0,True,0,0,0,0,0,0,1,0,0,HC,0.106
chitinAA,298,C47,C47,0.0,3,1.3795253782757115,119.99261261446675,True,0,0,0,0,0,0,3,0,0,C,0.28
chitinAA,299,O31,O31,0.0,1,1.2463145670335374,0.0,True,0,0,0,0,0,0,1,0,0,O,-0.355
chitinAA,300,C48,C48,0.0,4,1.2135419739919617,109.46177105205265,False,0,0,0,0,0,0,4,0,0,C,-0.243
chitinAA,301,H73,H73,0.0,1,1.120401713672379,0.0,True,0,0,0,0,0,0,1,0,0,HC,0.106
chitinAA,302,H74,H74,0.0,1,1.1068423555321716,0.0,True,0,0,0,0,0,0,1,0,0,HC,0.106
chitinAA,303,H75,H75,0.0,1,1.119508820867443,0.0,True,0,0,0,0,0,0,1,0,0,HC,0.106
chitinAA,304,C39,C39,0.0,3,1.3816631896828948,119.9970087082121,True,0,0,0,0,0,0,3,0,0,C,0.277
chitinAA,305,O26,O26,0.0,1,1.2447088012864669,0.0,True,0,0,0,0,0,0,1,0,0,O,-0.355
chitinAA,306,C40,C40,0.0,4,1.2170131720145445,109.4694881077752,False,0,0,0,0,0,0,4,0,0,C,-0.243
chitinAA,307,H60,H60,0.0,1,1.1095043938624063,0.0,True,0,0,0,0,0,0,1,0,0,HC,0.107
chitinAA,308,H61,H61,0.0,1,1.1233877335986922,0.0,True,0,0,0,0,0,0,1,0,0,HC,0.107
chitinAA,309,H62,H62,0.0,1,1.1202678251204035,0.0,True,0,0,0,0,0,0,1,0,0,HC,0.107
chitinAA,310,C31,C31,0.0,3,1.3819309824505648,119.9827347359146,True,0,0,0,0,0,0,3,0,0,C,0.28
chitinAA,311,O21,O21,0.0,1,1.2402419118865464,0.0,True,0,0,0,0,0,0,1,0,0,O,-0.355
chitinAA,312,C32,C32,0.0,4,1.2131221255514146,109.46856259617601,False,0,0,0,0,0,0,4,0,0,C,-0.243
chitinAA,313,H47,H47,0.0,1,1.1119802156513392,0.0,True,0,0,0,0,0,0,1,0,0,HC,0.106
chitinAA,314,H48,H48,0.0,1,1.1119802156513392,0.0,True,0,0,0,0,0,0,1,0,0,HC,0.106
chitinAA,315,H49,H49,0.0,1,1.1196874563912933,0.0,True,0,0,0,0,0,0,1,0,0,HC,0.106
chitinAA,316,C23,C23,0.0,3,1.381365830119116,119.9889690412099,True,0,0,0,0,0,0,3,0,0,C,0.277
chitinAA,317,O16,O16,0.0,1,1.2420950044179349,0.0,True,0,0,0,0,0,0,1,0,0,O,-0.355
chitinAA,318,C24,C24,0.0,4,1.2149870917046122,109.46972999285133,False,0,0,0,0,0,0,4,0,0,C,-0.243
chitinAA,319,H34,H34,0.0,1,1.1104953849521428,0.0,True,0,0,0,0,0,0,1,0,0,HC,0.107
chitinAA,320,H35,H35,0.0,1,1.1165572085656867,0.0,True,0,0,0,0,0,0,1,0,0,HC,0.107
chitinAA,321,H36,H36,0.0,1,1.124055158788931,0.0,True,0,0,0,0,0,0,1,0,0,HC,0.107
chitinAA,322,C15,C15,0.0,3,1.3828907876080787,119.99308768978771,True,0,0,0,0,0,0,3,0,0,C,0.274
chitinAA,323,O11,O11,0.0,1,1.2429802894656035,0.0,True,0,0,0,0,0,0,1,0,0,O,-0.352
chitinAA,324,C16,C16,0.0,4,1.2164705936809943,109.46947623761861,False,0,0,0,0,0,0,4,0,0,C,-0.243
chitinAA,325,H21,H21,0.0,1,1.1195088208674333,0.0,True,0,0,0,0,0,0,1,0,0,HC,0.107
chitinAA,326,H22,H22,0.0,1,1.1157508682497197,0.0,True,0,0,0,0,0,0,1,0,0,HC,0.107
chitinAA,327,H23,H23,0.0,1,1.1130588483993074,0.0,True,0,0,0,0,0,0,1,0,0,HC,0.107
