molecule,atom_id,atom_name,tripos_type,element,mass,coordination,neighbor_config,n_dihedrals,is_planar,avg_bond_len_A,avg_angle_deg,C_count,H_count,O_count,N_count
22CLTSC_trans,1,H1,H,H,1.008,1,C1,4,False,1.54,0.0,1,0,0,0
22CLTSC_trans,2,C2,C.2,C,12.011,3,C1.5-C1.5-H1,12,True,1.54,120.0,2,1,0,0
22CLTSC_trans,3,C3,C.2,C,12.011,3,C1.5-C1.5-H1,12,True,1.54,120.0,2,1,0,0
22CLTSC_trans,4,H4,H,H,1.008,1,C1,4,False,1.5399,0.0,1,0,0,0
22CLTSC_trans,5,C5,C.2,C,12.011,3,C1.5-C1.5-H1,14,True,1.54,120.0,2,1,0,0
22CLTSC_trans,6,H6,H,H,1.008,1,C1,4,False,1.5399,0.0,1,0,0,0
22CLTSC_trans,7,C7,C.2,C,12.011,3,C1-C1.5-C1.5,17,True,1.54,120.0,3,0,0,0
22CLTSC_trans,8,C8,C.2,C,12.011,3,C1.5-C1.5-H1,14,True,1.54,120.0,2,1,0,0
22CLTSC_trans,9,H9,H,H,1.008,1,C1,4,False,1.54,0.0,1,0,0,0
22CLTSC_trans,10,C10,C.2,C,12.011,3,C1.5-C1.5-Cl1,12,True,1.54,120.0,2,0,0,0
22CLTSC_trans,11,Cl11,Cl,Cl,35.45,1,C1,4,False,1.54,0.0,1,0,0,0
22CLTSC_trans,12,C12,C.2,C,12.011,3,C1-H1-N2,12,True,1.54,120.0,1,1,0,1
22CLTSC_trans,13,H13,H,H,1.008,1,C1,3,False,1.54,0.0,1,0,0,0
22CLTSC_trans,14,N14,N.2,N,14.007,2,C2-N1,8,True,1.54,119.9996,1,0,0,1
22CLTSC_trans,15,N15,N.3,N,14.007,3,C1-H1-N1,10,True,1.54,120.0,1,1,0,1
22CLTSC_trans,16,H16,H,H,1.008,1,N1,3,False,1.54,0.0,0,0,0,1
22CLTSC_trans,17,C17,C.2,C,12.011,3,N1-N1-S2,9,True,1.54,120.0,0,0,0,2
22CLTSC_trans,18,S18,S.2,S,32.06,1,C2,4,True,1.54,0.0,1,0,0,0
22CLTSC_trans,19,N19,N.3,N,14.007,3,C1-H1-H1,6,True,1.54,120.0,1,2,0,0
22CLTSC_trans,20,H20,H,H,1.008,1,N1,2,False,1.54,0.0,0,0,0,1
22CLTSC_trans,21,H21,H,H,1.008,1,N1,2,False,1.5399,0.0,0,0,0,1
BPA,1,C1,C.3,C,12.011,4,C1-H1-H1-H1,16,False,1.2104,109.4712,1,3,0,0
BPA,2,C2,C.3,C,12.011,4,C1-C1-C1-C1,38,False,1.5485,109.5032,4,0,0,0
BPA,3,C3,C.3,C,12.011,4,C1-H1-H1-H1,16,False,1.2106,109.4712,1,3,0,0
BPA,4,C4,C.2,C,12.011,3,C1-C1.5-C1.5,26,True,1.4571,119.9986,3,0,0,0
BPA,5,C5,C.2,C,12.011,3,C1.5-C1.5-H1,15,True,1.3066,120.0,2,1,0,0
BPA,6,C6,C.2,C,12.011,3,C1.5-C1.5-H1,13,True,1.3008,120.0,2,1,0,0
BPA,7,C7,C.2,C,12.011,3,C1.5-C1.5-O1,14,True,1.3894,119.9993,2,0,1,0
BPA,8,O8,O.3,O,15.999,2,C1-H1,6,False,1.1593,109.475,1,1,0,0
BPA,9,C9,C.2,C,12.011,3,C1.5-C1.5-H1,13,True,1.3009,120.0,2,1,0,0
BPA,10,C10,C.2,C,12.011,3,C1.5-C1.5-H1,15,True,1.307,120.0,2,1,0,0
BPA,11,C11,C.2,C,12.011,3,C1-C1.5-C1.5,26,True,1.4567,119.9906,3,0,0,0
BPA,12,C12,C.2,C,12.011,3,C1.5-C1.5-H1,15,True,1.3063,120.0,2,1,0,0
BPA,13,C13,C.2,C,12.011,3,C1.5-C1.5-H1,13,True,1.3006,120.0,2,1,0,0
BPA,14,C14,C.2,C,12.011,3,C1.5-C1.5-O1,14,True,1.3904,119.9999,2,0,1,0
BPA,15,O15,O.3,O,15.999,2,C1-H1,6,False,1.1595,109.4716,1,1,0,0
BPA,16,C16,C.2,C,12.011,3,C1.5-C1.5-H1,13,True,1.3014,120.0,2,1,0,0
BPA,17,C17,C.2,C,12.011,3,C1.5-C1.5-H1,15,True,1.307,120.0,2,1,0,0
BPA,18,H18,H,H,1.008,1,C1,3,False,1.09,0.0,1,0,0,0
BPA,19,H19,H,H,1.008,1,C1,3,False,1.09,0.0,1,0,0,0
BPA,20,H20,H,H,1.008,1,C1,3,False,1.09,0.0,1,0,0,0
BPA,21,H21,H,H,1.008,1,C1,3,False,1.0901,0.0,1,0,0,0
BPA,22,H22,H,H,1.008,1,C1,3,False,1.09,0.0,1,0,0,0
BPA,23,H23,H,H,1.008,1,C1,3,False,1.09,0.0,1,0,0,0
BPA,24,H24,H,H,1.008,1,C1,4,False,1.0899,0.0,1,0,0,0
BPA,25,H25,H,H,1.008,1,C1,4,False,1.09,0.0,1,0,0,0
BPA,26,H26,H,H,1.008,1,O1,2,False,0.9599,0.0,0,0,1,0
BPA,27,H27,H,H,1.008,1,C1,4,False,1.0899,0.0,1,0,0,0
BPA,28,H28,H,H,1.008,1,C1,4,False,1.09,0.0,1,0,0,0
BPA,29,H29,H,H,1.008,1,C1,4,False,1.0899,0.0,1,0,0,0
BPA,30,H30,H,H,1.008,1,C1,4,False,1.09,0.0,1,0,0,0
BPA,31,H31,H,H,1.008,1,O1,2,False,0.96,0.0,0,0,1,0
BPA,32,H32,H,H,1.008,1,C1,4,False,1.09,0.0,1,0,0,0
BPA,33,H33,H,H,1.008,1,C1,4,False,1.09,0.0,1,0,0,0
