molecule,atom_id,atom_name,atomtype,charge
22CLTSC_trans,1,H1,HC,0.129
22CLTSC_trans,2,C1,CAro,-0.053
22CLTSC_trans,3,C2,CAro,-0.142
22CLTSC_trans,4,H2,HC,0.154
22CLTSC_trans,5,C3,CAro,-0.143
22CLTSC_trans,6,H3,HC,0.134
22CLTSC_trans,7,C4,CAro,0.039
22CLTSC_trans,8,C5,CAro,-0.018
22CLTSC_trans,9,H4,HC,0.091
22CLTSC_trans,10,C6,CAro,-0.022
22CLTSC_trans,11,Cl1,CLAro,-0.119
22CLTSC_trans,12,C7,C,-0.001
22CLTSC_trans,13,H5,HC,0.158
22CLTSC_trans,14,N1,NOpt,-0.256
22CLTSC_trans,15,N2,NOpt,0.113
22CLTSC_trans,16,H6,HS14,0.193
22CLTSC_trans,17,C8,C,0.075
22CLTSC_trans,18,S1,SDmso,-0.539
22CLTSC_trans,19,N3,NPri,-0.455
22CLTSC_trans,20,H7,HS14,0.331
22CLTSC_trans,21,H8,HS14,0.331
