molecule,atom_id,atom_name,tripos_type,element,mass,coordination,avg_bond_len_A,avg_angle_deg,is_planar,C_count,H_count,O_count,N_count,neighbor_config,neighbor2_config,n_dihedrals,n_electroneg_neighbors,n_electroneg_neighbors2,bonds_single,bonds_double,bonds_aromatic,is_in_ring,ring_size,is_aromatic,formal_charge,degree_of_unsat,gasteiger_charge,bonded_to_element,atomtype,charge
22CLTSC_trans,1,H8,H8,H,1.008,1,1.0136,0.0,False,0,0,0,1,N1,C-H,2,1,0,1,0,0,False,0,False,0,0,0.120787,N,HS14,0.331
22CLTSC_trans,2,N3,N3,N,14.007,3,1.1203,119.9394,True,1,2,0,0,C1-H1-H1,N-S,6,0,2,3,0,0,False,0,False,0,0,-0.306528,"C,H,H",NPri,-0.455
22CLTSC_trans,3,H7,H7,H,1.008,1,1.0125,0.0,False,0,0,0,1,N1,C-H,2,1,0,1,0,0,False,0,False,0,0,0.120787,N,HS14,0.331
22CLTSC_trans,4,C8,C8,C,12.011,3,1.4659,120.0,True,0,0,0,2,N1-N1-S1,H-H-H-N,9,3,1,3,0,0,False,0,False,0,0,0.112557,"N,N,S",C,0.075
22CLTSC_trans,5,S1,S1,S,32.06,1,1.698,0.0,False,1,0,0,0,C1,N-N,4,0,2,1,0,0,False,0,False,0,0,-0.14392,C,SDmso,-0.539
22CLTSC_trans,6,N2,N2,N,14.007,3,1.2497,119.9998,True,1,1,0,1,C1-H1-N1,C-N-S,10,1,2,3,0,0,False,0,False,0,0,-0.231816,"C,H,N",NOpt,0.113
22CLTSC_trans,7,H6,H6,H,1.008,1,1.0185,0.0,False,0,0,0,1,N1,C-N,3,1,1,1,0,0,False,0,False,0,0,0.143912,N,HS14,0.193
22CLTSC_trans,8,N1,N1,N,14.007,2,1.325,117.1305,False,1,0,0,1,C1-N1,C-C-H-H,8,1,0,2,0,0,False,0,False,0,0,-0.255456,"C,N",NOpt,-0.256
22CLTSC_trans,9,C7,C7,C,12.011,3,1.2819,119.9997,True,1,1,0,1,C1-H1-N1,C-C-N,12,1,1,3,0,0,False,0,False,0,0,0.01295,"C,H,N",C,-0.001
22CLTSC_trans,10,H5,H5,H,1.008,1,1.0975,0.0,False,1,0,0,0,C1,C-N,3,0,1,1,0,0,False,0,False,0,0,0.044581,C,HC,0.158
22CLTSC_trans,11,C4,C4,C,12.011,3,1.4254,119.9978,True,3,0,0,0,C1-C1-C1,C-C-H-H-H-N,17,0,1,3,0,0,True,6,False,0,0,-0.026059,"C,C,C",CAro,0.039
22CLTSC_trans,12,C3,C3,C,12.011,3,1.2932,119.997,True,2,1,0,0,C1-C1-H1,C-C-C-H,14,0,0,3,0,0,True,6,False,0,0,-0.049076,"C,C,H",CAro,-0.143
22CLTSC_trans,13,H3,H3,H,1.008,1,1.0794,0.0,False,1,0,0,0,C1,C-C,4,0,0,1,0,0,False,0,False,0,0,0.026987,C,HC,0.134
22CLTSC_trans,14,C2,C2,C,12.011,3,1.2942,119.9997,True,2,1,0,0,C1-C1-H1,C-C-H-H,12,0,0,3,0,0,True,6,False,0,0,-0.051588,"C,C,H",CAro,-0.142
22CLTSC_trans,15,H2,H2,H,1.008,1,1.0882,0.0,False,1,0,0,0,C1,C-C,4,0,0,1,0,0,False,0,False,0,0,0.026716,C,HC,0.154
22CLTSC_trans,16,C1,C1,C,12.011,3,1.2934,119.997,True,2,1,0,0,C1-C1-H1,C-C-Cl-H,12,0,1,3,0,0,True,6,False,0,0,-0.036718,"C,C,H",CAro,-0.053
22CLTSC_trans,17,H1,H1,H,1.008,1,1.0779,0.0,False,1,0,0,0,C1,C-C,4,0,0,1,0,0,False,0,False,0,0,0.028157,C,HC,0.129
22CLTSC_trans,18,C6,C6,C,12.011,3,1.5183,119.9982,True,2,0,0,0,C1-C1-Cl1,C-C-H-H,12,1,0,3,0,0,True,6,False,0,0,0.033875,"C,C,Cl",CAro,-0.022
22CLTSC_trans,19,Cl1,Cl1,Cl,35.45,1,1.7637,0.0,False,1,0,0,0,C1,C-C,4,0,0,1,0,0,False,0,False,0,0,-0.122997,C,CLAro,-0.119
22CLTSC_trans,20,C5,C5,C,12.011,3,1.2899,119.9997,True,2,1,0,0,C1-C1-H1,C-C-C-Cl,14,0,1,3,0,0,True,6,False,0,0,-0.032622,"C,C,H",CAro,-0.018
22CLTSC_trans,21,H4,H4,H,1.008,1,1.0742,0.0,False,1,0,0,0,C1,C-C,4,0,0,1,0,0,False,0,False,0,0,0.028491,C,HC,0.091
2NP,1,H1,H,H,1.008,1,0.9823,0.0,False,0,0,1,0,O1,C,2,1,0,1,0,0,False,0,False,0,0,0.293218,O,HC,0.149
2NP,2,O2,O,O,15.999,2,1.1665,105.696,False,1,1,0,0,C1-H1,C-C,6,0,0,2,0,0,False,0,False,0,0,-0.505494,"C,H",OM,-0.429
2NP,3,C3,C,C,12.011,3,1.3974,119.9991,True,2,0,1,0,CAr-CAr-O1,C-C-H-H-N,16,1,1,1,0,2,True,6,True,0,2,0.1459,"C,C,O",C,-0.245
2NP,4,C4,C,C,12.011,3,1.4018,119.9988,True,2,0,0,1,CAr-CAr-NAr,C-C-H-O-O-O,17,1,3,0,0,3,True,6,True,0,3,0.168159,"C,C,N",C,0.379
2NP,5,N5,N,N,14.007,3,1.2623,119.9996,True,1,0,2,0,CAr-O2-OAr,C-C,8,2,0,0,1,2,False,0,True,0,3,0.059786,"C,O,O",NT,0.599
2NP,6,O6,O,O,15.999,1,1.1628,0.0,False,0,0,0,1,N2,C-O,2,1,1,0,1,0,False,0,False,0,1,-0.127131,N,OM,-0.429
2NP,7,O7,O,O,15.999,1,1.2698,0.0,False,0,0,0,1,NAr,C-O,2,1,1,0,0,1,False,0,True,0,1,-0.127131,N,OM,-0.429
2NP,8,C8,C,C,12.011,3,1.2781,119.9986,True,2,1,0,0,CAr-CAr-H1,C-C-H-O,13,0,1,1,0,2,True,6,True,0,2,-0.017766,"C,C,H",C,-0.245
2NP,9,H9,H,H,1.008,1,1.0215,0.0,False,1,0,0,0,C1,C-C,4,0,0,1,0,0,False,0,False,0,0,0.066269,C,HC,0.178
2NP,10,C10,C,C,12.011,3,1.2768,120.0,True,2,1,0,0,CAr-CAr-H1,C-C-H-H,12,0,0,1,0,2,True,6,True,0,2,-0.058428,"C,C,H",C,-0.06
2NP,11,H11,H,H,1.008,1,1.0222,0.0,False,1,0,0,0,C1,C-C,4,0,0,1,0,0,False,0,False,0,0,0.062408,C,HC,0.146
2NP,12,C12,C,C,12.011,3,1.276,120.0,True,2,1,0,0,CAr-CAr-H1,C-C-H-H,12,0,0,1,0,2,True,6,True,0,2,-0.059662,"C,C,H",C,-0.153
2NP,13,H13,H,H,1.008,1,1.0273,0.0,False,1,0,0,0,C1,C-C,4,0,0,1,0,0,False,0,False,0,0,0.062354,C,HC,0.149
2NP,14,C14,C,C,12.011,3,1.2799,119.9998,True,2,1,0,0,CAr-CAr-H1,C-C-H-N,14,0,1,1,0,2,True,6,True,0,2,-0.027365,"C,C,H",C,-0.109
2NP,15,H15,H,H,1.008,1,1.025,0.0,False,1,0,0,0,C1,C-C,4,0,0,1,0,0,False,0,False,0,0,0.064882,C,HC,0.151
3NP,1,O1,O,O,15.999,1,1.2375,0.0,False,0,0,0,1,NAr,C-O,2,1,1,0,0,1,False,0,True,0,1,-0.127269,N,OA,-0.578
3NP,2,N2,N,N,14.007,3,1.315,120.0,True,1,0,2,0,C1-OAr-OAr,C-C,8,2,0,1,0,2,False,0,True,0,2,0.056086,"C,O,O",NT,0.713
3NP,3,O3,O,O,15.999,1,1.2376,0.0,False,0,0,0,1,NAr,C-O,2,1,1,0,0,1,False,0,True,0,1,-0.127269,N,OM,-0.446
3NP,4,C4,C,C,12.011,3,1.4243,120.0,True,2,0,0,1,CAr-CAr-N1,C-C-H-H-O-O,16,1,2,1,0,2,True,6,True,0,2,0.130279,"C,C,N",C,-0.319
3NP,5,C5,C,C,12.011,3,1.2909,120.0,True,2,1,0,0,CAr-CAr-H1,C-C-H-N,14,0,1,1,0,2,True,6,True,0,2,-0.030954,"C,C,H",C,0.416
3NP,6,H6,H,H,1.008,1,1.07,0.0,False,1,0,0,0,C1,C-C,4,0,0,1,0,0,False,0,False,0,0,0.064741,C,HC,0.189
3NP,7,C7,C,C,12.011,3,1.2909,120.0,True,2,1,0,0,CAr-CAr-H1,C-C-H-H,12,0,0,1,0,2,True,6,True,0,2,-0.056264,"C,C,H",C,-0.029
3NP,8,H8,H,H,1.008,1,1.07,0.0,False,1,0,0,0,C1,C-C,4,0,0,1,0,0,False,0,False,0,0,0.062487,C,HC,0.149
3NP,9,C9,C,C,12.011,3,1.2909,120.0,True,2,1,0,0,CAr-CAr-H1,C-C-H-O,13,0,1,1,0,2,True,6,True,0,2,-0.020064,"C,C,H",C,-0.304
3NP,10,H10,H,H,1.008,1,1.07,0.0,False,1,0,0,0,C1,C-C,4,0,0,1,0,0,False,0,False,0,0,0.066184,C,HC,0.184
3NP,11,C11,C,C,12.011,3,1.4109,120.0,True,2,0,1,0,CAr-CAr-O1,C-C-H-H-H,14,1,0,1,0,2,True,6,True,0,2,0.117415,"C,C,O",C,0.416
3NP,12,O12,O,O,15.999,2,1.195,109.4701,False,1,1,0,0,C1-H1,C-C,6,0,0,2,0,0,False,0,False,0,0,-0.507882,"C,H",OA,-0.578
3NP,13,H13,H,H,1.008,1,0.96,0.0,False,0,0,1,0,O1,C,2,1,0,1,0,0,False,0,False,0,0,0.293094,O,HS14,0.45
3NP,14,C14,C,C,12.011,3,1.2909,120.0,True,2,1,0,0,CAr-CAr-H1,C-C-N-O,15,0,2,1,0,2,True,6,True,0,2,0.01074,"C,C,H",C,-0.319
3NP,15,H15,H,H,1.008,1,1.07,0.0,False,1,0,0,0,C1,C-C,4,0,0,1,0,0,False,0,False,0,0,0.068676,C,HC,0.21
4NP,1,O1,O,O,15.999,1,1.1968,0.0,False,0,0,0,1,N2,C-O,2,1,1,0,1,0,False,0,False,0,1,-0.127272,N,OM,-0.44
4NP,2,N2,N,N,14.007,3,1.3015,120.0,True,1,0,2,0,C1-O2-OAr,C-C,8,2,0,1,1,1,False,0,True,0,2,0.055949,"C,O,O",NT,0.644
4NP,3,O3,O,O,15.999,1,1.2376,0.0,False,0,0,0,1,NAr,C-O,2,1,1,0,0,1,False,0,True,0,1,-0.127272,N,OM,-0.44
4NP,4,C4,C,C,12.011,3,1.4243,120.0,True,2,0,0,1,CAr-CAr-N1,C-C-H-H-O-O,16,1,2,1,0,2,True,6,True,0,2,0.126874,"C,C,N",C,0.422
4NP,5,C5,C,C,12.011,3,1.2909,120.0,True,2,1,0,0,CAr-CAr-H1,C-C-H-N,14,0,1,1,0,2,True,6,True,0,2,-0.027558,"C,C,H",C,-0.259
4NP,6,H6,H,H,1.008,1,1.07,0.0,False,1,0,0,0,C1,C-C,4,0,0,1,0,0,False,0,False,0,0,0.064874,C,HC,0.163
4NP,7,C7,C,C,12.011,3,1.2909,120.0,True,2,1,0,0,CAr-CAr-H1,C-C-H-O,13,0,1,1,0,2,True,6,True,0,2,-0.017902,"C,C,H",C,-0.259
4NP,8,H8,H,H,1.008,1,1.07,0.0,False,1,0,0,0,C1,C-C,4,0,0,1,0,0,False,0,False,0,0,0.066264,C,HC,0.178
4NP,9,C9,C,C,12.011,3,1.4109,120.0,True,2,0,1,0,CAr-CAr-O1,C-C-H-H-H,14,1,0,1,0,2,True,6,True,0,2,0.115236,"C,C,O",C,0.422
4NP,10,O10,O,O,15.999,2,1.195,109.4756,False,1,1,0,0,C1-H1,C-C,6,0,0,2,0,0,False,0,False,0,0,-0.507964,"C,H",OA,-0.576
4NP,11,H11,H,H,1.008,1,0.96,0.0,False,0,0,1,0,O1,C,2,1,0,1,0,0,False,0,False,0,0,0.293092,O,HS14,0.462
4NP,12,C12,C,C,12.011,3,1.2909,120.0,True,2,1,0,0,CAr-CAr-H1,C-C-H-O,13,0,1,1,0,2,True,6,True,0,2,-0.017902,"C,C,H",C,-0.259
4NP,13,H13,H,H,1.008,1,1.07,0.0,False,1,0,0,0,C1,C-C,4,0,0,1,0,0,False,0,False,0,0,0.066264,C,HC,0.178
4NP,14,C14,C,C,12.011,3,1.2909,120.0,True,2,1,0,0,CAr-CAr-H1,C-C-H-N,14,0,1,1,0,2,True,6,True,0,2,-0.027558,"C,C,H",C,-0.129
4NP,15,H15,H,H,1.008,1,1.07,0.0,False,1,0,0,0,C1,C-C,4,0,0,1,0,0,False,0,False,0,0,0.064874,C,HC,0.163
BPA,1,H16,H16,H,1.008,1,0.9775,0.0,False,0,0,1,0,O1,C,2,1,0,1,0,0,False,0,False,0,0,0.210445,O,H,0.448
BPA,2,O2,O2,O,15.999,2,1.1709,109.1102,False,1,1,0,0,C1-H1,C-C,6,0,0,2,0,0,False,0,False,0,0,-0.393131,"C,H",O,-0.608
BPA,3,C11,C11,C,12.011,3,1.3905,119.9994,True,2,0,1,0,C1-C1-O1,C-C-H-H-H,14,1,0,3,0,0,True,6,False,0,0,0.054006,"C,C,O",C,0.403
BPA,4,C10,C10,C,12.011,3,1.2942,119.9998,True,2,1,0,0,C1-C1-H1,C-C-H-O,13,0,1,3,0,0,True,6,False,0,0,-0.026725,"C,C,H",C,-0.319
BPA,5,H6,H6,H,1.008,1,1.0858,0.0,False,1,0,0,0,C1,C-C,4,0,0,1,0,0,False,0,False,0,0,0.029307,C,HC,0.171
BPA,6,C9,C9,C,12.011,3,1.2924,119.9985,True,2,1,0,0,C1-C1-H1,C-C-C-H,15,0,0,3,0,0,True,6,False,0,0,-0.047468,"C,C,H",C,-0.126
BPA,7,H5,H5,H,1.008,1,1.084,0.0,False,1,0,0,0,C1,C-C,4,0,0,1,0,0,False,0,False,0,0,0.027052,C,HC,0.131
BPA,8,C8,C8,C,12.011,3,1.4508,119.9793,True,3,0,0,0,C1-C1-C1,C-C-C-C-C-H-H,26,0,0,3,0,0,True,6,False,0,0,-0.035822,"C,C,C",C,-0.065
BPA,9,C13,C13,C,12.011,3,1.2935,119.9996,True,2,1,0,0,C1-C1-H1,C-C-C-H,15,0,0,3,0,0,True,6,False,0,0,-0.047468,"C,C,H",C,-0.126
BPA,10,H8,H8,H,1.008,1,1.0831,0.0,False,1,0,0,0,C1,C-C,4,0,0,1,0,0,False,0,False,0,0,0.027052,C,HC,0.131
BPA,11,C12,C12,C,12.011,3,1.2943,119.9954,True,2,1,0,0,C1-C1-H1,C-C-H-O,13,0,1,3,0,0,True,6,False,0,0,-0.026725,"C,C,H",C,-0.319
BPA,12,H7,H7,H,1.008,1,1.0915,0.0,False,1,0,0,0,C1,C-C,4,0,0,1,0,0,False,0,False,0,0,0.029307,C,HC,0.171
BPA,13,C7,C7,C,12.011,4,1.545,109.4795,False,4,0,0,0,C1-C1-C1-C1,C-C-C-C-H-H-H-H-H-H,38,0,0,4,0,0,False,0,False,0,0,-0.029752,"C,C,C,C",C,0.446
BPA,14,C14,C14,C,12.011,4,1.2062,109.4545,False,1,3,0,0,C1-H1-H1-H1,C-C-C,16,0,0,4,0,0,False,0,False,0,0,-0.059378,"C,H,H,H",C,-0.397
BPA,15,H9,H9,H,1.008,1,1.0908,0.0,False,1,0,0,0,C1,C-H-H,3,0,0,1,0,0,False,0,False,0,0,0.023612,C,HC,0.094
BPA,16,H10,H10,H,1.008,1,1.0936,0.0,False,1,0,0,0,C1,C-H-H,3,0,0,1,0,0,False,0,False,0,0,0.023612,C,HC,0.094
BPA,17,H11,H11,H,1.008,1,1.0883,0.0,False,1,0,0,0,C1,C-H-H,3,0,0,1,0,0,False,0,False,0,0,0.023612,C,HC,0.094
BPA,18,C15,C15,C,12.011,4,1.2102,109.4493,False,1,3,0,0,C1-H1-H1-H1,C-C-C,16,0,0,4,0,0,False,0,False,0,0,-0.059378,"C,H,H,H",C,-0.397
BPA,19,H12,H12,H,1.008,1,1.0962,0.0,False,1,0,0,0,C1,C-H-H,3,0,0,1,0,0,False,0,False,0,0,0.023612,C,HC,0.094
BPA,20,H13,H13,H,1.008,1,1.1003,0.0,False,1,0,0,0,C1,C-H-H,3,0,0,1,0,0,False,0,False,0,0,0.023612,C,HC,0.094
BPA,21,H14,H14,H,1.008,1,1.0962,0.0,False,1,0,0,0,C1,C-H-H,3,0,0,1,0,0,False,0,False,0,0,0.023612,C,HC,0.094
BPA,22,C4,C4,C,12.011,3,1.4522,119.9964,True,3,0,0,0,C1-C1-C1,C-C-C-C-C-H-H,26,0,0,3,0,0,True,6,False,0,0,-0.035822,"C,C,C",C,-0.065
BPA,23,C3,C3,C,12.011,3,1.2948,119.9999,True,2,1,0,0,C1-C1-H1,C-C-C-H,15,0,0,3,0,0,True,6,False,0,0,-0.047468,"C,C,H",C,-0.126
BPA,24,H2,H2,H,1.008,1,1.0775,0.0,False,1,0,0,0,C1,C-C,4,0,0,1,0,0,False,0,False,0,0,0.027052,C,HC,0.131
BPA,25,C2,C2,C,12.011,3,1.2964,119.998,True,2,1,0,0,C1-C1-H1,C-C-H-O,13,0,1,3,0,0,True,6,False,0,0,-0.026725,"C,C,H",C,-0.319
BPA,26,H1,H1,H,1.008,1,1.0891,0.0,False,1,0,0,0,C1,C-C,4,0,0,1,0,0,False,0,False,0,0,0.029307,C,HC,0.171
BPA,27,C1,C1,C,12.011,3,1.3891,119.9984,True,2,0,1,0,C1-C1-O1,C-C-H-H-H,14,1,0,3,0,0,True,6,False,0,0,0.054006,"C,C,O",C,0.403
BPA,28,O1,O1,O,15.999,2,1.1747,108.5118,False,1,1,0,0,C1-H1,C-C,6,0,0,2,0,0,False,0,False,0,0,-0.393131,"C,H",O,-0.608
BPA,29,H15,H15,H,1.008,1,0.9792,0.0,False,0,0,1,0,O1,C,2,1,0,1,0,0,False,0,False,0,0,0.210445,O,H,0.448
BPA,30,C6,C6,C,12.011,3,1.2911,119.9987,True,2,1,0,0,C1-C1-H1,C-C-H-O,13,0,1,3,0,0,True,6,False,0,0,-0.026725,"C,C,H",C,-0.319
BPA,31,H4,H4,H,1.008,1,1.0867,0.0,False,1,0,0,0,C1,C-C,4,0,0,1,0,0,False,0,False,0,0,0.029307,C,HC,0.171
BPA,32,C5,C5,C,12.011,3,1.296,119.9945,True,2,1,0,0,C1-C1-H1,C-C-C-H,15,0,0,3,0,0,True,6,False,0,0,-0.047468,"C,C,H",C,-0.126
BPA,33,H3,H3,H,1.008,1,1.0856,0.0,False,1,0,0,0,C1,C-C,4,0,0,1,0,0,False,0,False,0,0,0.027052,C,HC,0.131
chitinAA,1,H9,H9,H,1.008,1,1.1178,0.0,False,1,0,0,0,C1,C-H-H,2,0,0,1,0,0,False,0,False,0,0,0.027079,C,HC,0.11
chitinAA,2,C8,C8,C,12.011,4,1.2149,109.4684,False,1,3,0,0,C1-H1-H1-H1,N-O,8,0,2,4,0,0,False,0,False,0,0,-0.025275,"C,H,H,H",C,-0.24
chitinAA,3,H7,H7,H,1.008,1,1.114,0.0,False,1,0,0,0,C1,C-H-H,2,0,0,1,0,0,False,0,False,0,0,0.027079,C,HC,0.11
chitinAA,4,H8,H8,H,1.008,1,1.1202,0.0,False,1,0,0,0,C1,C-H-H,2,0,0,1,0,0,False,0,False,0,0,0.027079,C,HC,0.11
chitinAA,5,C7,C7,C,12.011,3,1.3766,119.999,True,1,0,1,1,C1-N1-O1,C-H-H-H-H,13,2,0,3,0,0,False,0,False,0,0,0.102014,"C,N,O",C,0.29
chitinAA,6,O6,O6,O,15.999,1,1.2473,0.0,False,1,0,0,0,C1,C-N,5,0,1,1,0,0,False,0,False,0,0,-0.378905,C,O,-0.38
chitinAA,7,N1,N1,N,14.007,3,1.2685,119.9944,True,2,1,0,0,C1-C1-H1,C-C-C-H-O,19,0,1,3,0,0,False,0,False,0,0,-0.282474,"C,C,H",N,-0.379
chitinAA,8,H13,H13,H,1.008,1,1.0013,0.0,False,0,0,0,1,N1,C-C,5,1,0,1,0,0,False,0,False,0,0,0.125317,N,H,0.268
chitinAA,9,C2,C2,C,12.011,4,1.4185,109.4222,False,2,1,0,1,C1-C1-H1-N1,C-C-H-H-H-O-O-O,32,1,3,4,0,0,True,6,False,0,0,0.08923,"C,C,H,N",C,-0.018
chitinAA,10,H1,H1,H,1.008,1,1.1381,0.0,False,1,0,0,0,C1,C-C-N,8,0,1,1,0,0,False,0,False,0,0,0.054776,C,HC,0.143
chitinAA,11,C1,C1,C,12.011,4,1.3805,109.3715,False,1,1,2,0,C1-H1-O1-O1,C-C-C-H-N,26,2,1,4,0,0,True,6,False,0,0,0.17619,"C,H,O,O",C,0.144
chitinAA,12,H14,H14,H,1.008,1,1.1261,0.0,False,1,0,0,0,C1,C-O-O,5,0,2,1,0,0,False,0,False,0,0,0.094154,C,HC,0.11
chitinAA,13,O1,O1,O,15.999,2,1.4257,114.0689,False,2,0,0,0,C1-C1,C-C-C-H-H-O,16,0,1,2,0,0,False,0,False,0,0,-0.34205,"C,C",OE,-0.268
chitinAA,14,O4,O4,O,15.999,2,1.4255,114.2234,False,2,0,0,0,C1-C1,C-C-C-H-H-O,16,0,1,2,0,0,True,6,False,0,0,-0.342424,"C,C",OE,-0.316
chitinAA,15,C5,C5,C,12.011,4,1.4068,109.453,False,2,1,1,0,C1-C1-H1-O1,C-C-H-H-H-O-O,29,1,2,4,0,0,True,6,False,0,0,0.112198,"C,C,H,O",C,0.005
chitinAA,16,H4,H4,H,1.008,1,1.1217,0.0,False,1,0,0,0,C1,C-C-O,7,0,1,1,0,0,False,0,False,0,0,0.065792,C,HC,0.101
chitinAA,17,C6,C6,C,12.011,4,1.2959,109.456,False,1,2,1,0,C1-H1-H1-O1,C-H-H-O,16,1,1,4,0,0,False,0,False,0,0,0.072131,"C,H,H,O",C,-0.011
chitinAA,18,H5,H5,H,1.008,1,1.1163,0.0,False,1,0,0,0,C1,C-H-O,4,0,1,1,0,0,False,0,False,0,0,0.059233,C,HC,0.077
chitinAA,19,H6,H6,H,1.008,1,1.1234,0.0,False,1,0,0,0,C1,C-H-O,4,0,1,1,0,0,False,0,False,0,0,0.059233,C,HC,0.133
chitinAA,20,O5,O5,O,15.999,2,1.1855,107.4484,False,1,1,0,0,C1-H1,C-H-H,6,0,0,2,0,0,False,0,False,0,0,-0.393567,"C,H",OA,-0.32
chitinAA,21,H12,H12,H,1.008,1,0.9665,0.0,False,0,0,1,0,O1,C,3,1,0,1,0,0,False,0,False,0,0,0.210173,O,H,0.331
chitinAA,22,C4,C4,C,12.011,4,1.4038,109.4625,False,2,1,1,0,C1-C1-H1-O1,C-C-H-H-H-O-O,29,1,2,4,0,0,True,6,False,0,0,0.110078,"C,C,H,O",C,-0.023
chitinAA,23,H3,H3,H,1.008,1,1.1211,0.0,False,1,0,0,0,C1,C-C-O,7,0,1,1,0,0,False,0,False,0,0,0.065748,C,HC,0.108
chitinAA,24,O3,O3,O,15.999,2,1.1905,106.2587,False,1,1,0,0,C1-H1,C-C-H,9,0,0,2,0,0,False,0,False,0,0,-0.387541,"C,H",OA,-0.323
chitinAA,25,H11,H11,H,1.008,1,0.9605,0.0,False,0,0,1,0,O1,C,3,1,0,1,0,0,False,0,False,0,0,0.21072,O,H,0.225
chitinAA,26,C3,C3,C,12.011,4,1.408,109.4489,False,2,1,1,0,C1-C1-H1-O1,C-C-H-H-H-N-O,30,1,2,4,0,0,True,6,False,0,0,0.102812,"C,C,H,O",C,-0.025
chitinAA,27,H2,H2,H,1.008,1,1.127,0.0,False,1,0,0,0,C1,C-C-O,7,0,1,1,0,0,False,0,False,0,0,0.064785,C,HC,0.123
chitinAA,28,O2,O2,O,15.999,2,1.195,107.47,False,1,1,0,0,C1-H1,C-C-H,9,0,0,2,0,0,False,0,False,0,0,-0.388477,"C,H",OA,-0.327
chitinAA,29,H10,H10,H,1.008,1,0.9744,0.0,False,0,0,1,0,O1,C,3,1,0,1,0,0,False,0,False,0,0,0.210669,O,H,0.242
chitinAA,30,C12,C12,C,12.011,4,1.4059,109.4625,False,2,1,1,0,C1-C1-H1-O1,C-C-C-H-H-O-O,32,1,2,4,0,0,True,6,False,0,0,0.116795,"C,C,H,O",C,-0.029
chitinAA,31,H17,H17,H,1.008,1,1.1202,0.0,False,1,0,0,0,C1,C-C-O,7,0,1,1,0,0,False,0,False,0,0,0.066173,C,HC,0.137
chitinAA,32,C13,C13,C,12.011,4,1.4067,109.454,False,2,1,1,0,C1-C1-H1-O1,C-C-H-H-H-O-O,29,1,2,4,0,0,True,6,False,0,0,0.112601,"C,C,H,O",C,-0.014
chitinAA,33,H18,H18,H,1.008,1,1.1291,0.0,False,1,0,0,0,C1,C-C-O,7,0,1,1,0,0,False,0,False,0,0,0.065805,C,HC,0.104
chitinAA,34,O9,O9,O,15.999,2,1.4324,113.3791,False,2,0,0,0,C1-C1,C-C-C-H-H-O,16,0,1,2,0,0,True,6,False,0,0,-0.342411,"C,C",OE,-0.32
chitinAA,35,C14,C14,C,12.011,4,1.2974,109.4556,False,1,2,1,0,C1-H1-H1-O1,C-H-H-O,16,1,1,4,0,0,False,0,False,0,0,0.072143,"C,H,H,O",C,-0.015
chitinAA,36,H19,H19,H,1.008,1,1.1258,0.0,False,1,0,0,0,C1,C-H-O,4,0,1,1,0,0,False,0,False,0,0,0.059233,C,HC,0.094
chitinAA,37,H20,H20,H,1.008,1,1.1283,0.0,False,1,0,0,0,C1,C-H-O,4,0,1,1,0,0,False,0,False,0,0,0.059233,C,HC,0.105
chitinAA,38,O10,O10,O,15.999,2,1.1896,106.8423,False,1,1,0,0,C1-H1,C-H-H,6,0,0,2,0,0,False,0,False,0,0,-0.393566,"C,H",OA,-0.332
chitinAA,39,H25,H25,H,1.008,1,0.9751,0.0,False,0,0,1,0,O1,C,3,1,0,1,0,0,False,0,False,0,0,0.210173,O,H,0.27
chitinAA,40,C11,C11,C,12.011,4,1.407,109.4725,False,2,1,1,0,C1-C1-H1-O1,C-C-H-H-H-N-O,30,1,2,4,0,0,True,6,False,0,0,0.103215,"C,C,H,O",C,0.009
chitinAA,41,H16,H16,H,1.008,1,1.1215,0.0,False,1,0,0,0,C1,C-C-O,7,0,1,1,0,0,False,0,False,0,0,0.064797,C,HC,0.087
chitinAA,42,O8,O8,O,15.999,2,1.1906,106.4337,False,1,1,0,0,C1-H1,C-C-H,9,0,0,2,0,0,False,0,False,0,0,-0.388465,"C,H",OA,-0.323
chitinAA,43,H24,H24,H,1.008,1,0.9646,0.0,False,0,0,1,0,O1,C,3,1,0,1,0,0,False,0,False,0,0,0.21067,O,H,0.227
chitinAA,44,C10,C10,C,12.011,4,1.418,109.4538,False,2,1,0,1,C1-C1-H1-N1,C-C-H-H-H-O-O-O,32,1,3,4,0,0,True,6,False,0,0,0.089243,"C,C,H,N",C,0.012
chitinAA,45,H15,H15,H,1.008,1,1.1318,0.0,False,1,0,0,0,C1,C-C-N,8,0,1,1,0,0,False,0,False,0,0,0.054776,C,HC,0.162
chitinAA,46,N2,N2,N,14.007,3,1.2724,119.2824,True,2,1,0,0,C1-C1-H1,C-C-C-H-O,19,0,1,3,0,0,False,0,False,0,0,-0.282474,"C,C,H",N,-0.37
chitinAA,47,H26,H26,H,1.008,1,0.996,0.0,False,0,0,0,1,N1,C-C,5,1,0,1,0,0,False,0,False,0,0,0.125317,N,H,0.203
chitinAA,48,C9,C9,C,12.011,4,1.3826,109.3524,False,1,1,2,0,C1-H1-O1-O1,C-C-C-H-N,26,2,1,4,0,0,True,6,False,0,0,0.176191,"C,H,O,O",C,0.133
chitinAA,49,H27,H27,H,1.008,1,1.1299,0.0,False,1,0,0,0,C1,C-O-O,5,0,2,1,0,0,False,0,False,0,0,0.094154,C,HC,0.11
chitinAA,50,O7,O7,O,15.999,2,1.4192,114.284,False,2,0,0,0,C1-C1,C-C-C-H-H-O,16,0,1,2,0,0,False,0,False,0,0,-0.34205,"C,C",OE,-0.25
chitinAA,51,C20,C20,C,12.011,4,1.4072,109.4626,False,2,1,1,0,C1-C1-H1-O1,C-C-C-H-H-O-O,32,1,2,4,0,0,True,6,False,0,0,0.116795,"C,C,H,O",C,-0.031
chitinAA,52,H30,H30,H,1.008,1,1.1295,0.0,False,1,0,0,0,C1,C-C-O,7,0,1,1,0,0,False,0,False,0,0,0.066173,C,HC,0.131
chitinAA,53,C21,C21,C,12.011,4,1.4023,109.461,False,2,1,1,0,C1-C1-H1-O1,C-C-H-H-H-O-O,29,1,2,4,0,0,True,6,False,0,0,0.112601,"C,C,H,O",C,-0.014
chitinAA,54,H31,H31,H,1.008,1,1.1184,0.0,False,1,0,0,0,C1,C-C-O,7,0,1,1,0,0,False,0,False,0,0,0.065805,C,HC,0.109
chitinAA,55,O14,O14,O,15.999,2,1.4233,113.871,False,2,0,0,0,C1-C1,C-C-C-H-H-O,16,0,1,2,0,0,True,6,False,0,0,-0.342411,"C,C",OE,-0.322
chitinAA,56,C22,C22,C,12.011,4,1.2976,109.4625,False,1,2,1,0,C1-H1-H1-O1,C-H-H-O,16,1,1,4,0,0,False,0,False,0,0,0.072143,"C,H,H,O",C,-0.019
chitinAA,57,H32,H32,H,1.008,1,1.124,0.0,False,1,0,0,0,C1,C-H-O,4,0,1,1,0,0,False,0,False,0,0,0.059233,C,HC,0.092
chitinAA,58,H33,H33,H,1.008,1,1.1183,0.0,False,1,0,0,0,C1,C-H-O,4,0,1,1,0,0,False,0,False,0,0,0.059233,C,HC,0.117
chitinAA,59,O15,O15,O,15.999,2,1.1898,107.4058,False,1,1,0,0,C1-H1,C-H-H,6,0,0,2,0,0,False,0,False,0,0,-0.393566,"C,H",OA,-0.334
chitinAA,60,H38,H38,H,1.008,1,0.9675,0.0,False,0,0,1,0,O1,C,3,1,0,1,0,0,False,0,False,0,0,0.210173,O,H,0.271
chitinAA,61,C19,C19,C,12.011,4,1.4086,109.4695,False,2,1,1,0,C1-C1-H1-O1,C-C-H-H-H-N-O,30,1,2,4,0,0,True,6,False,0,0,0.103215,"C,C,H,O",C,0.01
chitinAA,62,H29,H29,H,1.008,1,1.1194,0.0,False,1,0,0,0,C1,C-C-O,7,0,1,1,0,0,False,0,False,0,0,0.064797,C,HC,0.092
chitinAA,63,O13,O13,O,15.999,2,1.1981,105.8788,False,1,1,0,0,C1-H1,C-C-H,9,0,0,2,0,0,False,0,False,0,0,-0.388465,"C,H",OA,-0.324
chitinAA,64,H37,H37,H,1.008,1,0.9805,0.0,False,0,0,1,0,O1,C,3,1,0,1,0,0,False,0,False,0,0,0.21067,O,H,0.222
chitinAA,65,C18,C18,C,12.011,4,1.4208,109.4445,False,2,1,0,1,C1-C1-H1-N1,C-C-H-H-H-O-O-O,32,1,3,4,0,0,True,6,False,0,0,0.089243,"C,C,H,N",C,0.011
chitinAA,66,H28,H28,H,1.008,1,1.1342,0.0,False,1,0,0,0,C1,C-C-N,8,0,1,1,0,0,False,0,False,0,0,0.054776,C,HC,0.161
chitinAA,67,N3,N3,N,14.007,3,1.272,119.342,True,2,1,0,0,C1-C1-H1,C-C-C-H-O,19,0,1,3,0,0,False,0,False,0,0,-0.282474,"C,C,H",N,-0.369
chitinAA,68,H39,H39,H,1.008,1,0.9951,0.0,False,0,0,0,1,N1,C-C,5,1,0,1,0,0,False,0,False,0,0,0.125317,N,H,0.204
chitinAA,69,C17,C17,C,12.011,4,1.3809,109.3694,False,1,1,2,0,C1-H1-O1-O1,C-C-C-H-N,26,2,1,4,0,0,True,6,False,0,0,0.176191,"C,H,O,O",C,0.133
chitinAA,70,H40,H40,H,1.008,1,1.1265,0.0,False,1,0,0,0,C1,C-O-O,5,0,2,1,0,0,False,0,False,0,0,0.094154,C,HC,0.111
chitinAA,71,O12,O12,O,15.999,2,1.421,114.3838,False,2,0,0,0,C1-C1,C-C-C-H-H-O,16,0,1,2,0,0,False,0,False,0,0,-0.34205,"C,C",OE,-0.251
chitinAA,72,C28,C28,C,12.011,4,1.4049,109.4642,False,2,1,1,0,C1-C1-H1-O1,C-C-C-H-H-O-O,32,1,2,4,0,0,True,6,False,0,0,0.116795,"C,C,H,O",C,-0.031
chitinAA,73,H43,H43,H,1.008,1,1.1234,0.0,False,1,0,0,0,C1,C-C-O,7,0,1,1,0,0,False,0,False,0,0,0.066173,C,HC,0.132
chitinAA,74,C29,C29,C,12.011,4,1.4069,109.4625,False,2,1,1,0,C1-C1-H1-O1,C-C-H-H-H-O-O,29,1,2,4,0,0,True,6,False,0,0,0.112601,"C,C,H,O",C,-0.014
chitinAA,75,H44,H44,H,1.008,1,1.1253,0.0,False,1,0,0,0,C1,C-C-O,7,0,1,1,0,0,False,0,False,0,0,0.065805,C,HC,0.108
chitinAA,76,O19,O19,O,15.999,2,1.4269,113.6163,False,2,0,0,0,C1-C1,C-C-C-H-H-O,16,0,1,2,0,0,True,6,False,0,0,-0.342411,"C,C",OE,-0.322
chitinAA,77,C30,C30,C,12.011,4,1.2978,109.4677,False,1,2,1,0,C1-H1-H1-O1,C-H-H-O,16,1,1,4,0,0,False,0,False,0,0,0.072143,"C,H,H,O",C,-0.019
chitinAA,78,H45,H45,H,1.008,1,1.1243,0.0,False,1,0,0,0,C1,C-H-O,4,0,1,1,0,0,False,0,False,0,0,0.059233,C,HC,0.091
chitinAA,79,H46,H46,H,1.008,1,1.112,0.0,False,1,0,0,0,C1,C-H-O,4,0,1,1,0,0,False,0,False,0,0,0.059233,C,HC,0.117
chitinAA,80,O20,O20,O,15.999,2,1.1874,107.492,False,1,1,0,0,C1-H1,C-H-H,6,0,0,2,0,0,False,0,False,0,0,-0.393566,"C,H",OA,-0.333
chitinAA,81,H51,H51,H,1.008,1,0.9605,0.0,False,0,0,1,0,O1,C,3,1,0,1,0,0,False,0,False,0,0,0.210173,O,H,0.271
chitinAA,82,C27,C27,C,12.011,4,1.4051,109.4718,False,2,1,1,0,C1-C1-H1-O1,C-C-H-H-H-N-O,30,1,2,4,0,0,True,6,False,0,0,0.103215,"C,C,H,O",C,0.01
chitinAA,83,H42,H42,H,1.008,1,1.1241,0.0,False,1,0,0,0,C1,C-C-O,7,0,1,1,0,0,False,0,False,0,0,0.064797,C,HC,0.091
chitinAA,84,O18,O18,O,15.999,2,1.1951,106.6417,False,1,1,0,0,C1-H1,C-C-H,9,0,0,2,0,0,False,0,False,0,0,-0.388465,"C,H",OA,-0.325
chitinAA,85,H50,H50,H,1.008,1,0.9722,0.0,False,0,0,1,0,O1,C,3,1,0,1,0,0,False,0,False,0,0,0.21067,O,H,0.224
chitinAA,86,C26,C26,C,12.011,4,1.4194,109.4486,False,2,1,0,1,C1-C1-H1-N1,C-C-H-H-H-O-O-O,32,1,3,4,0,0,True,6,False,0,0,0.089243,"C,C,H,N",C,0.011
chitinAA,87,H41,H41,H,1.008,1,1.1396,0.0,False,1,0,0,0,C1,C-C-N,8,0,1,1,0,0,False,0,False,0,0,0.054776,C,HC,0.161
chitinAA,88,N4,N4,N,14.007,3,1.2727,119.1965,True,2,1,0,0,C1-C1-H1,C-C-C-H-O,19,0,1,3,0,0,False,0,False,0,0,-0.282474,"C,C,H",N,-0.369
chitinAA,89,H52,H52,H,1.008,1,0.9886,0.0,False,0,0,0,1,N1,C-C,5,1,0,1,0,0,False,0,False,0,0,0.125317,N,H,0.204
chitinAA,90,C25,C25,C,12.011,4,1.3788,109.3486,False,1,1,2,0,C1-H1-O1-O1,C-C-C-H-N,26,2,1,4,0,0,True,6,False,0,0,0.176191,"C,H,O,O",C,0.134
chitinAA,91,H53,H53,H,1.008,1,1.1172,0.0,False,1,0,0,0,C1,C-O-O,5,0,2,1,0,0,False,0,False,0,0,0.094154,C,HC,0.11
chitinAA,92,O17,O17,O,15.999,2,1.4202,114.5551,False,2,0,0,0,C1-C1,C-C-C-H-H-O,16,0,1,2,0,0,False,0,False,0,0,-0.34205,"C,C",OE,-0.251
chitinAA,93,C36,C36,C,12.011,4,1.4056,109.4664,False,2,1,1,0,C1-C1-H1-O1,C-C-C-H-H-O-O,32,1,2,4,0,0,True,6,False,0,0,0.116795,"C,C,H,O",C,-0.031
chitinAA,94,H56,H56,H,1.008,1,1.1307,0.0,False,1,0,0,0,C1,C-C-O,7,0,1,1,0,0,False,0,False,0,0,0.066173,C,HC,0.132
chitinAA,95,C37,C37,C,12.011,4,1.4068,109.4561,False,2,1,1,0,C1-C1-H1-O1,C-C-H-H-H-O-O,29,1,2,4,0,0,True,6,False,0,0,0.112601,"C,C,H,O",C,-0.013
chitinAA,96,H57,H57,H,1.008,1,1.1311,0.0,False,1,0,0,0,C1,C-C-O,7,0,1,1,0,0,False,0,False,0,0,0.065805,C,HC,0.108
chitinAA,97,O24,O24,O,15.999,2,1.4306,113.5134,False,2,0,0,0,C1-C1,C-C-C-H-H-O,16,0,1,2,0,0,True,6,False,0,0,-0.342411,"C,C",OE,-0.323
chitinAA,98,C38,C38,C,12.011,4,1.2972,109.4621,False,1,2,1,0,C1-H1-H1-O1,C-H-H-O,16,1,1,4,0,0,False,0,False,0,0,0.072143,"C,H,H,O",C,-0.019
chitinAA,99,H58,H58,H,1.008,1,1.127,0.0,False,1,0,0,0,C1,C-H-O,4,0,1,1,0,0,False,0,False,0,0,0.059233,C,HC,0.091
chitinAA,100,H59,H59,H,1.008,1,1.1149,0.0,False,1,0,0,0,C1,C-H-O,4,0,1,1,0,0,False,0,False,0,0,0.059233,C,HC,0.117
chitinAA,101,O25,O25,O,15.999,2,1.1886,107.3296,False,1,1,0,0,C1-H1,C-H-H,6,0,0,2,0,0,False,0,False,0,0,-0.393566,"C,H",OA,-0.333
chitinAA,102,H64,H64,H,1.008,1,0.9628,0.0,False,0,0,1,0,O1,C,3,1,0,1,0,0,False,0,False,0,0,0.210173,O,H,0.271
chitinAA,103,C35,C35,C,12.011,4,1.4099,109.4725,False,2,1,1,0,C1-C1-H1-O1,C-C-H-H-H-N-O,30,1,2,4,0,0,True,6,False,0,0,0.103215,"C,C,H,O",C,0.01
chitinAA,104,H55,H55,H,1.008,1,1.1325,0.0,False,1,0,0,0,C1,C-C-O,7,0,1,1,0,0,False,0,False,0,0,0.064797,C,HC,0.092
chitinAA,105,O23,O23,O,15.999,2,1.1945,106.9186,False,1,1,0,0,C1-H1,C-C-H,9,0,0,2,0,0,False,0,False,0,0,-0.388465,"C,H",OA,-0.325
chitinAA,106,H63,H63,H,1.008,1,0.9667,0.0,False,0,0,1,0,O1,C,3,1,0,1,0,0,False,0,False,0,0,0.21067,O,H,0.223
chitinAA,107,C34,C34,C,12.011,4,1.4184,109.4412,False,2,1,0,1,C1-C1-H1-N1,C-C-H-H-H-O-O-O,32,1,3,4,0,0,True,6,False,0,0,0.089243,"C,C,H,N",C,0.011
chitinAA,108,H54,H54,H,1.008,1,1.1358,0.0,False,1,0,0,0,C1,C-C-N,8,0,1,1,0,0,False,0,False,0,0,0.054776,C,HC,0.161
chitinAA,109,N5,N5,N,14.007,3,1.2703,119.2396,True,2,1,0,0,C1-C1-H1,C-C-C-H-O,19,0,1,3,0,0,False,0,False,0,0,-0.282474,"C,C,H",N,-0.368
chitinAA,110,H65,H65,H,1.008,1,0.9978,0.0,False,0,0,0,1,N1,C-C,5,1,0,1,0,0,False,0,False,0,0,0.125317,N,H,0.203
chitinAA,111,C33,C33,C,12.011,4,1.3828,109.361,False,1,1,2,0,C1-H1-O1-O1,C-C-C-H-N,26,2,1,4,0,0,True,6,False,0,0,0.176191,"C,H,O,O",C,0.134
chitinAA,112,H66,H66,H,1.008,1,1.1316,0.0,False,1,0,0,0,C1,C-O-O,5,0,2,1,0,0,False,0,False,0,0,0.094154,C,HC,0.11
chitinAA,113,O22,O22,O,15.999,2,1.4222,113.9173,False,2,0,0,0,C1-C1,C-C-C-H-H-O,16,0,1,2,0,0,False,0,False,0,0,-0.34205,"C,C",OE,-0.251
chitinAA,114,C44,C44,C,12.011,4,1.4079,109.4615,False,2,1,1,0,C1-C1-H1-O1,C-C-C-H-H-O-O,32,1,2,4,0,0,True,6,False,0,0,0.116795,"C,C,H,O",C,-0.031
chitinAA,115,H69,H69,H,1.008,1,1.1237,0.0,False,1,0,0,0,C1,C-C-O,7,0,1,1,0,0,False,0,False,0,0,0.066173,C,HC,0.132
chitinAA,116,C45,C45,C,12.011,4,1.4026,109.4601,False,2,1,1,0,C1-C1-H1-O1,C-C-H-H-H-O-O,29,1,2,4,0,0,True,6,False,0,0,0.112601,"C,C,H,O",C,-0.014
chitinAA,117,H70,H70,H,1.008,1,1.1277,0.0,False,1,0,0,0,C1,C-C-O,7,0,1,1,0,0,False,0,False,0,0,0.065805,C,HC,0.108
chitinAA,118,O29,O29,O,15.999,2,1.4241,114.2117,False,2,0,0,0,C1-C1,C-C-C-H-H-O,16,0,1,2,0,0,True,6,False,0,0,-0.342411,"C,C",OE,-0.323
chitinAA,119,C46,C46,C,12.011,4,1.2957,109.454,False,1,2,1,0,C1-H1-H1-O1,C-H-H-O,16,1,1,4,0,0,False,0,False,0,0,0.072143,"C,H,H,O",C,-0.019
chitinAA,120,H71,H71,H,1.008,1,1.1231,0.0,False,1,0,0,0,C1,C-H-O,4,0,1,1,0,0,False,0,False,0,0,0.059233,C,HC,0.091
chitinAA,121,H72,H72,H,1.008,1,1.1218,0.0,False,1,0,0,0,C1,C-H-O,4,0,1,1,0,0,False,0,False,0,0,0.059233,C,HC,0.117
chitinAA,122,O30,O30,O,15.999,2,1.1935,107.0163,False,1,1,0,0,C1-H1,C-H-H,6,0,0,2,0,0,False,0,False,0,0,-0.393566,"C,H",OA,-0.332
chitinAA,123,H77,H77,H,1.008,1,0.9713,0.0,False,0,0,1,0,O1,C,3,1,0,1,0,0,False,0,False,0,0,0.210173,O,H,0.271
chitinAA,124,C43,C43,C,12.011,4,1.4086,109.4702,False,2,1,1,0,C1-C1-H1-O1,C-C-H-H-H-N-O,30,1,2,4,0,0,True,6,False,0,0,0.103215,"C,C,H,O",C,0.01
chitinAA,125,H68,H68,H,1.008,1,1.1267,0.0,False,1,0,0,0,C1,C-C-O,7,0,1,1,0,0,False,0,False,0,0,0.064797,C,HC,0.092
chitinAA,126,O28,O28,O,15.999,2,1.1984,106.6714,False,1,1,0,0,C1-H1,C-C-H,9,0,0,2,0,0,False,0,False,0,0,-0.388465,"C,H",OA,-0.325
chitinAA,127,H76,H76,H,1.008,1,0.9751,0.0,False,0,0,1,0,O1,C,3,1,0,1,0,0,False,0,False,0,0,0.21067,O,H,0.223
chitinAA,128,C42,C42,C,12.011,4,1.419,109.4439,False,2,1,0,1,C1-C1-H1-N1,C-C-H-H-H-O-O-O,32,1,3,4,0,0,True,6,False,0,0,0.089243,"C,C,H,N",C,0.011
chitinAA,129,H67,H67,H,1.008,1,1.1361,0.0,False,1,0,0,0,C1,C-C-N,8,0,1,1,0,0,False,0,False,0,0,0.054776,C,HC,0.161
chitinAA,130,N6,N6,N,14.007,3,1.27,119.2697,True,2,1,0,0,C1-C1-H1,C-C-C-H-O,19,0,1,3,0,0,False,0,False,0,0,-0.282474,"C,C,H",N,-0.368
chitinAA,131,H78,H78,H,1.008,1,0.9962,0.0,False,0,0,0,1,N1,C-C,5,1,0,1,0,0,False,0,False,0,0,0.125317,N,H,0.203
chitinAA,132,C41,C41,C,12.011,4,1.3808,109.3636,False,1,1,2,0,C1-H1-O1-O1,C-C-C-H-N,26,2,1,4,0,0,True,6,False,0,0,0.176191,"C,H,O,O",C,0.134
chitinAA,133,H79,H79,H,1.008,1,1.119,0.0,False,1,0,0,0,C1,C-O-O,5,0,2,1,0,0,False,0,False,0,0,0.094154,C,HC,0.11
chitinAA,134,O27,O27,O,15.999,2,1.428,113.5879,False,2,0,0,0,C1-C1,C-C-C-H-H-O,16,0,1,2,0,0,False,0,False,0,0,-0.34205,"C,C",OE,-0.251
chitinAA,135,C52,C52,C,12.011,4,1.4073,109.4554,False,2,1,1,0,C1-C1-H1-O1,C-C-C-H-H-O-O,32,1,2,4,0,0,True,6,False,0,0,0.116795,"C,C,H,O",C,-0.031
chitinAA,136,H82,H82,H,1.008,1,1.1234,0.0,False,1,0,0,0,C1,C-C-O,7,0,1,1,0,0,False,0,False,0,0,0.066173,C,HC,0.132
chitinAA,137,C53,C53,C,12.011,4,1.4032,109.4566,False,2,1,1,0,C1-C1-H1-O1,C-C-H-H-H-O-O,29,1,2,4,0,0,True,6,False,0,0,0.112601,"C,C,H,O",C,-0.014
chitinAA,138,H83,H83,H,1.008,1,1.1237,0.0,False,1,0,0,0,C1,C-C-O,7,0,1,1,0,0,False,0,False,0,0,0.065805,C,HC,0.108
chitinAA,139,O34,O34,O,15.999,2,1.428,113.7577,False,2,0,0,0,C1-C1,C-C-C-H-H-O,16,0,1,2,0,0,True,6,False,0,0,-0.342411,"C,C",OE,-0.323
chitinAA,140,C54,C54,C,12.011,4,1.2969,109.4626,False,1,2,1,0,C1-H1-H1-O1,C-H-H-O,16,1,1,4,0,0,False,0,False,0,0,0.072143,"C,H,H,O",C,-0.019
chitinAA,141,H84,H84,H,1.008,1,1.1203,0.0,False,1,0,0,0,C1,C-H-O,4,0,1,1,0,0,False,0,False,0,0,0.059233,C,HC,0.091
chitinAA,142,H85,H85,H,1.008,1,1.1186,0.0,False,1,0,0,0,C1,C-H-O,4,0,1,1,0,0,False,0,False,0,0,0.059233,C,HC,0.117
chitinAA,143,O35,O35,O,15.999,2,1.1904,106.8209,False,1,1,0,0,C1-H1,C-H-H,6,0,0,2,0,0,False,0,False,0,0,-0.393566,"C,H",OA,-0.332
chitinAA,144,H90,H90,H,1.008,1,0.9653,0.0,False,0,0,1,0,O1,C,3,1,0,1,0,0,False,0,False,0,0,0.210173,O,H,0.271
chitinAA,145,C51,C51,C,12.011,4,1.4086,109.4729,False,2,1,1,0,C1-C1-H1-O1,C-C-H-H-H-N-O,30,1,2,4,0,0,True,6,False,0,0,0.103215,"C,C,H,O",C,0.01
chitinAA,146,H81,H81,H,1.008,1,1.1209,0.0,False,1,0,0,0,C1,C-C-O,7,0,1,1,0,0,False,0,False,0,0,0.064797,C,HC,0.091
chitinAA,147,O33,O33,O,15.999,2,1.1936,106.8123,False,1,1,0,0,C1-H1,C-C-H,9,0,0,2,0,0,False,0,False,0,0,-0.388465,"C,H",OA,-0.325
chitinAA,148,H89,H89,H,1.008,1,0.9707,0.0,False,0,0,1,0,O1,C,3,1,0,1,0,0,False,0,False,0,0,0.21067,O,H,0.224
chitinAA,149,C50,C50,C,12.011,4,1.419,109.452,False,2,1,0,1,C1-C1-H1-N1,C-C-H-H-H-O-O-O,32,1,3,4,0,0,True,6,False,0,0,0.089243,"C,C,H,N",C,0.011
chitinAA,150,H80,H80,H,1.008,1,1.1231,0.0,False,1,0,0,0,C1,C-C-N,8,0,1,1,0,0,False,0,False,0,0,0.054776,C,HC,0.161
chitinAA,151,N7,N7,N,14.007,3,1.2725,119.1884,True,2,1,0,0,C1-C1-H1,C-C-C-H-O,19,0,1,3,0,0,False,0,False,0,0,-0.282474,"C,C,H",N,-0.368
chitinAA,152,H91,H91,H,1.008,1,0.9955,0.0,False,0,0,0,1,N1,C-C,5,1,0,1,0,0,False,0,False,0,0,0.125317,N,H,0.203
chitinAA,153,C49,C49,C,12.011,4,1.3811,109.3472,False,1,1,2,0,C1-H1-O1-O1,C-C-C-H-N,26,2,1,4,0,0,True,6,False,0,0,0.176191,"C,H,O,O",C,0.134
chitinAA,154,H92,H92,H,1.008,1,1.1209,0.0,False,1,0,0,0,C1,C-O-O,5,0,2,1,0,0,False,0,False,0,0,0.094154,C,HC,0.11
chitinAA,155,O32,O32,O,15.999,2,1.4229,113.7729,False,2,0,0,0,C1-C1,C-C-C-H-H-O,16,0,1,2,0,0,False,0,False,0,0,-0.34205,"C,C",OE,-0.251
chitinAA,156,C60,C60,C,12.011,4,1.4072,109.458,False,2,1,1,0,C1-C1-H1-O1,C-C-C-H-H-O-O,32,1,2,4,0,0,True,6,False,0,0,0.116795,"C,C,H,O",C,-0.031
chitinAA,157,H95,H95,H,1.008,1,1.1234,0.0,False,1,0,0,0,C1,C-C-O,7,0,1,1,0,0,False,0,False,0,0,0.066173,C,HC,0.132
chitinAA,158,C61,C61,C,12.011,4,1.4029,109.4544,False,2,1,1,0,C1-C1-H1-O1,C-C-H-H-H-O-O,29,1,2,4,0,0,True,6,False,0,0,0.112601,"C,C,H,O",C,-0.014
chitinAA,159,H96,H96,H,1.008,1,1.1212,0.0,False,1,0,0,0,C1,C-C-O,7,0,1,1,0,0,False,0,False,0,0,0.065805,C,HC,0.108
chitinAA,160,O39,O39,O,15.999,2,1.425,113.7113,False,2,0,0,0,C1-C1,C-C-C-H-H-O,16,0,1,2,0,0,True,6,False,0,0,-0.342411,"C,C",OE,-0.323
chitinAA,161,C62,C62,C,12.011,4,1.2986,109.4566,False,1,2,1,0,C1-H1-H1-O1,C-H-H-O,16,1,1,4,0,0,False,0,False,0,0,0.072143,"C,H,H,O",C,-0.019
chitinAA,162,H97,H97,H,1.008,1,1.1185,0.0,False,1,0,0,0,C1,C-H-O,4,0,1,1,0,0,False,0,False,0,0,0.059233,C,HC,0.091
chitinAA,163,H98,H98,H,1.008,1,1.132,0.0,False,1,0,0,0,C1,C-H-O,4,0,1,1,0,0,False,0,False,0,0,0.059233,C,HC,0.117
chitinAA,164,O40,O40,O,15.999,2,1.1913,106.7984,False,1,1,0,0,C1-H1,C-H-H,6,0,0,2,0,0,False,0,False,0,0,-0.393566,"C,H",OA,-0.332
chitinAA,165,H103,H103,H,1.008,1,0.9725,0.0,False,0,0,1,0,O1,C,3,1,0,1,0,0,False,0,False,0,0,0.210173,O,H,0.271
chitinAA,166,C59,C59,C,12.011,4,1.4088,109.4715,False,2,1,1,0,C1-C1-H1-O1,C-C-H-H-H-N-O,30,1,2,4,0,0,True,6,False,0,0,0.103215,"C,C,H,O",C,0.01
chitinAA,167,H94,H94,H,1.008,1,1.1263,0.0,False,1,0,0,0,C1,C-C-O,7,0,1,1,0,0,False,0,False,0,0,0.064797,C,HC,0.092
chitinAA,168,O38,O38,O,15.999,2,1.1932,106.5196,False,1,1,0,0,C1-H1,C-C-H,9,0,0,2,0,0,False,0,False,0,0,-0.388465,"C,H",OA,-0.325
chitinAA,169,H102,H102,H,1.008,1,0.9758,0.0,False,0,0,1,0,O1,C,3,1,0,1,0,0,False,0,False,0,0,0.21067,O,H,0.223
chitinAA,170,C58,C58,C,12.011,4,1.4194,109.4435,False,2,1,0,1,C1-C1-H1-N1,C-C-H-H-H-O-O-O,32,1,3,4,0,0,True,6,False,0,0,0.089243,"C,C,H,N",C,0.011
chitinAA,171,H93,H93,H,1.008,1,1.126,0.0,False,1,0,0,0,C1,C-C-N,8,0,1,1,0,0,False,0,False,0,0,0.054776,C,HC,0.161
chitinAA,172,N8,N8,N,14.007,3,1.2686,119.2921,True,2,1,0,0,C1-C1-H1,C-C-C-H-O,19,0,1,3,0,0,False,0,False,0,0,-0.282474,"C,C,H",N,-0.368
chitinAA,173,H104,H104,H,1.008,1,0.9927,0.0,False,0,0,0,1,N1,C-C,5,1,0,1,0,0,False,0,False,0,0,0.125317,N,H,0.203
chitinAA,174,C57,C57,C,12.011,4,1.3848,109.3603,False,1,1,2,0,C1-H1-O1-O1,C-C-C-H-N,26,2,1,4,0,0,True,6,False,0,0,0.176191,"C,H,O,O",C,0.134
chitinAA,175,H105,H105,H,1.008,1,1.1287,0.0,False,1,0,0,0,C1,C-O-O,5,0,2,1,0,0,False,0,False,0,0,0.094154,C,HC,0.11
chitinAA,176,O37,O37,O,15.999,2,1.4246,113.8939,False,2,0,0,0,C1-C1,C-C-C-H-H-O,16,0,1,2,0,0,False,0,False,0,0,-0.34205,"C,C",OE,-0.251
chitinAA,177,C68,C68,C,12.011,4,1.4045,109.4634,False,2,1,1,0,C1-C1-H1-O1,C-C-C-H-H-O-O,32,1,2,4,0,0,True,6,False,0,0,0.116795,"C,C,H,O",C,-0.031
chitinAA,178,H108,H108,H,1.008,1,1.1204,0.0,False,1,0,0,0,C1,C-C-O,7,0,1,1,0,0,False,0,False,0,0,0.066173,C,HC,0.132
chitinAA,179,C69,C69,C,12.011,4,1.4067,109.462,False,2,1,1,0,C1-C1-H1-O1,C-C-H-H-H-O-O,29,1,2,4,0,0,True,6,False,0,0,0.112601,"C,C,H,O",C,-0.014
chitinAA,180,H109,H109,H,1.008,1,1.1323,0.0,False,1,0,0,0,C1,C-C-O,7,0,1,1,0,0,False,0,False,0,0,0.065805,C,HC,0.108
chitinAA,181,O44,O44,O,15.999,2,1.4267,113.7337,False,2,0,0,0,C1-C1,C-C-C-H-H-O,16,0,1,2,0,0,True,6,False,0,0,-0.342411,"C,C",OE,-0.323
chitinAA,182,C70,C70,C,12.011,4,1.297,109.4613,False,1,2,1,0,C1-H1-H1-O1,C-H-H-O,16,1,1,4,0,0,False,0,False,0,0,0.072143,"C,H,H,O",C,-0.019
chitinAA,183,H110,H110,H,1.008,1,1.1256,0.0,False,1,0,0,0,C1,C-H-O,4,0,1,1,0,0,False,0,False,0,0,0.059233,C,HC,0.091
chitinAA,184,H111,H111,H,1.008,1,1.1227,0.0,False,1,0,0,0,C1,C-H-O,4,0,1,1,0,0,False,0,False,0,0,0.059233,C,HC,0.117
chitinAA,185,O45,O45,O,15.999,2,1.192,107.378,False,1,1,0,0,C1-H1,C-H-H,6,0,0,2,0,0,False,0,False,0,0,-0.393566,"C,H",OA,-0.332
chitinAA,186,H116,H116,H,1.008,1,0.9742,0.0,False,0,0,1,0,O1,C,3,1,0,1,0,0,False,0,False,0,0,0.210173,O,H,0.271
chitinAA,187,C67,C67,C,12.011,4,1.409,109.4704,False,2,1,1,0,C1-C1-H1-O1,C-C-H-H-H-N-O,30,1,2,4,0,0,True,6,False,0,0,0.103215,"C,C,H,O",C,0.01
chitinAA,188,H107,H107,H,1.008,1,1.1327,0.0,False,1,0,0,0,C1,C-C-O,7,0,1,1,0,0,False,0,False,0,0,0.064797,C,HC,0.092
chitinAA,189,O43,O43,O,15.999,2,1.1987,106.5758,False,1,1,0,0,C1-H1,C-C-H,9,0,0,2,0,0,False,0,False,0,0,-0.388465,"C,H",OA,-0.325
chitinAA,190,H115,H115,H,1.008,1,0.9761,0.0,False,0,0,1,0,O1,C,3,1,0,1,0,0,False,0,False,0,0,0.21067,O,H,0.223
chitinAA,191,C66,C66,C,12.011,4,1.4171,109.4479,False,2,1,0,1,C1-C1-H1-N1,C-C-H-H-H-O-O-O,32,1,3,4,0,0,True,6,False,0,0,0.089243,"C,C,H,N",C,0.011
chitinAA,192,H106,H106,H,1.008,1,1.1294,0.0,False,1,0,0,0,C1,C-C-N,8,0,1,1,0,0,False,0,False,0,0,0.054776,C,HC,0.161
chitinAA,193,N9,N9,N,14.007,3,1.2729,119.2532,True,2,1,0,0,C1-C1-H1,C-C-C-H-O,19,0,1,3,0,0,False,0,False,0,0,-0.282474,"C,C,H",N,-0.368
chitinAA,194,H117,H117,H,1.008,1,0.9964,0.0,False,0,0,0,1,N1,C-C,5,1,0,1,0,0,False,0,False,0,0,0.125317,N,H,0.204
chitinAA,195,C65,C65,C,12.011,4,1.3799,109.369,False,1,1,2,0,C1-H1-O1-O1,C-C-C-H-N,26,2,1,4,0,0,True,6,False,0,0,0.176191,"C,H,O,O",C,0.134
chitinAA,196,H118,H118,H,1.008,1,1.1309,0.0,False,1,0,0,0,C1,C-O-O,5,0,2,1,0,0,False,0,False,0,0,0.094154,C,HC,0.11
chitinAA,197,O42,O42,O,15.999,2,1.4187,114.3817,False,2,0,0,0,C1-C1,C-C-C-H-H-O,16,0,1,2,0,0,False,0,False,0,0,-0.34205,"C,C",OE,-0.252
chitinAA,198,C76,C76,C,12.011,4,1.4077,109.4619,False,2,1,1,0,C1-C1-H1-O1,C-C-C-H-H-O-O,32,1,2,4,0,0,True,6,False,0,0,0.116795,"C,C,H,O",C,-0.031
chitinAA,199,H121,H121,H,1.008,1,1.1245,0.0,False,1,0,0,0,C1,C-C-O,7,0,1,1,0,0,False,0,False,0,0,0.066173,C,HC,0.132
chitinAA,200,C77,C77,C,12.011,4,1.4053,109.46,False,2,1,1,0,C1-C1-H1-O1,C-C-H-H-H-O-O,29,1,2,4,0,0,True,6,False,0,0,0.112601,"C,C,H,O",C,-0.014
chitinAA,201,H122,H122,H,1.008,1,1.1269,0.0,False,1,0,0,0,C1,C-C-O,7,0,1,1,0,0,False,0,False,0,0,0.065805,C,HC,0.108
chitinAA,202,O49,O49,O,15.999,2,1.4292,113.5628,False,2,0,0,0,C1-C1,C-C-C-H-H-O,16,0,1,2,0,0,True,6,False,0,0,-0.342411,"C,C",OE,-0.322
chitinAA,203,C78,C78,C,12.011,4,1.2964,109.4562,False,1,2,1,0,C1-H1-H1-O1,C-H-H-O,16,1,1,4,0,0,False,0,False,0,0,0.072143,"C,H,H,O",C,-0.019
chitinAA,204,H123,H123,H,1.008,1,1.1212,0.0,False,1,0,0,0,C1,C-H-O,4,0,1,1,0,0,False,0,False,0,0,0.059233,C,HC,0.091
chitinAA,205,H124,H124,H,1.008,1,1.1231,0.0,False,1,0,0,0,C1,C-H-O,4,0,1,1,0,0,False,0,False,0,0,0.059233,C,HC,0.117
chitinAA,206,O50,O50,O,15.999,2,1.191,107.2716,False,1,1,0,0,C1-H1,C-H-H,6,0,0,2,0,0,False,0,False,0,0,-0.393566,"C,H",OA,-0.332
chitinAA,207,H129,H129,H,1.008,1,0.9702,0.0,False,0,0,1,0,O1,C,3,1,0,1,0,0,False,0,False,0,0,0.210173,O,H,0.27
chitinAA,208,C75,C75,C,12.011,4,1.4055,109.471,False,2,1,1,0,C1-C1-H1-O1,C-C-H-H-H-N-O,30,1,2,4,0,0,True,6,False,0,0,0.103215,"C,C,H,O",C,0.01
chitinAA,209,H120,H120,H,1.008,1,1.1224,0.0,False,1,0,0,0,C1,C-C-O,7,0,1,1,0,0,False,0,False,0,0,0.064797,C,HC,0.091
chitinAA,210,O48,O48,O,15.999,2,1.1954,107.026,False,1,1,0,0,C1-H1,C-C-H,9,0,0,2,0,0,False,0,False,0,0,-0.388465,"C,H",OA,-0.325
chitinAA,211,H128,H128,H,1.008,1,0.9734,0.0,False,0,0,1,0,O1,C,3,1,0,1,0,0,False,0,False,0,0,0.21067,O,H,0.224
chitinAA,212,C74,C74,C,12.011,4,1.4183,109.4484,False,2,1,0,1,C1-C1-H1-N1,C-C-H-H-H-O-O-O,32,1,3,4,0,0,True,6,False,0,0,0.089243,"C,C,H,N",C,0.01
chitinAA,213,H119,H119,H,1.008,1,1.1327,0.0,False,1,0,0,0,C1,C-C-N,8,0,1,1,0,0,False,0,False,0,0,0.054776,C,HC,0.161
chitinAA,214,N10,N10,N,14.007,3,1.2699,119.2481,True,2,1,0,0,C1-C1-H1,C-C-C-H-O,19,0,1,3,0,0,False,0,False,0,0,-0.282474,"C,C,H",N,-0.368
chitinAA,215,H130,H130,H,1.008,1,0.9882,0.0,False,0,0,0,1,N1,C-C,5,1,0,1,0,0,False,0,False,0,0,0.125317,N,H,0.206
chitinAA,216,C73,C73,C,12.011,4,1.3829,109.3451,False,1,1,2,0,C1-H1-O1-O1,C-C-C-H-N,26,2,1,4,0,0,True,6,False,0,0,0.176191,"C,H,O,O",C,0.134
chitinAA,217,H131,H131,H,1.008,1,1.12,0.0,False,1,0,0,0,C1,C-O-O,5,0,2,1,0,0,False,0,False,0,0,0.094154,C,HC,0.109
chitinAA,218,O47,O47,O,15.999,2,1.4216,114.3786,False,2,0,0,0,C1-C1,C-C-C-H-H-O,16,0,1,2,0,0,False,0,False,0,0,-0.34205,"C,C",OE,-0.252
chitinAA,219,C84,C84,C,12.011,4,1.4055,109.4643,False,2,1,1,0,C1-C1-H1-O1,C-C-C-H-H-O-O,32,1,2,4,0,0,True,6,False,0,0,0.116795,"C,C,H,O",C,-0.031
chitinAA,220,H134,H134,H,1.008,1,1.1234,0.0,False,1,0,0,0,C1,C-C-O,7,0,1,1,0,0,False,0,False,0,0,0.066173,C,HC,0.132
chitinAA,221,C85,C85,C,12.011,4,1.4041,109.4586,False,2,1,1,0,C1-C1-H1-O1,C-C-H-H-H-O-O,29,1,2,4,0,0,True,6,False,0,0,0.112601,"C,C,H,O",C,-0.014
chitinAA,222,H135,H135,H,1.008,1,1.1213,0.0,False,1,0,0,0,C1,C-C-O,7,0,1,1,0,0,False,0,False,0,0,0.065805,C,HC,0.109
chitinAA,223,O54,O54,O,15.999,2,1.4239,113.7307,False,2,0,0,0,C1-C1,C-C-C-H-H-O,16,0,1,2,0,0,True,6,False,0,0,-0.342411,"C,C",OE,-0.324
chitinAA,224,C86,C86,C,12.011,4,1.2992,109.4579,False,1,2,1,0,C1-H1-H1-O1,C-H-H-O,16,1,1,4,0,0,False,0,False,0,0,0.072143,"C,H,H,O",C,-0.019
chitinAA,225,H136,H136,H,1.008,1,1.123,0.0,False,1,0,0,0,C1,C-H-O,4,0,1,1,0,0,False,0,False,0,0,0.059233,C,HC,0.089
chitinAA,226,H137,H137,H,1.008,1,1.1219,0.0,False,1,0,0,0,C1,C-H-O,4,0,1,1,0,0,False,0,False,0,0,0.059233,C,HC,0.118
chitinAA,227,O55,O55,O,15.999,2,1.1894,106.6249,False,1,1,0,0,C1-H1,C-H-H,6,0,0,2,0,0,False,0,False,0,0,-0.393566,"C,H",OA,-0.332
chitinAA,228,H142,H142,H,1.008,1,0.9607,0.0,False,0,0,1,0,O1,C,3,1,0,1,0,0,False,0,False,0,0,0.210173,O,H,0.272
chitinAA,229,C83,C83,C,12.011,4,1.4065,109.4743,False,2,1,1,0,C1-C1-H1-O1,C-C-H-H-H-N-O,30,1,2,4,0,0,True,6,False,0,0,0.103215,"C,C,H,O",C,0.01
chitinAA,230,H133,H133,H,1.008,1,1.1241,0.0,False,1,0,0,0,C1,C-C-O,7,0,1,1,0,0,False,0,False,0,0,0.064797,C,HC,0.091
chitinAA,231,O53,O53,O,15.999,2,1.1891,107.3289,False,1,1,0,0,C1-H1,C-C-H,9,0,0,2,0,0,False,0,False,0,0,-0.388465,"C,H",OA,-0.325
chitinAA,232,H141,H141,H,1.008,1,0.9702,0.0,False,0,0,1,0,O1,C,3,1,0,1,0,0,False,0,False,0,0,0.21067,O,H,0.224
chitinAA,233,C82,C82,C,12.011,4,1.42,109.4424,False,2,1,0,1,C1-C1-H1-N1,C-C-H-H-H-O-O-O,32,1,3,4,0,0,True,6,False,0,0,0.089243,"C,C,H,N",C,0.011
chitinAA,234,H132,H132,H,1.008,1,1.1343,0.0,False,1,0,0,0,C1,C-C-N,8,0,1,1,0,0,False,0,False,0,0,0.054776,C,HC,0.161
chitinAA,235,N11,N11,N,14.007,3,1.2701,119.2742,True,2,1,0,0,C1-C1-H1,C-C-C-H-O,19,0,1,3,0,0,False,0,False,0,0,-0.282474,"C,C,H",N,-0.368
chitinAA,236,H143,H143,H,1.008,1,0.9934,0.0,False,0,0,0,1,N1,C-C,5,1,0,1,0,0,False,0,False,0,0,0.125317,N,H,0.204
chitinAA,237,C81,C81,C,12.011,4,1.381,109.3651,False,1,1,2,0,C1-H1-O1-O1,C-C-C-H-N,26,2,1,4,0,0,True,6,False,0,0,0.176191,"C,H,O,O",C,0.134
chitinAA,238,H144,H144,H,1.008,1,1.1314,0.0,False,1,0,0,0,C1,C-O-O,5,0,2,1,0,0,False,0,False,0,0,0.094154,C,HC,0.11
chitinAA,239,O52,O52,O,15.999,2,1.4246,114.2022,False,2,0,0,0,C1-C1,C-C-C-H-H-O,16,0,1,2,0,0,False,0,False,0,0,-0.34205,"C,C",OE,-0.252
chitinAA,240,C92,C92,C,12.011,4,1.4087,109.4615,False,2,1,1,0,C1-C1-H1-O1,C-C-C-H-H-O-O,32,1,2,4,0,0,True,6,False,0,0,0.116795,"C,C,H,O",C,-0.032
chitinAA,241,H147,H147,H,1.008,1,1.1265,0.0,False,1,0,0,0,C1,C-C-O,7,0,1,1,0,0,False,0,False,0,0,0.066173,C,HC,0.129
chitinAA,242,C93,C93,C,12.011,4,1.4033,109.4615,False,2,1,1,0,C1-C1-H1-O1,C-C-H-H-H-O-O,29,1,2,4,0,0,True,6,False,0,0,0.112591,"C,C,H,O",C,-0.018
chitinAA,243,H148,H148,H,1.008,1,1.1237,0.0,False,1,0,0,0,C1,C-C-O,7,0,1,1,0,0,False,0,False,0,0,0.065804,C,HC,0.105
chitinAA,244,O59,O59,O,15.999,2,1.4297,112.514,False,2,0,0,0,C1-C1,C-C-C-H-H-O,16,0,1,2,0,0,True,6,False,0,0,-0.342646,"C,C",OE,-0.31
chitinAA,245,C94,C94,C,12.011,4,1.2971,109.4657,False,1,2,1,0,C1-H1-H1-O1,C-H-H-O,16,1,1,4,0,0,False,0,False,0,0,0.072143,"C,H,H,O",C,-0.017
chitinAA,246,H149,H149,H,1.008,1,1.1212,0.0,False,1,0,0,0,C1,C-H-O,4,0,1,1,0,0,False,0,False,0,0,0.059233,C,HC,0.089
chitinAA,247,H150,H150,H,1.008,1,1.1187,0.0,False,1,0,0,0,C1,C-H-O,4,0,1,1,0,0,False,0,False,0,0,0.059233,C,HC,0.112
chitinAA,248,O60,O60,O,15.999,2,1.1897,107.2203,False,1,1,0,0,C1-H1,C-H-H,6,0,0,2,0,0,False,0,False,0,0,-0.393566,"C,H",OA,-0.337
chitinAA,249,H155,H155,H,1.008,1,0.9606,0.0,False,0,0,1,0,O1,C,3,1,0,1,0,0,False,0,False,0,0,0.210173,O,H,0.279
chitinAA,250,C91,C91,C,12.011,4,1.4096,109.4696,False,2,1,1,0,C1-C1-H1-O1,C-C-H-H-H-N-O,30,1,2,4,0,0,True,6,False,0,0,0.103208,"C,C,H,O",C,0.019
chitinAA,251,H146,H146,H,1.008,1,1.1258,0.0,False,1,0,0,0,C1,C-C-O,7,0,1,1,0,0,False,0,False,0,0,0.064797,C,HC,0.097
chitinAA,252,O58,O58,O,15.999,2,1.1958,106.1591,False,1,1,0,0,C1-H1,C-C-H,9,0,0,2,0,0,False,0,False,0,0,-0.388465,"C,H",OA,-0.333
chitinAA,253,H154,H154,H,1.008,1,0.9716,0.0,False,0,0,1,0,O1,C,3,1,0,1,0,0,False,0,False,0,0,0.21067,O,H,0.217
chitinAA,254,C90,C90,C,12.011,4,1.4189,109.4343,False,2,1,0,1,C1-C1-H1-N1,C-C-H-H-H-O-O-O,32,1,3,4,0,0,True,6,False,0,0,0.089017,"C,C,H,N",C,-0.026
chitinAA,255,H145,H145,H,1.008,1,1.1297,0.0,False,1,0,0,0,C1,C-C-N,8,0,1,1,0,0,False,0,False,0,0,0.054769,C,HC,0.128
chitinAA,256,N12,N12,N,14.007,3,1.2724,119.511,True,2,1,0,0,C1-C1-H1,C-C-C-H-O,19,0,1,3,0,0,False,0,False,0,0,-0.28248,"C,C,H",N,-0.367
chitinAA,257,H156,H156,H,1.008,1,0.9934,0.0,False,0,0,0,1,N1,C-C,5,1,0,1,0,0,False,0,False,0,0,0.125317,N,H,0.265
chitinAA,258,C89,C89,C,12.011,4,1.3762,109.388,False,1,1,2,0,C1-H1-O1-O1,C-C-H-H-N,23,2,1,4,0,0,True,6,False,0,0,0.172791,"C,H,O,O",C,0.145
chitinAA,259,H157,H157,H,1.008,1,1.1231,0.0,False,1,0,0,0,C1,C-O-O,5,0,2,1,0,0,False,0,False,0,0,0.093916,C,HC,0.119
chitinAA,260,O57,O57,O,15.999,2,1.1829,108.6346,False,1,1,0,0,C1-H1,C-H-O,7,0,1,2,0,0,False,0,False,0,0,-0.3665,"C,H",OA,-0.299
chitinAA,261,H158,H158,H,1.008,1,0.9704,0.0,False,0,0,1,0,O1,C,3,1,0,1,0,0,False,0,False,0,0,0.213426,O,H,0.035
chitinAA,262,C95,C95,C,12.011,3,1.3801,119.995,True,1,0,1,1,C1-N1-O1,C-H-H-H-H,13,2,0,3,0,0,False,0,False,0,0,0.102014,"C,N,O",C,0.299
chitinAA,263,O61,O61,O,15.999,1,1.2512,0.0,False,1,0,0,0,C1,C-N,5,0,1,1,0,0,False,0,False,0,0,-0.378905,C,O,-0.384
chitinAA,264,C96,C96,C,12.011,4,1.2135,109.4662,False,1,3,0,0,C1-H1-H1-H1,N-O,8,0,2,4,0,0,False,0,False,0,0,-0.025275,"C,H,H,H",C,-0.239
chitinAA,265,H151,H151,H,1.008,1,1.1162,0.0,False,1,0,0,0,C1,C-H-H,2,0,0,1,0,0,False,0,False,0,0,0.027079,C,HC,0.108
chitinAA,266,H152,H152,H,1.008,1,1.1233,0.0,False,1,0,0,0,C1,C-H-H,2,0,0,1,0,0,False,0,False,0,0,0.027079,C,HC,0.108
chitinAA,267,H153,H153,H,1.008,1,1.1104,0.0,False,1,0,0,0,C1,C-H-H,2,0,0,1,0,0,False,0,False,0,0,0.027079,C,HC,0.108
chitinAA,268,C87,C87,C,12.011,3,1.3803,119.9922,True,1,0,1,1,C1-N1-O1,C-H-H-H-H,13,2,0,3,0,0,False,0,False,0,0,0.102014,"C,N,O",C,0.28
chitinAA,269,O56,O56,O,15.999,1,1.2459,0.0,False,1,0,0,0,C1,C-N,5,0,1,1,0,0,False,0,False,0,0,-0.378905,C,O,-0.355
chitinAA,270,C88,C88,C,12.011,4,1.213,109.4675,False,1,3,0,0,C1-H1-H1-H1,N-O,8,0,2,4,0,0,False,0,False,0,0,-0.025275,"C,H,H,H",C,-0.243
chitinAA,271,H138,H138,H,1.008,1,1.1159,0.0,False,1,0,0,0,C1,C-H-H,2,0,0,1,0,0,False,0,False,0,0,0.027079,C,HC,0.106
chitinAA,272,H139,H139,H,1.008,1,1.1168,0.0,False,1,0,0,0,C1,C-H-H,2,0,0,1,0,0,False,0,False,0,0,0.027079,C,HC,0.106
chitinAA,273,H140,H140,H,1.008,1,1.1103,0.0,False,1,0,0,0,C1,C-H-H,2,0,0,1,0,0,False,0,False,0,0,0.027079,C,HC,0.106
chitinAA,274,C79,C79,C,12.011,3,1.383,119.9981,True,1,0,1,1,C1-N1-O1,C-H-H-H-H,13,2,0,3,0,0,False,0,False,0,0,0.102014,"C,N,O",C,0.279
chitinAA,275,O51,O51,O,15.999,1,1.2487,0.0,False,1,0,0,0,C1,C-N,5,0,1,1,0,0,False,0,False,0,0,-0.378905,C,O,-0.354
chitinAA,276,C80,C80,C,12.011,4,1.2149,109.4692,False,1,3,0,0,C1-H1-H1-H1,N-O,8,0,2,4,0,0,False,0,False,0,0,-0.025275,"C,H,H,H",C,-0.243
chitinAA,277,H125,H125,H,1.008,1,1.1144,0.0,False,1,0,0,0,C1,C-H-H,2,0,0,1,0,0,False,0,False,0,0,0.027079,C,HC,0.106
chitinAA,278,H126,H126,H,1.008,1,1.1123,0.0,False,1,0,0,0,C1,C-H-H,2,0,0,1,0,0,False,0,False,0,0,0.027079,C,HC,0.106
chitinAA,279,H127,H127,H,1.008,1,1.123,0.0,False,1,0,0,0,C1,C-H-H,2,0,0,1,0,0,False,0,False,0,0,0.027079,C,HC,0.106
chitinAA,280,C71,C71,C,12.011,3,1.3824,119.9907,True,1,0,1,1,C1-N1-O1,C-H-H-H-H,13,2,0,3,0,0,False,0,False,0,0,0.102014,"C,N,O",C,0.28
chitinAA,281,O46,O46,O,15.999,1,1.2468,0.0,False,1,0,0,0,C1,C-N,5,0,1,1,0,0,False,0,False,0,0,-0.378905,C,O,-0.355
chitinAA,282,C72,C72,C,12.011,4,1.2116,109.4688,False,1,3,0,0,C1-H1-H1-H1,N-O,8,0,2,4,0,0,False,0,False,0,0,-0.025275,"C,H,H,H",C,-0.243
chitinAA,283,H112,H112,H,1.008,1,1.1116,0.0,False,1,0,0,0,C1,C-H-H,2,0,0,1,0,0,False,0,False,0,0,0.027079,C,HC,0.106
chitinAA,284,H113,H113,H,1.008,1,1.1178,0.0,False,1,0,0,0,C1,C-H-H,2,0,0,1,0,0,False,0,False,0,0,0.027079,C,HC,0.106
chitinAA,285,H114,H114,H,1.008,1,1.1084,0.0,False,1,0,0,0,C1,C-H-H,2,0,0,1,0,0,False,0,False,0,0,0.027079,C,HC,0.106
chitinAA,286,C63,C63,C,12.011,3,1.3815,119.9967,True,1,0,1,1,C1-N1-O1,C-H-H-H-H,13,2,0,3,0,0,False,0,False,0,0,0.102014,"C,N,O",C,0.28
chitinAA,287,O41,O41,O,15.999,1,1.2551,0.0,False,1,0,0,0,C1,C-N,5,0,1,1,0,0,False,0,False,0,0,-0.378905,C,O,-0.355
chitinAA,288,C64,C64,C,12.011,4,1.2152,109.4681,False,1,3,0,0,C1-H1-H1-H1,N-O,8,0,2,4,0,0,False,0,False,0,0,-0.025275,"C,H,H,H",C,-0.243
chitinAA,289,H99,H99,H,1.008,1,1.1163,0.0,False,1,0,0,0,C1,C-H-H,2,0,0,1,0,0,False,0,False,0,0,0.027079,C,HC,0.106
chitinAA,290,H100,H100,H,1.008,1,1.1168,0.0,False,1,0,0,0,C1,C-H-H,2,0,0,1,0,0,False,0,False,0,0,0.027079,C,HC,0.106
chitinAA,291,H101,H101,H,1.008,1,1.1197,0.0,False,1,0,0,0,C1,C-H-H,2,0,0,1,0,0,False,0,False,0,0,0.027079,C,HC,0.106
chitinAA,292,C55,C55,C,12.011,3,1.3785,119.9879,True,1,0,1,1,C1-N1-O1,C-H-H-H-H,13,2,0,3,0,0,False,0,False,0,0,0.102014,"C,N,O",C,0.28
chitinAA,293,O36,O36,O,15.999,1,1.2426,0.0,False,1,0,0,0,C1,C-N,5,0,1,1,0,0,False,0,False,0,0,-0.378905,C,O,-0.355
chitinAA,294,C56,C56,C,12.011,4,1.2159,109.4667,False,1,3,0,0,C1-H1-H1-H1,N-O,8,0,2,4,0,0,False,0,False,0,0,-0.025275,"C,H,H,H",C,-0.243
chitinAA,295,H86,H86,H,1.008,1,1.1179,0.0,False,1,0,0,0,C1,C-H-H,2,0,0,1,0,0,False,0,False,0,0,0.027079,C,HC,0.106
chitinAA,296,H87,H87,H,1.008,1,1.1226,0.0,False,1,0,0,0,C1,C-H-H,2,0,0,1,0,0,False,0,False,0,0,0.027079,C,HC,0.106
chitinAA,297,H88,H88,H,1.008,1,1.1158,0.0,False,1,0,0,0,C1,C-H-H,2,0,0,1,0,0,False,0,False,0,0,0.027079,C,HC,0.106
chitinAA,298,C47,C47,C,12.011,3,1.3795,119.9926,True,1,0,1,1,C1-N1-O1,C-H-H-H-H,13,2,0,3,0,0,False,0,False,0,0,0.102014,"C,N,O",C,0.28
chitinAA,299,O31,O31,O,15.999,1,1.2463,0.0,False,1,0,0,0,C1,C-N,5,0,1,1,0,0,False,0,False,0,0,-0.378905,C,O,-0.355
chitinAA,300,C48,C48,C,12.011,4,1.2135,109.4618,False,1,3,0,0,C1-H1-H1-H1,N-O,8,0,2,4,0,0,False,0,False,0,0,-0.025275,"C,H,H,H",C,-0.243
chitinAA,301,H73,H73,H,1.008,1,1.1204,0.0,False,1,0,0,0,C1,C-H-H,2,0,0,1,0,0,False,0,False,0,0,0.027079,C,HC,0.106
chitinAA,302,H74,H74,H,1.008,1,1.1068,0.0,False,1,0,0,0,C1,C-H-H,2,0,0,1,0,0,False,0,False,0,0,0.027079,C,HC,0.106
chitinAA,303,H75,H75,H,1.008,1,1.1195,0.0,False,1,0,0,0,C1,C-H-H,2,0,0,1,0,0,False,0,False,0,0,0.027079,C,HC,0.106
chitinAA,304,C39,C39,C,12.011,3,1.3817,119.997,True,1,0,1,1,C1-N1-O1,C-H-H-H-H,13,2,0,3,0,0,False,0,False,0,0,0.102014,"C,N,O",C,0.277
chitinAA,305,O26,O26,O,15.999,1,1.2447,0.0,False,1,0,0,0,C1,C-N,5,0,1,1,0,0,False,0,False,0,0,-0.378905,C,O,-0.355
chitinAA,306,C40,C40,C,12.011,4,1.217,109.4695,False,1,3,0,0,C1-H1-H1-H1,N-O,8,0,2,4,0,0,False,0,False,0,0,-0.025275,"C,H,H,H",C,-0.243
chitinAA,307,H60,H60,H,1.008,1,1.1095,0.0,False,1,0,0,0,C1,C-H-H,2,0,0,1,0,0,False,0,False,0,0,0.027079,C,HC,0.107
chitinAA,308,H61,H61,H,1.008,1,1.1234,0.0,False,1,0,0,0,C1,C-H-H,2,0,0,1,0,0,False,0,False,0,0,0.027079,C,HC,0.107
chitinAA,309,H62,H62,H,1.008,1,1.1203,0.0,False,1,0,0,0,C1,C-H-H,2,0,0,1,0,0,False,0,False,0,0,0.027079,C,HC,0.107
chitinAA,310,C31,C31,C,12.011,3,1.3819,119.9827,True,1,0,1,1,C1-N1-O1,C-H-H-H-H,13,2,0,3,0,0,False,0,False,0,0,0.102014,"C,N,O",C,0.28
chitinAA,311,O21,O21,O,15.999,1,1.2402,0.0,False,1,0,0,0,C1,C-N,5,0,1,1,0,0,False,0,False,0,0,-0.378905,C,O,-0.355
chitinAA,312,C32,C32,C,12.011,4,1.2131,109.4686,False,1,3,0,0,C1-H1-H1-H1,N-O,8,0,2,4,0,0,False,0,False,0,0,-0.025275,"C,H,H,H",C,-0.243
chitinAA,313,H47,H47,H,1.008,1,1.112,0.0,False,1,0,0,0,C1,C-H-H,2,0,0,1,0,0,False,0,False,0,0,0.027079,C,HC,0.106
chitinAA,314,H48,H48,H,1.008,1,1.112,0.0,False,1,0,0,0,C1,C-H-H,2,0,0,1,0,0,False,0,False,0,0,0.027079,C,HC,0.106
chitinAA,315,H49,H49,H,1.008,1,1.1197,0.0,False,1,0,0,0,C1,C-H-H,2,0,0,1,0,0,False,0,False,0,0,0.027079,C,HC,0.106
chitinAA,316,C23,C23,C,12.011,3,1.3814,119.989,True,1,0,1,1,C1-N1-O1,C-H-H-H-H,13,2,0,3,0,0,False,0,False,0,0,0.102014,"C,N,O",C,0.277
chitinAA,317,O16,O16,O,15.999,1,1.2421,0.0,False,1,0,0,0,C1,C-N,5,0,1,1,0,0,False,0,False,0,0,-0.378905,C,O,-0.355
chitinAA,318,C24,C24,C,12.011,4,1.215,109.4697,False,1,3,0,0,C1-H1-H1-H1,N-O,8,0,2,4,0,0,False,0,False,0,0,-0.025275,"C,H,H,H",C,-0.243
chitinAA,319,H34,H34,H,1.008,1,1.1105,0.0,False,1,0,0,0,C1,C-H-H,2,0,0,1,0,0,False,0,False,0,0,0.027079,C,HC,0.107
chitinAA,320,H35,H35,H,1.008,1,1.1166,0.0,False,1,0,0,0,C1,C-H-H,2,0,0,1,0,0,False,0,False,0,0,0.027079,C,HC,0.107
chitinAA,321,H36,H36,H,1.008,1,1.1241,0.0,False,1,0,0,0,C1,C-H-H,2,0,0,1,0,0,False,0,False,0,0,0.027079,C,HC,0.107
chitinAA,322,C15,C15,C,12.011,3,1.3829,119.9931,True,1,0,1,1,C1-N1-O1,C-H-H-H-H,13,2,0,3,0,0,False,0,False,0,0,0.102014,"C,N,O",C,0.274
chitinAA,323,O11,O11,O,15.999,1,1.243,0.0,False,1,0,0,0,C1,C-N,5,0,1,1,0,0,False,0,False,0,0,-0.378905,C,O,-0.352
chitinAA,324,C16,C16,C,12.011,4,1.2165,109.4695,False,1,3,0,0,C1-H1-H1-H1,N-O,8,0,2,4,0,0,False,0,False,0,0,-0.025275,"C,H,H,H",C,-0.243
chitinAA,325,H21,H21,H,1.008,1,1.1195,0.0,False,1,0,0,0,C1,C-H-H,2,0,0,1,0,0,False,0,False,0,0,0.027079,C,HC,0.107
chitinAA,326,H22,H22,H,1.008,1,1.1158,0.0,False,1,0,0,0,C1,C-H-H,2,0,0,1,0,0,False,0,False,0,0,0.027079,C,HC,0.107
chitinAA,327,H23,H23,H,1.008,1,1.1131,0.0,False,1,0,0,0,C1,C-H-H,2,0,0,1,0,0,False,0,False,0,0,0.027079,C,HC,0.107
cholesterol,1,H1,H1,H,1.008,1,0.9691,0.0,False,0,0,1,0,O1,C,3,1,0,1,0,0,False,0,False,0,0,0.210445,O,H,0.198
cholesterol,2,O1,O1,O,15.999,2,1.1972,106.3486,False,1,1,0,0,C1-H1,C-C-H,5,0,0,2,0,0,False,0,False,0,0,-0.39312,"C,H",O,-0.33
cholesterol,3,C3,C3,C,12.011,4,1.4038,109.3941,False,2,1,1,0,C1-C1-H1-O1,C-C-H,12,1,0,4,0,0,True,6,False,0,0,0.05429,"C,C,H,O",C,0.034
cholesterol,4,HC,HC,H,1.008,1,1.1434,0.0,False,1,0,0,0,C1,C-C-O,3,0,1,1,0,0,False,0,False,0,0,0.060046,C,HC,0.075
cholesterol,5,C4,C4,C,12.011,2,1.5112,110.5131,False,2,0,0,0,C1-C1,C-C-C-H-O,12,0,1,2,0,0,True,6,False,0,0,-0.023629,"C,C",CH2,0.078
cholesterol,6,C5,C5,C,12.011,3,1.449,119.9245,True,3,0,0,0,C1-C1-C1,C-C-C-C-C-H,19,0,0,3,0,0,True,6,False,0,0,-0.033271,"C,C,C",C,-0.102
cholesterol,7,C10,C10,C,12.011,4,1.5258,109.4438,False,4,0,0,0,C1-C1-C1-C1,C-C-C-C-C,22,0,0,4,0,0,True,6,False,0,0,-0.026458,"C,C,C,C",C,-0.004
cholesterol,8,C19,C19,C,12.011,1,1.5221,0.0,False,1,0,0,0,C1,C-C-C,5,0,0,1,0,0,False,0,False,0,0,-0.059099,C,CH3,0.029
cholesterol,9,C9,C9,C,12.011,3,1.5311,109.3867,False,3,0,0,0,C1-C1-C1,C-C-C-C-C-C,19,0,0,3,0,0,True,6,False,0,0,-0.032597,"C,C,C",CH1,-0.001
cholesterol,10,C11,C11,C,12.011,2,1.5199,115.5198,False,2,0,0,0,C1-C1,C-C-C,11,0,0,2,0,0,True,6,False,0,0,-0.049102,"C,C",CH2,0.006
cholesterol,11,C12,C12,C,12.011,2,1.5177,108.7445,False,2,0,0,0,C1-C1,C-C-C-C,10,0,0,2,0,0,True,6,False,0,0,-0.047016,"C,C",CH2,0.017
cholesterol,12,C13,C13,C,12.011,4,1.529,109.4157,False,4,0,0,0,C1-C1-C1-C1,C-C-C-C-C,22,0,0,4,0,0,True,5,False,0,0,-0.026383,"C,C,C,C",C,-0.044
cholesterol,13,C18,C18,C,12.011,1,1.5165,0.0,False,1,0,0,0,C1,C-C-C,5,0,0,1,0,0,False,0,False,0,0,-0.059092,C,CH3,0.024
cholesterol,14,C17,C17,C,12.011,3,1.5343,113.661,False,3,0,0,0,C1-C1-C1,C-C-C-C-C-C,17,0,0,3,0,0,True,5,False,0,0,-0.033147,"C,C,C",CH1,-0.007
cholesterol,15,C20,C20,C,12.011,3,1.5217,110.7057,False,3,0,0,0,C1-C1-C1,C-C-C,11,0,0,3,0,0,False,0,False,0,0,-0.040905,"C,C,C",CH1,-0.006
cholesterol,16,C22,C22,C,12.011,2,1.5284,109.7555,False,2,0,0,0,C1-C1,C-C-C,6,0,0,2,0,0,False,0,False,0,0,-0.050416,"C,C",CH2,0.004
cholesterol,17,C23,C23,C,12.011,2,1.525,109.5443,False,2,0,0,0,C1-C1,C-C,6,0,0,2,0,0,False,0,False,0,0,-0.052798,"C,C",CH2,-0.0
cholesterol,18,C24,C24,C,12.011,2,1.5207,108.9718,False,2,0,0,0,C1-C1,C-C-C,4,0,0,2,0,0,False,0,False,0,0,-0.050964,"C,C",CH2,0.004
cholesterol,19,C25,C25,C,12.011,3,1.5223,112.2051,False,3,0,0,0,C1-C1-C1,C,3,0,0,3,0,0,False,0,False,0,0,-0.047132,"C,C,C",CH1,-0.021
cholesterol,20,C27,C27,C,12.011,1,1.5221,0.0,False,1,0,0,0,C1,C-C,1,0,0,1,0,0,False,0,False,0,0,-0.062774,C,CH3,0.008
cholesterol,21,C26,C26,C,12.011,1,1.524,0.0,False,1,0,0,0,C1,C-C,1,0,0,1,0,0,False,0,False,0,0,-0.062774,C,CH3,0.009
cholesterol,22,C21,C21,C,12.011,1,1.5146,0.0,False,1,0,0,0,C1,C-C,3,0,0,1,0,0,False,0,False,0,0,-0.062224,C,CH3,0.01
cholesterol,23,C16,C16,C,12.011,2,1.5347,107.8459,False,2,0,0,0,C1-C1,C-C-C,10,0,0,2,0,0,True,5,False,0,0,-0.049368,"C,C",CH2,0.005
cholesterol,24,C15,C15,C,12.011,2,1.5298,103.1826,False,2,0,0,0,C1-C1,C-C-C,10,0,0,2,0,0,True,5,False,0,0,-0.049347,"C,C",CH2,0.009
cholesterol,25,C14,C14,C,12.011,3,1.5279,113.9366,False,3,0,0,0,C1-C1-C1,C-C-C-C-C-C,19,0,0,3,0,0,True,5,False,0,0,-0.0326,"C,C,C",CH1,-0.019
cholesterol,26,C8,C8,C,12.011,3,1.5271,110.5913,False,3,0,0,0,C1-C1-C1,C-C-C-C-C,20,0,0,3,0,0,True,6,False,0,0,-0.034671,"C,C,C",CH1,0.012
cholesterol,27,C7,C7,C,12.011,2,1.5016,111.02,False,2,0,0,0,C1-C1,C-C-C-H,10,0,0,2,0,0,True,6,False,0,0,-0.049591,"C,C",CH2,0.051
cholesterol,28,C6,C6,C,12.011,3,1.306,119.871,True,2,1,0,0,C1-C1-H1,C-C-C,12,0,0,3,0,0,True,6,False,0,0,-0.049537,"C,C,H",C,-0.162
cholesterol,29,HC1,HC1,H,1.008,1,1.0966,0.0,False,1,0,0,0,C1,C-C,3,0,0,1,0,0,False,0,False,0,0,0.026969,C,HC,0.121
cholesterol,30,C1,C1,C,12.011,2,1.5233,114.7758,False,2,0,0,0,C1-C1,C-C-C-C,11,0,0,2,0,0,True,6,False,0,0,-0.044861,"C,C",CH2,0.022
cholesterol,31,C2,C2,C,12.011,2,1.5168,109.0895,False,2,0,0,0,C1-C1,C-C-H-O,9,0,1,2,0,0,True,6,False,0,0,-0.026459,"C,C",CH2,-0.02
efz,1,H30,H30,H,1.008,1,1.084,0.0,False,1,0,0,0,C1,C-C,4,0,0,1,0,0,False,0,False,0,0,0.028216,C,HC,0.142
efz,2,C21,C21,C,12.011,3,1.2908,120.0,True,2,1,0,0,C1-C1-H1,C-C-Cl-H,12,0,1,3,0,0,True,6,False,0,0,-0.035231,"C,C,H",C,-0.022
efz,3,C18,C18,C,12.011,3,1.2944,119.9997,True,2,1,0,0,C1-C1-H1,C-C-H-N,14,0,1,3,0,0,True,6,False,0,0,-0.035796,"C,C,H",C,-0.32
efz,4,H29,H29,H,1.008,1,1.0831,0.0,False,1,0,0,0,C1,C-C,4,0,0,1,0,0,False,0,False,0,0,0.028316,C,HC,0.212
efz,5,C15,C15,C,12.011,3,1.3981,120.0,True,2,0,0,1,C1-C1-N1,C-C-C-C-H-H,21,1,0,3,0,0,True,6,False,0,0,0.017365,"C,C,N",C,0.27
efz,6,N7,N7,N,14.007,3,1.2602,119.8925,True,2,1,0,0,C1-C1-H1,C-C-O-O,13,0,2,3,0,0,True,6,False,0,0,-0.265817,"C,C,H",N,-0.575
efz,7,H28,H28,H,1.008,1,1.0125,0.0,False,0,0,0,1,N1,C-C,4,1,0,1,0,0,False,0,False,0,0,0.127475,N,H,0.383
efz,8,C19,C19,C,12.011,3,1.3153,119.9833,True,0,0,2,1,N1-O1-O1,C-C-H,11,3,0,3,0,0,True,6,False,0,0,0.214147,"N,O,O",C,0.82
efz,9,O6,O6,O,15.999,1,1.2163,0.0,False,1,0,0,0,C1,N-O,3,0,2,1,0,0,False,0,False,0,0,-0.355714,C,OE,-0.591
efz,10,O5,O5,O,15.999,2,1.4074,122.9047,False,2,0,0,0,C1-C1,C-C-C-N-O,13,0,2,2,0,0,True,6,False,0,0,-0.32335,"C,C",OE,-0.37
efz,11,C11,C11,C,12.011,4,1.5008,109.4226,False,3,0,1,0,C1-C1-C1-O1,C-C-C-C-F-F-F,28,1,3,4,0,0,True,6,False,0,0,0.171969,"C,C,C,O",C,0.04
efz,12,C16,C16,C,12.011,4,1.3979,109.4563,False,1,0,0,0,C1-F1-F1-F1,C-C-O,13,3,1,4,0,0,False,0,False,0,0,0.417457,"C,F,F,F",C,0.367
efz,13,F2,F2,F,18.998,1,1.3494,0.0,False,1,0,0,0,C1,C-F-F,3,0,2,1,0,0,False,0,False,0,0,-0.167833,C,F,-0.129
efz,14,F3,F3,F,18.998,1,1.3377,0.0,False,1,0,0,0,C1,C-F-F,3,0,2,1,0,0,False,0,False,0,0,-0.167833,C,F,-0.129
efz,15,F4,F4,F,18.998,1,1.3473,0.0,False,1,0,0,0,C1,C-F-F,3,0,2,1,0,0,False,0,False,0,0,-0.167833,C,F,-0.129
efz,16,C13,C13,C,12.011,3,1.4399,119.982,True,3,0,0,0,C1-C1-C1,C-C-C-C-H-N-O,25,0,2,3,0,0,True,6,False,0,0,0.014016,"C,C,C",C,0.119
efz,17,C17,C17,C,12.011,3,1.29,119.9994,True,2,1,0,0,C1-C1-H1,C-C-C-Cl,15,0,1,3,0,0,True,6,False,0,0,-0.029279,"C,C,H",C,-0.195
efz,18,H27,H27,H,1.008,1,1.0834,0.0,False,1,0,0,0,C1,C-C,4,0,0,1,0,0,False,0,False,0,0,0.028615,C,HC,0.198
efz,19,C20,C20,C,12.011,3,1.5147,119.9998,True,2,0,0,0,C1-C1-Cl1,C-C-H-H,12,1,0,3,0,0,True,6,False,0,0,0.034056,"C,C,Cl",C,-0.022
efz,20,CL1,CL1,Cl,35.45,1,1.7633,0.0,False,1,0,0,0,C1,C-C,4,0,0,1,0,0,False,0,False,0,0,-0.122994,C,CL,-0.11
efz,21,C14,C14,C,12.011,2,1.3351,179.6517,False,2,0,0,0,C1-C1,C-C-C-O,13,0,1,2,0,0,False,0,False,0,0,-0.014069,"C,C",C,-0.05
efz,22,C12,C12,C,12.011,2,1.3216,179.0626,False,2,0,0,0,C1-C1,C-C-C-H,13,0,0,2,0,0,False,0,False,0,0,-0.04734,"C,C",C,-0.104
efz,23,C8,C8,C,12.011,4,1.3941,107.6311,False,3,1,0,0,C1-C1-C1-H1,C-C-C-H-H-H-H,28,0,0,4,0,0,True,3,False,0,0,-0.041296,"C,C,C,H",C,-0.023
efz,24,H22,H22,H,1.008,1,1.0835,0.0,False,1,0,0,0,C1,C-C-C,7,0,0,1,0,0,False,0,False,0,0,0.03027,C,HC,0.156
efz,25,C9,C9,C,12.011,4,1.3032,107.6635,False,2,2,0,0,C1-C1-H1-H1,C-C-C-H-H-H,25,0,0,4,0,0,True,3,False,0,0,-0.050182,"C,C,H,H",C,-0.273
efz,26,H23,H23,H,1.008,1,1.0889,0.0,False,1,0,0,0,C1,C-C-H,6,0,0,1,0,0,False,0,False,0,0,0.026947,C,HC,0.149
efz,27,H24,H24,H,1.008,1,1.0917,0.0,False,1,0,0,0,C1,C-C-H,6,0,0,1,0,0,False,0,False,0,0,0.026947,C,HC,0.15
efz,28,C10,C10,C,12.011,4,1.3007,107.6809,False,2,2,0,0,C1-C1-H1-H1,C-C-C-H-H-H,25,0,0,4,0,0,True,3,False,0,0,-0.050182,"C,C,H,H",C,-0.256
efz,29,H25,H25,H,1.008,1,1.0854,0.0,False,1,0,0,0,C1,C-C-H,6,0,0,1,0,0,False,0,False,0,0,0.026947,C,HC,0.15
efz,30,H26,H26,H,1.008,1,1.0888,0.0,False,1,0,0,0,C1,C-C-H,6,0,0,1,0,0,False,0,False,0,0,0.026947,C,HC,0.142
