modelo,molecula,n_atomos,tiempo_medio_s,tiempo_std_s
RF_atomtype_AA,2NP,15,0.04555434994399547,0.016253026870564544
RF_charge_AA,2NP,15,0.05803818665444851,0.0035350356813079074
TabTransformer_charge_AA,2NP,15,0.0073421519249677655,0.000801852935293845
RF_atomtype_AA,4NP,15,0.052890673466026786,0.012688130264250733
RF_charge_AA,4NP,15,0.06004616152495146,0.003983859794538107
TabTransformer_charge_AA,4NP,15,0.008110680989921093,0.0020492479693205792
RF_atomtype_AA,cholesterol,31,0.057329426519572735,0.008684387723336578
RF_charge_AA,cholesterol,31,0.06247198209166527,0.005293181339290013
TabTransformer_charge_AA,cholesterol,31,0.017140569910407067,0.0006073048851935743
RF_atomtype_AA,CBD,53,0.0275363864377141,0.009141912687457272
RF_charge_AA,CBD,53,0.05012305043637753,0.017385431760092527
TabTransformer_charge_AA,CBD,53,0.030602492019534112,0.0004065941077801033
RF_atomtype_AA,chitinAA,327,0.039807780645787716,0.007488095451163792
RF_charge_AA,chitinAA,327,0.07243155296891927,0.0035081738691307846
TabTransformer_charge_AA,chitinAA,327,0.23500756304711104,0.0016011667409518984
