mass,coordination,n_dihedrals,is_planar,avg_bond_len_A,avg_angle_deg,C_count,H_count,O_count,N_count,tripos_type__C.2,tripos_type__Cl,tripos_type__H,tripos_type__N.2,tripos_type__N.3,tripos_type__S.2,element__C,element__Cl,element__H,element__N,element__S,neighbor_config__C1,neighbor_config__C1-C1.5-C1.5,neighbor_config__C1-H1-H1,neighbor_config__C1-H1-N1,neighbor_config__C1-H1-N2,neighbor_config__C1.5-C1.5-Cl1,neighbor_config__C1.5-C1.5-H1,neighbor_config__C2,neighbor_config__C2-N1,neighbor_config__N1,neighbor_config__N1-N1-S2,atomtype_encoded,atomtype_label,charge
-0.9738085773610946,1,-0.7897835775401081,0,0.40824829046476946,-1.0488088481691404,1,0,0,0,0.0,0.0,1.0,0.0,0.0,0.0,0.0,0.0,1.0,0.0,0.0,1.0,0.0,0.0,0.0,0.0,0.0,0.0,0.0,0.0,0.0,0.0,3,HC,0.129
0.1949893412986803,3,0.9560538043906573,1,0.40824829046476946,0.9534631959937773,2,1,0,0,1.0,0.0,0.0,0.0,0.0,0.0,1.0,0.0,0.0,0.0,0.0,0.0,0.0,0.0,0.0,0.0,0.0,1.0,0.0,0.0,0.0,0.0,1,CAro,-0.053
0.1949893412986803,3,0.9560538043906573,1,0.40824829046476946,0.9534631959937773,2,1,0,0,1.0,0.0,0.0,0.0,0.0,0.0,1.0,0.0,0.0,0.0,0.0,0.0,0.0,0.0,0.0,0.0,0.0,1.0,0.0,0.0,0.0,0.0,1,CAro,-0.142
-0.9738085773610946,1,-0.7897835775401081,0,-2.449489742782271,-1.0488088481691404,1,0,0,0,0.0,0.0,1.0,0.0,0.0,0.0,0.0,0.0,1.0,0.0,0.0,1.0,0.0,0.0,0.0,0.0,0.0,0.0,0.0,0.0,0.0,0.0,3,HC,0.154
0.1949893412986803,3,1.3925131498733487,1,0.40824829046476946,0.9534631959937773,2,1,0,0,1.0,0.0,0.0,0.0,0.0,0.0,1.0,0.0,0.0,0.0,0.0,0.0,0.0,0.0,0.0,0.0,0.0,1.0,0.0,0.0,0.0,0.0,1,CAro,-0.143
-0.9738085773610946,1,-0.7897835775401081,0,-2.449489742782271,-1.0488088481691404,1,0,0,0,0.0,0.0,1.0,0.0,0.0,0.0,0.0,0.0,1.0,0.0,0.0,1.0,0.0,0.0,0.0,0.0,0.0,0.0,0.0,0.0,0.0,0.0,3,HC,0.134
0.1949893412986803,3,2.0472021680973858,1,0.40824829046476946,0.9534631959937773,3,0,0,0,1.0,0.0,0.0,0.0,0.0,0.0,1.0,0.0,0.0,0.0,0.0,0.0,1.0,0.0,0.0,0.0,0.0,0.0,0.0,0.0,0.0,0.0,1,CAro,0.039
0.1949893412986803,3,1.3925131498733487,1,0.40824829046476946,0.9534631959937773,2,1,0,0,1.0,0.0,0.0,0.0,0.0,0.0,1.0,0.0,0.0,0.0,0.0,0.0,0.0,0.0,0.0,0.0,0.0,1.0,0.0,0.0,0.0,0.0,1,CAro,-0.018
-0.9738085773610946,1,-0.7897835775401081,0,0.40824829046476946,-1.0488088481691404,1,0,0,0,0.0,0.0,1.0,0.0,0.0,0.0,0.0,0.0,1.0,0.0,0.0,1.0,0.0,0.0,0.0,0.0,0.0,0.0,0.0,0.0,0.0,0.0,3,HC,0.091
0.1949893412986803,3,0.9560538043906573,1,0.40824829046476946,0.9534631959937773,2,0,0,0,1.0,0.0,0.0,0.0,0.0,0.0,1.0,0.0,0.0,0.0,0.0,0.0,0.0,0.0,0.0,0.0,1.0,0.0,0.0,0.0,0.0,0.0,1,CAro,-0.022
2.6848061563006316,1,-0.7897835775401081,0,0.40824829046476946,-1.0488088481691404,1,0,0,0,0.0,1.0,0.0,0.0,0.0,0.0,0.0,1.0,0.0,0.0,0.0,1.0,0.0,0.0,0.0,0.0,0.0,0.0,0.0,0.0,0.0,0.0,2,CLAro,-0.119
0.1949893412986803,3,0.9560538043906573,1,0.40824829046476946,0.9534631959937773,1,1,0,1,1.0,0.0,0.0,0.0,0.0,0.0,1.0,0.0,0.0,0.0,0.0,0.0,0.0,0.0,0.0,1.0,0.0,0.0,0.0,0.0,0.0,0.0,0,C,-0.001
-0.9738085773610946,1,-1.0080132502814538,0,0.40824829046476946,-1.0488088481691404,1,0,0,0,0.0,0.0,1.0,0.0,0.0,0.0,0.0,0.0,1.0,0.0,0.0,1.0,0.0,0.0,0.0,0.0,0.0,0.0,0.0,0.0,0.0,0.0,3,HC,0.158
0.4070152111200846,2,0.08313511342527463,1,0.40824829046476946,0.95345652175363,1,0,0,1,0.0,0.0,0.0,1.0,0.0,0.0,0.0,0.0,0.0,1.0,0.0,0.0,0.0,0.0,0.0,0.0,0.0,0.0,0.0,1.0,0.0,0.0,5,NOpt,-0.256
0.4070152111200846,3,0.519594458907966,1,0.40824829046476946,0.9534631959937773,1,1,0,1,0.0,0.0,0.0,0.0,1.0,0.0,0.0,0.0,0.0,1.0,0.0,0.0,0.0,0.0,1.0,0.0,0.0,0.0,0.0,0.0,0.0,0.0,5,NOpt,0.113
-0.9738085773610946,1,-1.0080132502814538,0,0.40824829046476946,-1.0488088481691404,0,0,0,1,0.0,0.0,1.0,0.0,0.0,0.0,0.0,0.0,1.0,0.0,0.0,0.0,0.0,0.0,0.0,0.0,0.0,0.0,0.0,0.0,1.0,0.0,4,HS14,0.193
0.1949893412986803,3,0.3013647861666203,1,0.40824829046476946,0.9534631959937773,0,0,0,2,1.0,0.0,0.0,0.0,0.0,0.0,1.0,0.0,0.0,0.0,0.0,0.0,0.0,0.0,0.0,0.0,0.0,0.0,0.0,0.0,0.0,1.0,0,C,0.075
2.324702098838427,1,-0.7897835775401081,1,0.40824829046476946,-1.0488088481691404,1,0,0,0,0.0,0.0,0.0,0.0,0.0,1.0,0.0,0.0,0.0,0.0,1.0,0.0,0.0,0.0,0.0,0.0,0.0,0.0,1.0,0.0,0.0,0.0,7,SDmso,-0.539
0.4070152111200846,3,-0.35332423205741675,1,0.40824829046476946,0.9534631959937773,1,2,0,0,0.0,0.0,0.0,0.0,1.0,0.0,0.0,0.0,0.0,1.0,0.0,0.0,0.0,1.0,0.0,0.0,0.0,0.0,0.0,0.0,0.0,0.0,6,NPri,-0.455
-0.9738085773610946,1,-1.2262429230227994,0,0.40824829046476946,-1.0488088481691404,0,0,0,1,0.0,0.0,1.0,0.0,0.0,0.0,0.0,0.0,1.0,0.0,0.0,0.0,0.0,0.0,0.0,0.0,0.0,0.0,0.0,0.0,1.0,0.0,4,HS14,0.331
-0.9738085773610946,1,-1.2262429230227994,0,-2.449489742782271,-1.0488088481691404,0,0,0,1,0.0,0.0,1.0,0.0,0.0,0.0,0.0,0.0,1.0,0.0,0.0,0.0,0.0,0.0,0.0,0.0,0.0,0.0,0.0,0.0,1.0,0.0,4,HS14,0.331
