molecule,atom_id,atom_name,bonded_to_element
22CLTSC_trans,1,H8,N
22CLTSC_trans,2,N3,"C,H,H"
22CLTSC_trans,3,H7,N
22CLTSC_trans,4,C8,"N,N,S"
22CLTSC_trans,5,S1,C
22CLTSC_trans,6,N2,"C,H,N"
22CLTSC_trans,7,H6,N
22CLTSC_trans,8,N1,"C,N"
22CLTSC_trans,9,C7,"C,H,N"
22CLTSC_trans,10,H5,C
22CLTSC_trans,11,C4,"C,C,C"
22CLTSC_trans,12,C3,"C,C,H"
22CLTSC_trans,13,H3,C
22CLTSC_trans,14,C2,"C,C,H"
22CLTSC_trans,15,H2,C
22CLTSC_trans,16,C1,"C,C,H"
22CLTSC_trans,17,H1,C
22CLTSC_trans,18,C6,"C,C,Cl"
22CLTSC_trans,19,Cl1,C
22CLTSC_trans,20,C5,"C,C,H"
22CLTSC_trans,21,H4,C
2NP,1,H1,O
2NP,2,O2,"C,H"
2NP,3,C3,"C,C,O"
2NP,4,C4,"C,C,N"
2NP,5,N5,"C,O,O"
2NP,6,O6,N
2NP,7,O7,N
2NP,8,C8,"C,C,H"
2NP,9,H9,C
2NP,10,C10,"C,C,H"
2NP,11,H11,C
2NP,12,C12,"C,C,H"
2NP,13,H13,C
2NP,14,C14,"C,C,H"
2NP,15,H15,C
3NP,1,O1,N
3NP,2,N2,"C,O,O"
3NP,3,O3,N
3NP,4,C4,"C,C,N"
3NP,5,C5,"C,C,H"
3NP,6,H6,C
3NP,7,C7,"C,C,H"
3NP,8,H8,C
3NP,9,C9,"C,C,H"
3NP,10,H10,C
3NP,11,C11,"C,C,O"
3NP,12,O12,"C,H"
3NP,13,H13,O
3NP,14,C14,"C,C,H"
3NP,15,H15,C
4NP,1,O1,N
4NP,2,N2,"C,O,O"
4NP,3,O3,N
4NP,4,C4,"C,C,N"
4NP,5,C5,"C,C,H"
4NP,6,H6,C
4NP,7,C7,"C,C,H"
4NP,8,H8,C
4NP,9,C9,"C,C,O"
4NP,10,O10,"C,H"
4NP,11,H11,O
4NP,12,C12,"C,C,H"
4NP,13,H13,C
4NP,14,C14,"C,C,H"
4NP,15,H15,C
BPA,1,H16,O
BPA,2,O2,"C,H"
BPA,3,C11,"C,C,O"
BPA,4,C10,"C,C,H"
BPA,5,H6,C
BPA,6,C9,"C,C,H"
BPA,7,H5,C
BPA,8,C8,"C,C,C"
BPA,9,C13,"C,C,H"
BPA,10,H8,C
BPA,11,C12,"C,C,H"
BPA,12,H7,C
BPA,13,C7,"C,C,C,C"
BPA,14,C14,"C,H,H,H"
BPA,15,H9,C
BPA,16,H10,C
BPA,17,H11,C
BPA,18,C15,"C,H,H,H"
BPA,19,H12,C
BPA,20,H13,C
BPA,21,H14,C
BPA,22,C4,"C,C,C"
BPA,23,C3,"C,C,H"
BPA,24,H2,C
BPA,25,C2,"C,C,H"
BPA,26,H1,C
BPA,27,C1,"C,C,O"
BPA,28,O1,"C,H"
BPA,29,H15,O
BPA,30,C6,"C,C,H"
BPA,31,H4,C
BPA,32,C5,"C,C,H"
BPA,33,H3,C
chitinAA,1,H9,C
chitinAA,2,C8,"C,H,H,H"
chitinAA,3,H7,C
chitinAA,4,H8,C
chitinAA,5,C7,"C,N,O"
chitinAA,6,O6,C
chitinAA,7,N1,"C,C,H"
chitinAA,8,H13,N
chitinAA,9,C2,"C,C,H,N"
chitinAA,10,H1,C
chitinAA,11,C1,"C,H,O,O"
chitinAA,12,H14,C
chitinAA,13,O1,"C,C"
chitinAA,14,O4,"C,C"
chitinAA,15,C5,"C,C,H,O"
chitinAA,16,H4,C
chitinAA,17,C6,"C,H,H,O"
chitinAA,18,H5,C
chitinAA,19,H6,C
chitinAA,20,O5,"C,H"
chitinAA,21,H12,O
chitinAA,22,C4,"C,C,H,O"
chitinAA,23,H3,C
chitinAA,24,O3,"C,H"
chitinAA,25,H11,O
chitinAA,26,C3,"C,C,H,O"
chitinAA,27,H2,C
chitinAA,28,O2,"C,H"
chitinAA,29,H10,O
chitinAA,30,C12,"C,C,H,O"
chitinAA,31,H17,C
chitinAA,32,C13,"C,C,H,O"
chitinAA,33,H18,C
chitinAA,34,O9,"C,C"
chitinAA,35,C14,"C,H,H,O"
chitinAA,36,H19,C
chitinAA,37,H20,C
chitinAA,38,O10,"C,H"
chitinAA,39,H25,O
chitinAA,40,C11,"C,C,H,O"
chitinAA,41,H16,C
chitinAA,42,O8,"C,H"
chitinAA,43,H24,O
chitinAA,44,C10,"C,C,H,N"
chitinAA,45,H15,C
chitinAA,46,N2,"C,C,H"
chitinAA,47,H26,N
chitinAA,48,C9,"C,H,O,O"
chitinAA,49,H27,C
chitinAA,50,O7,"C,C"
chitinAA,51,C20,"C,C,H,O"
chitinAA,52,H30,C
chitinAA,53,C21,"C,C,H,O"
chitinAA,54,H31,C
chitinAA,55,O14,"C,C"
chitinAA,56,C22,"C,H,H,O"
chitinAA,57,H32,C
chitinAA,58,H33,C
chitinAA,59,O15,"C,H"
chitinAA,60,H38,O
chitinAA,61,C19,"C,C,H,O"
chitinAA,62,H29,C
chitinAA,63,O13,"C,H"
chitinAA,64,H37,O
chitinAA,65,C18,"C,C,H,N"
chitinAA,66,H28,C
chitinAA,67,N3,"C,C,H"
chitinAA,68,H39,N
chitinAA,69,C17,"C,H,O,O"
chitinAA,70,H40,C
chitinAA,71,O12,"C,C"
chitinAA,72,C28,"C,C,H,O"
chitinAA,73,H43,C
chitinAA,74,C29,"C,C,H,O"
chitinAA,75,H44,C
chitinAA,76,O19,"C,C"
chitinAA,77,C30,"C,H,H,O"
chitinAA,78,H45,C
chitinAA,79,H46,C
chitinAA,80,O20,"C,H"
chitinAA,81,H51,O
chitinAA,82,C27,"C,C,H,O"
chitinAA,83,H42,C
chitinAA,84,O18,"C,H"
chitinAA,85,H50,O
chitinAA,86,C26,"C,C,H,N"
chitinAA,87,H41,C
chitinAA,88,N4,"C,C,H"
chitinAA,89,H52,N
chitinAA,90,C25,"C,H,O,O"
chitinAA,91,H53,C
chitinAA,92,O17,"C,C"
chitinAA,93,C36,"C,C,H,O"
chitinAA,94,H56,C
chitinAA,95,C37,"C,C,H,O"
chitinAA,96,H57,C
chitinAA,97,O24,"C,C"
chitinAA,98,C38,"C,H,H,O"
chitinAA,99,H58,C
chitinAA,100,H59,C
chitinAA,101,O25,"C,H"
chitinAA,102,H64,O
chitinAA,103,C35,"C,C,H,O"
chitinAA,104,H55,C
chitinAA,105,O23,"C,H"
chitinAA,106,H63,O
chitinAA,107,C34,"C,C,H,N"
chitinAA,108,H54,C
chitinAA,109,N5,"C,C,H"
chitinAA,110,H65,N
chitinAA,111,C33,"C,H,O,O"
chitinAA,112,H66,C
chitinAA,113,O22,"C,C"
chitinAA,114,C44,"C,C,H,O"
chitinAA,115,H69,C
chitinAA,116,C45,"C,C,H,O"
chitinAA,117,H70,C
chitinAA,118,O29,"C,C"
chitinAA,119,C46,"C,H,H,O"
chitinAA,120,H71,C
chitinAA,121,H72,C
chitinAA,122,O30,"C,H"
chitinAA,123,H77,O
chitinAA,124,C43,"C,C,H,O"
chitinAA,125,H68,C
chitinAA,126,O28,"C,H"
chitinAA,127,H76,O
chitinAA,128,C42,"C,C,H,N"
chitinAA,129,H67,C
chitinAA,130,N6,"C,C,H"
chitinAA,131,H78,N
chitinAA,132,C41,"C,H,O,O"
chitinAA,133,H79,C
chitinAA,134,O27,"C,C"
chitinAA,135,C52,"C,C,H,O"
chitinAA,136,H82,C
chitinAA,137,C53,"C,C,H,O"
chitinAA,138,H83,C
chitinAA,139,O34,"C,C"
chitinAA,140,C54,"C,H,H,O"
chitinAA,141,H84,C
chitinAA,142,H85,C
chitinAA,143,O35,"C,H"
chitinAA,144,H90,O
chitinAA,145,C51,"C,C,H,O"
chitinAA,146,H81,C
chitinAA,147,O33,"C,H"
chitinAA,148,H89,O
chitinAA,149,C50,"C,C,H,N"
chitinAA,150,H80,C
chitinAA,151,N7,"C,C,H"
chitinAA,152,H91,N
chitinAA,153,C49,"C,H,O,O"
chitinAA,154,H92,C
chitinAA,155,O32,"C,C"
chitinAA,156,C60,"C,C,H,O"
chitinAA,157,H95,C
chitinAA,158,C61,"C,C,H,O"
chitinAA,159,H96,C
chitinAA,160,O39,"C,C"
chitinAA,161,C62,"C,H,H,O"
chitinAA,162,H97,C
chitinAA,163,H98,C
chitinAA,164,O40,"C,H"
chitinAA,165,H103,O
chitinAA,166,C59,"C,C,H,O"
chitinAA,167,H94,C
chitinAA,168,O38,"C,H"
chitinAA,169,H102,O
chitinAA,170,C58,"C,C,H,N"
chitinAA,171,H93,C
chitinAA,172,N8,"C,C,H"
chitinAA,173,H104,N
chitinAA,174,C57,"C,H,O,O"
chitinAA,175,H105,C
chitinAA,176,O37,"C,C"
chitinAA,177,C68,"C,C,H,O"
chitinAA,178,H108,C
chitinAA,179,C69,"C,C,H,O"
chitinAA,180,H109,C
chitinAA,181,O44,"C,C"
chitinAA,182,C70,"C,H,H,O"
chitinAA,183,H110,C
chitinAA,184,H111,C
chitinAA,185,O45,"C,H"
chitinAA,186,H116,O
chitinAA,187,C67,"C,C,H,O"
chitinAA,188,H107,C
chitinAA,189,O43,"C,H"
chitinAA,190,H115,O
chitinAA,191,C66,"C,C,H,N"
chitinAA,192,H106,C
chitinAA,193,N9,"C,C,H"
chitinAA,194,H117,N
chitinAA,195,C65,"C,H,O,O"
chitinAA,196,H118,C
chitinAA,197,O42,"C,C"
chitinAA,198,C76,"C,C,H,O"
chitinAA,199,H121,C
chitinAA,200,C77,"C,C,H,O"
chitinAA,201,H122,C
chitinAA,202,O49,"C,C"
chitinAA,203,C78,"C,H,H,O"
chitinAA,204,H123,C
chitinAA,205,H124,C
chitinAA,206,O50,"C,H"
chitinAA,207,H129,O
chitinAA,208,C75,"C,C,H,O"
chitinAA,209,H120,C
chitinAA,210,O48,"C,H"
chitinAA,211,H128,O
chitinAA,212,C74,"C,C,H,N"
chitinAA,213,H119,C
chitinAA,214,N10,"C,C,H"
chitinAA,215,H130,N
chitinAA,216,C73,"C,H,O,O"
chitinAA,217,H131,C
chitinAA,218,O47,"C,C"
chitinAA,219,C84,"C,C,H,O"
chitinAA,220,H134,C
chitinAA,221,C85,"C,C,H,O"
chitinAA,222,H135,C
chitinAA,223,O54,"C,C"
chitinAA,224,C86,"C,H,H,O"
chitinAA,225,H136,C
chitinAA,226,H137,C
chitinAA,227,O55,"C,H"
chitinAA,228,H142,O
chitinAA,229,C83,"C,C,H,O"
chitinAA,230,H133,C
chitinAA,231,O53,"C,H"
chitinAA,232,H141,O
chitinAA,233,C82,"C,C,H,N"
chitinAA,234,H132,C
chitinAA,235,N11,"C,C,H"
chitinAA,236,H143,N
chitinAA,237,C81,"C,H,O,O"
chitinAA,238,H144,C
chitinAA,239,O52,"C,C"
chitinAA,240,C92,"C,C,H,O"
chitinAA,241,H147,C
chitinAA,242,C93,"C,C,H,O"
chitinAA,243,H148,C
chitinAA,244,O59,"C,C"
chitinAA,245,C94,"C,H,H,O"
chitinAA,246,H149,C
chitinAA,247,H150,C
chitinAA,248,O60,"C,H"
chitinAA,249,H155,O
chitinAA,250,C91,"C,C,H,O"
chitinAA,251,H146,C
chitinAA,252,O58,"C,H"
chitinAA,253,H154,O
chitinAA,254,C90,"C,C,H,N"
chitinAA,255,H145,C
chitinAA,256,N12,"C,C,H"
chitinAA,257,H156,N
chitinAA,258,C89,"C,H,O,O"
chitinAA,259,H157,C
chitinAA,260,O57,"C,H"
chitinAA,261,H158,O
chitinAA,262,C95,"C,N,O"
chitinAA,263,O61,C
chitinAA,264,C96,"C,H,H,H"
chitinAA,265,H151,C
chitinAA,266,H152,C
chitinAA,267,H153,C
chitinAA,268,C87,"C,N,O"
chitinAA,269,O56,C
chitinAA,270,C88,"C,H,H,H"
chitinAA,271,H138,C
chitinAA,272,H139,C
chitinAA,273,H140,C
chitinAA,274,C79,"C,N,O"
chitinAA,275,O51,C
chitinAA,276,C80,"C,H,H,H"
chitinAA,277,H125,C
chitinAA,278,H126,C
chitinAA,279,H127,C
chitinAA,280,C71,"C,N,O"
chitinAA,281,O46,C
chitinAA,282,C72,"C,H,H,H"
chitinAA,283,H112,C
chitinAA,284,H113,C
chitinAA,285,H114,C
chitinAA,286,C63,"C,N,O"
chitinAA,287,O41,C
chitinAA,288,C64,"C,H,H,H"
chitinAA,289,H99,C
chitinAA,290,H100,C
chitinAA,291,H101,C
chitinAA,292,C55,"C,N,O"
chitinAA,293,O36,C
chitinAA,294,C56,"C,H,H,H"
chitinAA,295,H86,C
chitinAA,296,H87,C
chitinAA,297,H88,C
chitinAA,298,C47,"C,N,O"
chitinAA,299,O31,C
chitinAA,300,C48,"C,H,H,H"
chitinAA,301,H73,C
chitinAA,302,H74,C
chitinAA,303,H75,C
chitinAA,304,C39,"C,N,O"
chitinAA,305,O26,C
chitinAA,306,C40,"C,H,H,H"
chitinAA,307,H60,C
chitinAA,308,H61,C
chitinAA,309,H62,C
chitinAA,310,C31,"C,N,O"
chitinAA,311,O21,C
chitinAA,312,C32,"C,H,H,H"
chitinAA,313,H47,C
chitinAA,314,H48,C
chitinAA,315,H49,C
chitinAA,316,C23,"C,N,O"
chitinAA,317,O16,C
chitinAA,318,C24,"C,H,H,H"
chitinAA,319,H34,C
chitinAA,320,H35,C
chitinAA,321,H36,C
chitinAA,322,C15,"C,N,O"
chitinAA,323,O11,C
chitinAA,324,C16,"C,H,H,H"
chitinAA,325,H21,C
chitinAA,326,H22,C
chitinAA,327,H23,C
cholesterol,1,H1,O
cholesterol,2,O1,"C,H"
cholesterol,3,C3,"C,C,H,O"
cholesterol,4,HC,C
cholesterol,5,C4,"C,C"
cholesterol,6,C5,"C,C,C"
cholesterol,7,C10,"C,C,C,C"
cholesterol,8,C19,C
cholesterol,9,C9,"C,C,C"
cholesterol,10,C11,"C,C"
cholesterol,11,C12,"C,C"
cholesterol,12,C13,"C,C,C,C"
cholesterol,13,C18,C
cholesterol,14,C17,"C,C,C"
cholesterol,15,C20,"C,C,C"
cholesterol,16,C22,"C,C"
cholesterol,17,C23,"C,C"
cholesterol,18,C24,"C,C"
cholesterol,19,C25,"C,C,C"
cholesterol,20,C27,C
cholesterol,21,C26,C
cholesterol,22,C21,C
cholesterol,23,C16,"C,C"
cholesterol,24,C15,"C,C"
cholesterol,25,C14,"C,C,C"
cholesterol,26,C8,"C,C,C"
cholesterol,27,C7,"C,C"
cholesterol,28,C6,"C,C,H"
cholesterol,29,HC1,C
cholesterol,30,C1,"C,C"
cholesterol,31,C2,"C,C"
efz,1,H30,C
efz,2,C21,"C,C,H"
efz,3,C18,"C,C,H"
efz,4,H29,C
efz,5,C15,"C,C,N"
efz,6,N7,"C,C,H"
efz,7,H28,N
efz,8,C19,"N,O,O"
efz,9,O6,C
efz,10,O5,"C,C"
efz,11,C11,"C,C,C,O"
efz,12,C16,"C,F,F,F"
efz,13,F2,C
efz,14,F3,C
efz,15,F4,C
efz,16,C13,"C,C,C"
efz,17,C17,"C,C,H"
efz,18,H27,C
efz,19,C20,"C,C,Cl"
efz,20,CL1,C
efz,21,C14,"C,C"
efz,22,C12,"C,C"
efz,23,C8,"C,C,C,H"
efz,24,H22,C
efz,25,C9,"C,C,H,H"
efz,26,H23,C
efz,27,H24,C
efz,28,C10,"C,C,H,H"
efz,29,H25,C
efz,30,H26,C
