,0
avg_bond_len_A,0.15584446605972258
C_count,0.09827526684546153
avg_angle_deg,0.09664667030365937
coordination,0.07048295095151079
mass,0.06107767026028545
element__C,0.04592046292359771
H_count,0.04356134246880827
element__O,0.04184664441652898
is_planar,0.032118837865010436
O_count,0.03155210998340591
element__H,0.029313659594865444
N_count,0.026498215372995324
element__N,0.021685367689270933
tripos_type__H,0.011309326715296589
tripos_type__H7,0.008383822917350474
tripos_type__O1,0.007927981100280191
tripos_type__C,0.007535819281464146
tripos_type__H8,0.007478034255524347
tripos_type__C1,0.007425505019212028
element__F,0.007170451592228718
