mass,coordination,neighbor_config,n_dihedrals,is_planar,avg_bond_len_A,avg_angle_deg,C_count,H_count,O_count,N_count,neighbor2_config,n_electroneg_neighbors,n_electroneg_neighbors2,bonds_single,bonds_double,bonds_aromatic,is_in_ring,ring_size,is_aromatic,formal_charge,degree_of_unsat,gasteiger_charge,tripos_type__C.2,tripos_type__Cl,tripos_type__H,tripos_type__N.2,tripos_type__N.3,tripos_type__S.2,element__C,element__Cl,element__H,element__N,element__S,atomtype_encoded,atomtype_label,charge
-0.9738085773610946,-1.0246950765959597,-0.5753962348488352,-0.7897835775401081,0,0.40824829046476946,-1.0488088481691404,-0.18463723646899904,-0.6620847108818944,0.0,-0.6620847108818944,1.1235833739958685,-0.6509445549041193,-0.8571946154145232,-0.34836650714580897,-0.4850712500726659,-0.6324555320336758,0,-0.6324555320336758,0,0.0,-0.8781140799175229,0.45938335553733145,0.0,0.0,1.0,0.0,0.0,0.0,0.0,0.0,1.0,0.0,0.0,3,HC,0.129
0.1949893412986803,1.0246950765959597,0.014920082752562767,0.9560538043906573,1,0.40824829046476946,0.9534631959937773,1.1078234188139948,1.0758876551830785,0.0,-0.6620847108818944,-0.40978726464489784,-0.6509445549041193,0.5275043787166296,-0.34836650714580897,-0.4850712500726659,1.5811388300841895,1,1.5811388300841895,1,0.0,1.4269353798659747,-0.31289963866771076,1.0,0.0,0.0,0.0,0.0,0.0,1.0,0.0,0.0,0.0,0.0,1,CAro,-0.053
0.1949893412986803,1.0246950765959597,0.014920082752562767,0.9560538043906573,1,0.40824829046476946,0.9534631959937773,1.1078234188139948,1.0758876551830785,0.0,-0.6620847108818944,-1.4300909215351416,-0.6509445549041193,-0.8571946154145232,-0.34836650714580897,-0.4850712500726659,1.5811388300841895,1,1.5811388300841895,1,0.0,1.4269353798659747,-0.4327159362359209,1.0,0.0,0.0,0.0,0.0,0.0,1.0,0.0,0.0,0.0,0.0,1,CAro,-0.142
-0.9738085773610946,-1.0246950765959597,-0.5753962348488352,-0.7897835775401081,0,-2.449489742782271,-1.0488088481691404,-0.18463723646899904,-0.6620847108818944,0.0,-0.6620847108818944,1.1235833739958685,-0.6509445549041193,-0.8571946154145232,-0.34836650714580897,-0.4850712500726659,-0.6324555320336758,0,-0.6324555320336758,0,0.0,-0.8781140799175229,0.44861132998573633,0.0,0.0,1.0,0.0,0.0,0.0,0.0,0.0,1.0,0.0,0.0,3,HC,0.154
0.1949893412986803,1.0246950765959597,0.014920082752562767,1.3925131498733487,1,0.40824829046476946,0.9534631959937773,1.1078234188139948,1.0758876551830785,0.0,-0.6620847108818944,-0.4039569580340964,-0.6509445549041193,-0.8571946154145232,-0.34836650714580897,-0.4850712500726659,1.5811388300841895,1,1.5811388300841895,1,0.0,1.4269353798659747,-0.38330277694213083,1.0,0.0,0.0,0.0,0.0,0.0,1.0,0.0,0.0,0.0,0.0,1,CAro,-0.143
-0.9738085773610946,-1.0246950765959597,-0.5753962348488352,-0.7897835775401081,0,-2.449489742782271,-1.0488088481691404,-0.18463723646899904,-0.6620847108818944,0.0,-0.6620847108818944,1.1235833739958685,-0.6509445549041193,-0.8571946154145232,-0.34836650714580897,-0.4850712500726659,-0.6324555320336758,0,-0.6324555320336758,0,0.0,-0.8781140799175229,0.4530511027080705,0.0,0.0,1.0,0.0,0.0,0.0,0.0,0.0,1.0,0.0,0.0,3,HC,0.134
0.1949893412986803,1.0246950765959597,-0.7842773933847144,2.0472021680973858,1,0.40824829046476946,0.9534631959937773,2.4002840740969886,-0.6620847108818944,0.0,-0.6620847108818944,0.22863130923785466,-0.6509445549041193,0.5275043787166296,-0.34836650714580897,-0.4850712500726659,1.5811388300841895,1,1.5811388300841895,1,0.0,1.4269353798659747,-0.02911397153089775,1.0,0.0,0.0,0.0,0.0,0.0,1.0,0.0,0.0,0.0,0.0,1,CAro,0.039
0.1949893412986803,1.0246950765959597,0.014920082752562767,1.3925131498733487,1,0.40824829046476946,0.9534631959937773,1.1078234188139948,1.0758876551830785,0.0,-0.6620847108818944,-1.5904243533321798,-0.6509445549041193,0.5275043787166296,-0.34836650714580897,-0.4850712500726659,1.5811388300841895,1,1.5811388300841895,1,0.0,1.4269353798659747,-0.24926769347548908,1.0,0.0,0.0,0.0,0.0,0.0,1.0,0.0,0.0,0.0,0.0,1,CAro,-0.018
-0.9738085773610946,-1.0246950765959597,-0.5753962348488352,-0.7897835775401081,0,0.40824829046476946,-1.0488088481691404,-0.18463723646899904,-0.6620847108818944,0.0,-0.6620847108818944,1.1235833739958685,-0.6509445549041193,-0.8571946154145232,-0.34836650714580897,-0.4850712500726659,-0.6324555320336758,0,-0.6324555320336758,0,0.0,-0.8781140799175229,0.4643700046403745,0.0,0.0,1.0,0.0,0.0,0.0,0.0,0.0,1.0,0.0,0.0,3,HC,0.091
0.1949893412986803,1.0246950765959597,-1.6152611327774515,0.9560538043906573,1,0.40824829046476946,0.9534631959937773,1.1078234188139948,-0.6620847108818944,0.0,-0.6620847108818944,-1.4300909215351416,0.7160390103945313,-0.8571946154145232,-0.34836650714580897,-0.4850712500726659,1.5811388300841895,1,1.5811388300841895,1,0.0,1.4269353798659747,0.29647895576274075,1.0,0.0,0.0,0.0,0.0,0.0,1.0,0.0,0.0,0.0,0.0,1,CAro,-0.022
2.6848061563006316,-1.0246950765959597,-0.5753962348488352,-0.7897835775401081,0,0.40824829046476946,-1.0488088481691404,-0.18463723646899904,-0.6620847108818944,0.0,-0.6620847108818944,1.1235833739958685,-0.6509445549041193,-0.8571946154145232,-0.34836650714580897,-0.4850712500726659,-0.6324555320336758,0,-0.6324555320336758,0,0.0,-0.8781140799175229,-0.6067521486546784,0.0,1.0,0.0,0.0,0.0,0.0,0.0,1.0,0.0,0.0,0.0,2,CLAro,-0.119
0.1949893412986803,1.0246950765959597,1.5270380347622974,0.9560538043906573,1,0.40824829046476946,0.9534631959937773,-0.18463723646899904,1.0758876551830785,0.0,1.0758876551830785,0.08870395057862124,0.7160390103945313,0.5275043787166296,1.1147728228665883,2.06155281280883,-0.6324555320336758,0,-0.6324555320336758,0,0.0,0.27441064997422593,0.3925780881886279,1.0,0.0,0.0,0.0,0.0,0.0,1.0,0.0,0.0,0.0,0.0,0,C,-0.001
-0.9738085773610946,-1.0246950765959597,-0.5753962348488352,-1.0080132502814538,0,0.40824829046476946,-1.0488088481691404,-0.18463723646899904,-0.6620847108818944,0.0,-0.6620847108818944,-0.8732966402036085,-0.6509445549041193,0.5275043787166296,-0.34836650714580897,-0.4850712500726659,-0.6324555320336758,0,-0.6324555320336758,0,0.0,-0.8781140799175229,0.6227914572415225,0.0,0.0,1.0,0.0,0.0,0.0,0.0,0.0,1.0,0.0,0.0,3,HC,0.158
0.4070152111200846,0.0,2.0719454048558954,0.08313511342527463,1,0.40824829046476946,0.95345652175363,-0.18463723646899904,-0.6620847108818944,0.0,1.0758876551830785,-1.4300909215351416,0.7160390103945313,-0.8571946154145232,-0.34836650714580897,2.06155281280883,-0.6324555320336758,0,-0.6324555320336758,0,0.0,0.27441064997422593,-1.3037820745774347,0.0,0.0,0.0,1.0,0.0,0.0,0.0,0.0,0.0,1.0,0.0,5,NOpt,-0.256
0.4070152111200846,1.0246950765959597,-2.0875141868585696,0.519594458907966,1,0.40824829046476946,0.9534631959937773,-0.18463723646899904,1.0758876551830785,0.0,1.0758876551830785,0.3248313683160776,0.7160390103945313,1.9122033728477825,2.5779121528789855,-0.4850712500726659,-0.6324555320336758,0,-0.6324555320336758,0,0.0,-0.8781140799175229,-1.8279846727124744,0.0,0.0,0.0,0.0,1.0,0.0,0.0,0.0,0.0,1.0,0.0,5,NOpt,0.113
-0.9738085773610946,-1.0246950765959597,1.113816612441319,-1.0080132502814538,0,0.40824829046476946,-1.0488088481691404,-1.4770978917519928,-0.6620847108818944,0.0,1.0758876551830785,-0.8732966402036085,0.7160390103945313,0.5275043787166296,-0.34836650714580897,-0.4850712500726659,-0.6324555320336758,0,-0.6324555320336758,0,0.0,-0.8781140799175229,1.385770357232662,0.0,0.0,1.0,0.0,0.0,0.0,0.0,0.0,1.0,0.0,0.0,4,HS14,0.193
0.1949893412986803,1.0246950765959597,0.8958536644038796,0.3013647861666203,1,0.40824829046476946,0.9534631959937773,-1.4770978917519928,-0.6620847108818944,0.0,2.8138600212480513,0.7708498240423842,3.450006140991832,0.5275043787166296,1.1147728228665883,2.06155281280883,-0.6324555320336758,0,-0.6324555320336758,0,0.0,0.27441064997422593,1.3225917437770804,1.0,0.0,0.0,0.0,0.0,0.0,1.0,0.0,0.0,0.0,0.0,0,C,0.075
2.324702098838427,-1.0246950765959597,-0.3528923920606159,-0.7897835775401081,1,0.40824829046476946,-1.0488088481691404,-0.18463723646899904,-0.6620847108818944,0.0,-0.6620847108818944,-0.975327005892633,-0.6509445549041193,1.9122033728477825,-1.8115058371582062,2.06155281280883,-0.6324555320336758,0,-0.6324555320336758,0,0.0,0.27441064997422593,-0.2844692626126991,0.0,0.0,0.0,0.0,0.0,1.0,0.0,0.0,0.0,0.0,1.0,7,SDmso,-0.539
0.4070152111200846,1.0246950765959597,0.3963552418180814,-0.35332423205741675,1,0.40824829046476946,0.9534631959937773,-0.18463723646899904,2.8138600212480513,0.0,-0.6620847108818944,0.18490400965684423,-0.6509445549041193,1.9122033728477825,2.5779121528789855,-0.4850712500726659,-0.6324555320336758,0,-0.6324555320336758,0,0.0,-0.8781140799175229,-2.6976548371348104,0.0,0.0,0.0,0.0,1.0,0.0,0.0,0.0,0.0,1.0,0.0,6,NPri,-0.455
-0.9738085773610946,-1.0246950765959597,1.113816612441319,-1.2262429230227994,0,0.40824829046476946,-1.0488088481691404,-1.4770978917519928,-0.6620847108818944,0.0,1.0758876551830785,1.1002621475526628,0.7160390103945313,-0.8571946154145232,-0.34836650714580897,-0.4850712500726659,-0.6324555320336758,0,-0.6324555320336758,0,0.0,-0.8781140799175229,1.14115830873505,0.0,0.0,1.0,0.0,0.0,0.0,0.0,0.0,1.0,0.0,0.0,4,HS14,0.331
-0.9738085773610946,-1.0246950765959597,1.113816612441319,-1.2262429230227994,0,-2.449489742782271,-1.0488088481691404,-1.4770978917519928,-0.6620847108818944,0.0,1.0758876551830785,1.1002621475526628,0.7160390103945313,-0.8571946154145232,-0.34836650714580897,-0.4850712500726659,-0.6324555320336758,0,-0.6324555320336758,0,0.0,-0.8781140799175229,1.14115830873505,0.0,0.0,1.0,0.0,0.0,0.0,0.0,0.0,1.0,0.0,0.0,4,HS14,0.331
