element,mass,coordination,neighbor_config,n_dihedrals,is_planar,avg_bond_len_A,C_count,H_count,O_count,N_count,real,predicho,nombre_real,nombre_predicho,correcto
0,12.011,2,1,0,0,1.335,2,0,0,0,0,4,C,CH3,False
3,1.008,1,26,1,0,0.971,0,0,1,0,8,10,H,HS14,False
5,15.9994,1,0,2,0,1.21,1,0,0,0,17,15,OE,O,False
3,1.008,1,26,1,0,0.971,0,0,1,0,8,10,H,HS14,False
3,1.008,1,26,1,0,0.971,0,0,1,0,8,10,H,HS14,False
0,12.011,3,24,6,1,1.47,0,0,0,2,0,12,C,NOpt,False
3,1.008,1,26,1,0,0.971,0,0,1,0,8,10,H,HS14,False
3,1.008,1,26,1,0,0.971,0,0,1,0,8,10,H,HS14,False
3,1.008,1,26,1,0,0.971,0,0,1,0,8,10,H,HS14,False
5,15.9994,2,14,2,1,1.176,1,1,0,0,15,16,O,OA,False
3,1.008,1,26,1,0,0.972,0,0,1,0,8,10,H,HS14,False
3,1.008,1,26,1,0,0.971,0,0,1,0,8,10,H,HS14,False
3,1.008,1,23,2,0,1.0,0,0,0,1,10,8,HS14,H,False
3,1.008,1,26,1,0,0.971,0,0,1,0,8,10,H,HS14,False
