molecule,element,mass,coordination,neighbor_config,n_dihedrals,is_planar,avg_bond_len_A,avg_angle_deg
mol1,C,12.011,4,C-H-H-H,3,0,1.212432033370907,109.44604219570603
mol1,C,12.011,4,C-H-H-O,4,0,1.2765824011454994,109.43159508288142
mol1,O,15.999,2,C-H,3,0,1.1771510142045927,115.65780538240186
mol1,H,1.008,1,C,3,0,1.1115006683517887,
mol1,H,1.008,1,C,3,0,1.1129417034407338,
mol1,H,1.008,1,C,3,0,1.119434415531957,
mol1,H,1.008,1,C,3,0,1.103657981480373,
mol1,H,1.008,1,C,3,0,1.1187191390452118,
mol1,H,1.008,1,O,1,0,0.9762008905119218,
mol2,C,12.011,3,C-C-H,4,1,1.2936590342574386,119.99999999968777
mol2,C,12.011,3,C-C-H,4,1,1.2848307827740142,119.99999999943525
mol2,C,12.011,3,C-C-H,4,1,1.2921138660764624,119.99999999831194
mol2,C,12.011,3,C-C-H,4,1,1.277443403946117,119.99999999857918
mol2,C,12.011,3,C-C-H,4,1,1.2781419701195824,119.99999999957657
mol2,C,12.011,3,C-C-H,4,1,1.2952232084874131,119.99999999999994
mol2,H,1.008,1,C,2,0,1.0980976207637019,
mol2,H,1.008,1,C,2,0,1.0879483629312168,
mol2,H,1.008,1,C,2,0,1.0976459124882878,
mol2,H,1.008,1,C,2,0,1.0642906943468766,
mol2,H,1.008,1,C,2,0,1.0756890155105556,
mol2,H,1.008,1,C,2,0,1.099941065746636,
mol3,C,12.011,4,C-H-H-H,3,0,1.2180739788219797,109.46914410924886
mol3,C,12.011,4,C-H-H-N,5,0,1.292127276408384,109.45433844033967
mol3,N,14.007,3,C-H-H,3,0,1.1574448933066748,117.16077270707753
mol3,H,1.008,1,C,3,0,1.1166244567680097,
mol3,H,1.008,1,C,3,0,1.1184068021109588,
mol3,H,1.008,1,C,3,0,1.1175981849558627,
mol3,H,1.008,1,C,3,0,1.116185929005111,
mol3,H,1.008,1,C,3,0,1.1118011171083348,
mol3,H,1.008,1,N,2,0,1.0246912011010716,
mol3,H,1.008,1,N,2,0,1.0267878907519499,
