molecule,element,mass,coordination,neighbor_config,avg_bond_len,avg_angle,is_planar,target_atom_type,target_charge,source
FFX9,H,1.008,1,O,0.0971,,0,H,0.198,tutora
FFX9,O,15.9994,2,C-H,0.12,109.5,0,O,-0.33,tutora
FFX9,C,12.011,4,C-C-HC-O,0.1402,110.02,0,C,0.034,tutora
FFX9,HC,1.008,1,C,0.113,,0,HC,0.075,tutora
FFX9,C,14.027,2,C-C,0.151,111.0,1,CH2,0.078,tutora
FFX9,C,12.011,3,C-C-C,0.1447,122.0,1,C,-0.102,tutora
FFX9,C,12.011,4,C-C-C-C,0.1527,110.0,1,C,-0.004,tutora
FFX9,C,15.035,1,C,0.153,,0,CH3,0.029,tutora
FFX9,C,13.019,3,C-C-C,0.153,111.0,0,CH1,-0.001,tutora
FFX9,C,14.027,2,C-C,0.152,111.0,0,CH2,0.006,tutora
FFX9,C,14.027,2,C-C,0.152,111.0,0,CH2,0.017,tutora
FFX9,C,12.011,4,C-C-C-C,0.153,110.33,1,C,-0.044,tutora
FFX9,C,15.035,1,C,0.152,,0,CH3,0.024,tutora
FFX9,C,13.019,3,C-C-C,0.1533,111.67,1,CH1,-0.007,tutora
FFX9,C,13.019,3,C-C-C,0.1523,110.0,0,CH1,-0.006,tutora
FFX9,C,14.027,2,C-C,0.1525,111.0,0,CH2,0.004,tutora
FFX9,C,14.027,2,C-C,0.152,111.0,0,CH2,-0.0,tutora
FFX9,C,14.027,2,C-C,0.1525,111.0,1,CH2,0.004,tutora
FFX9,C,13.019,3,C-C-C,0.1523,110.5,0,CH1,-0.021,tutora
FFX9,C,15.035,1,C,0.152,,0,CH3,0.008,tutora
FFX9,C,15.035,1,C,0.152,,0,CH3,0.009,tutora
FFX9,C,15.035,1,C,0.152,,0,CH3,0.01,tutora
FFX9,C,14.027,2,C-C,0.1535,109.5,0,CH2,0.005,tutora
FFX9,C,14.027,2,C-C,0.1525,104.0,0,CH2,0.009,tutora
FFX9,C,13.019,3,C-C-C,0.1527,111.67,0,CH1,-0.019,tutora
FFX9,C,13.019,3,C-C-C,0.1523,109.5,0,CH1,0.012,tutora
FFX9,C,14.027,2,C-C,0.15,111.0,1,CH2,0.051,tutora
FFX9,C,12.011,3,C-C-HC,0.1307,120.33,0,C,-0.162,tutora
FFX9,HC,1.008,1,C,0.11,,0,HC,0.121,tutora
FFX9,C,14.027,2,C-C,0.1525,111.0,0,CH2,0.022,tutora
FFX9,C,14.027,2,C-C,0.152,111.0,0,CH2,-0.02,tutora
ES3X,O,15.9994,1,N,0.123,,0,OM,-0.446,tutora
ES3X,N,14.0067,3,C-O-O,0.131,121.33,0,NT,0.713,tutora
ES3X,O,15.9994,1,N,0.123,,0,OM,-0.446,tutora
ES3X,C,12.011,3,C-C-N,0.1417,122.0,1,C,0.074,tutora
ES3X,C,12.011,3,C-C-H,0.129,120.0,1,C,-0.263,tutora
ES3X,H,1.008,1,C,0.109,,0,HC,0.189,tutora
ES3X,C,12.011,3,C-C-H,0.129,120.0,1,C,-0.029,tutora
ES3X,H,1.008,1,C,0.109,,0,HC,0.149,tutora
ES3X,C,12.011,3,C-C-H,0.1293,120.0,0,C,-0.304,tutora
ES3X,H,1.008,1,C,0.109,,0,HC,0.184,tutora
ES3X,C,12.011,3,C-C-O,0.1383,119.33,0,C,0.416,tutora
ES3X,O,15.9994,2,C-H,0.1166,109.5,0,OA,-0.578,tutora
ES3X,H,1.008,1,O,0.0972,,0,HS14,0.45,tutora
ES3X,C,12.011,3,C-C-H,0.129,120.0,1,C,-0.319,tutora
ES3X,H,1.008,1,C,0.109,,0,HC,0.21,tutora
G280,H,1.008,1,O,0.0984,,0,HS14,0.51,tutora
G280,O,15.9994,2,C-H,0.1162,109.5,0,OA,-0.567,tutora
G280,C,12.011,3,C-C-O,0.1387,121.0,1,C,0.379,tutora
G280,C,12.011,3,C-C-N,0.1418,120.0,1,C,-0.12,tutora
G280,N,14.0067,3,C-O-O,0.1298,119.0,0,NT,0.599,tutora
G280,O,15.9994,1,N,0.123,,0,OM,-0.429,tutora
G280,O,15.9994,1,N,0.123,,0,OM,-0.429,tutora
G280,C,12.011,3,C-C-H,0.1293,120.0,1,C,-0.245,tutora
G280,H,1.008,1,C,0.109,,0,HC,0.178,tutora
G280,C,12.011,3,C-C-H,0.1293,120.0,1,C,-0.06,tutora
G280,H,1.008,1,C,0.109,,0,HC,0.146,tutora
G280,C,12.011,3,C-C-H,0.1293,120.0,1,C,-0.153,tutora
G280,H,1.008,1,C,0.109,,0,HC,0.149,tutora
G280,C,12.011,3,C-C-H,0.1293,120.0,0,C,-0.109,tutora
G280,H,1.008,1,C,0.109,,0,HC,0.151,tutora
9WTE,H,1.008,1,O,0.0972,,0,H,0.448,tutora
9WTE,O,15.9994,2,C-H,0.1176,109.5,1,O,-0.608,tutora
9WTE,C,12.011,3,C-C-O,0.1387,118.0,1,C,0.403,tutora
9WTE,C,12.011,3,C-C-H,0.129,120.0,1,C,-0.319,tutora
9WTE,H,1.008,1,C,0.109,,0,HC,0.171,tutora
9WTE,C,12.011,3,C-C-H,0.129,120.0,1,C,-0.126,tutora
9WTE,H,1.008,1,C,0.109,,0,HC,0.131,tutora
9WTE,C,12.011,3,C-C-C,0.144,120.0,1,C,-0.065,tutora
9WTE,C,12.011,3,C-C-H,0.129,120.0,0,C,-0.126,tutora
9WTE,H,1.008,1,C,0.109,,0,HC,0.131,tutora
9WTE,C,12.011,3,C-C-H,0.129,120.0,0,C,-0.319,tutora
9WTE,H,1.008,1,C,0.109,,0,HC,0.171,tutora
9WTE,C,12.011,4,C-C-C-C,0.154,110.5,1,C,0.446,tutora
9WTE,C,12.011,4,C-H-H-H,0.1202,108.55,0,C,-0.397,tutora
9WTE,H,1.008,1,C,0.109,,0,HC,0.094,tutora
9WTE,H,1.008,1,C,0.109,,0,HC,0.094,tutora
9WTE,H,1.008,1,C,0.109,,0,HC,0.094,tutora
9WTE,C,12.011,4,C-H-H-H,0.1202,108.55,0,C,-0.397,tutora
9WTE,H,1.008,1,C,0.109,,0,HC,0.094,tutora
9WTE,H,1.008,1,C,0.109,,0,HC,0.094,tutora
9WTE,H,1.008,1,C,0.109,,0,HC,0.094,tutora
9WTE,C,12.011,3,C-C-C,0.144,120.0,1,C,-0.065,tutora
9WTE,C,12.011,3,C-C-H,0.129,120.0,1,C,-0.126,tutora
9WTE,H,1.008,1,C,0.109,,0,HC,0.131,tutora
9WTE,C,12.011,3,C-C-H,0.129,120.0,1,C,-0.319,tutora
9WTE,H,1.008,1,C,0.109,,0,HC,0.171,tutora
9WTE,C,12.011,3,C-C-O,0.1387,118.0,1,C,0.403,tutora
9WTE,O,15.9994,2,C-H,0.1176,109.5,0,O,-0.608,tutora
9WTE,H,1.008,1,O,0.0972,,0,H,0.448,tutora
9WTE,C,12.011,3,C-C-H,0.129,120.0,0,C,-0.319,tutora
9WTE,H,1.008,1,C,0.109,,0,HC,0.171,tutora
9WTE,C,12.011,3,C-C-H,0.129,120.0,0,C,-0.126,tutora
9WTE,H,1.008,1,C,0.109,,0,HC,0.131,tutora
EFZ,H,1.008,1,C,0.109,,1,HC,0.142,tutora
EFZ,C,12.011,3,C-C-H,0.129,120.0,1,C,-0.022,tutora
EFZ,C,12.011,3,C-C-H,0.129,120.0,1,C,-0.32,tutora
EFZ,H,1.008,1,C,0.109,,0,HC,0.212,tutora
EFZ,C,12.011,3,C-C-N,0.1397,120.0,1,C,0.27,tutora
EFZ,N,14.0067,3,C-C-H,0.1257,119.67,1,N,-0.575,tutora
EFZ,H,1.008,1,N,0.101,,0,H,0.383,tutora
EFZ,C,12.011,3,N-O-O,0.131,122.33,0,C,0.82,tutora
EFZ,O,15.9994,1,C,0.121,,0,OE,-0.591,tutora
EFZ,O,15.9994,2,C-C,0.141,124.0,0,OE,-0.37,tutora
EFZ,C,12.011,4,C-C-C-O,0.15,110.0,0,C,0.04,tutora
EFZ,C,12.011,4,C-F-F-F,0.1403,109.0,0,C,0.367,tutora
EFZ,F,18.9984,1,C,0.135,,0,F,-0.129,tutora
EFZ,F,18.9984,1,C,0.135,,0,F,-0.129,tutora
EFZ,F,18.9984,1,C,0.135,,0,F,-0.129,tutora
EFZ,C,12.011,3,C-C-C,0.1437,120.0,1,C,0.119,tutora
EFZ,C,12.011,3,C-C-H,0.129,120.0,0,C,-0.195,tutora
EFZ,H,1.008,1,C,0.109,,0,HC,0.198,tutora
EFZ,C,12.011,3,C-C-CL,0.1513,120.0,0,C,-0.022,tutora
EFZ,CL,35.453,1,C,0.176,,0,CL,-0.11,tutora
EFZ,C,12.011,2,C-C,0.1335,180.0,0,C,-0.05,tutora
EFZ,C,12.011,2,C-C,0.1322,180.0,0,C,-0.104,tutora
EFZ,C,12.011,4,C-C-C-H,0.1394,109.17,0,C,-0.023,tutora
EFZ,H,1.008,1,C,0.109,,0,HC,0.156,tutora
EFZ,C,12.011,4,C-C-H-H,0.1303,109.33,0,C,-0.273,tutora
EFZ,H,1.008,1,C,0.109,,0,HC,0.149,tutora
EFZ,H,1.008,1,C,0.109,,0,HC,0.15,tutora
EFZ,C,12.011,4,C-C-H-H,0.13,109.33,0,C,-0.256,tutora
EFZ,H,1.008,1,C,0.109,,0,HC,0.15,tutora
EFZ,H,1.008,1,C,0.109,,0,HC,0.142,tutora
NPO,O,15.9994,1,N,0.123,,0,OM,-0.44,tutora
NPO,N,14.0067,3,C-O-O,0.1303,119.47,0,NT,0.644,tutora
NPO,O,15.9994,1,N,0.123,,0,OM,-0.44,tutora
NPO,C,12.011,3,C-C-N,0.141,120.0,1,C,0.022,tutora
NPO,C,12.011,3,C-C-H,0.129,120.0,0,C,-0.129,tutora
NPO,H,1.008,1,C,0.109,,0,HC,0.163,tutora
NPO,C,12.011,3,C-C-H,0.1293,120.0,0,C,-0.259,tutora
NPO,H,1.008,1,C,0.109,,0,HC,0.178,tutora
NPO,C,12.011,3,C-C-OH,0.1387,118.0,1,C,0.422,tutora
NPO,OH,15.9994,2,C-H,0.1166,109.5,0,OA,-0.576,tutora
NPO,H,1.008,1,OH,0.0972,,0,HS14,0.462,tutora
NPO,C,12.011,3,C-C-H,0.1293,120.0,1,C,-0.259,tutora
NPO,H,1.008,1,C,0.109,,0,HC,0.178,tutora
NPO,C,12.011,3,C-C-H,0.129,120.0,1,C,-0.129,tutora
NPO,H,1.008,1,C,0.109,,0,HC,0.163,tutora
ZUVU,H,1.008,1,N,0.1,,1,HS14,0.331,tutora
ZUVU,N,14.0067,3,C-H-H,0.1113,120.0,1,NPri,-0.455,tutora
ZUVU,H,1.008,1,N,0.1,,0,HS14,0.331,tutora
ZUVU,C,12.011,3,N-N-S,0.147,121.0,1,C,0.075,tutora
ZUVU,S,32.06,1,C,0.171,,0,SDmso,-0.539,tutora
ZUVU,N,14.0067,3,C-H-N,0.1247,118.67,0,NOpt,0.113,tutora
ZUVU,H,1.008,1,N,0.102,,0,HS14,0.193,tutora
ZUVU,N,14.0067,2,C-N,0.132,119.0,1,NOpt,-0.256,tutora
ZUVU,C,12.011,3,C-H-N,0.128,120.0,1,C,-0.001,tutora
ZUVU,H,1.008,1,C,0.109,,0,HC,0.158,tutora
ZUVU,C,12.011,3,C-C-C,0.1423,120.0,1,CAro,0.039,tutora
ZUVU,C,12.011,3,C-C-H,0.1293,120.0,1,CAro,-0.143,tutora
ZUVU,H,1.008,1,C,0.109,,0,HC,0.134,tutora
ZUVU,C,12.011,3,C-C-H,0.129,120.0,1,CAro,-0.142,tutora
ZUVU,H,1.008,1,C,0.109,,0,HC,0.154,tutora
ZUVU,C,12.011,3,C-C-H,0.129,120.0,1,CAro,-0.053,tutora
ZUVU,H,1.008,1,C,0.109,,0,HC,0.129,tutora
ZUVU,C,12.011,3,C-C-Cl,0.1513,120.0,0,CAro,-0.022,tutora
ZUVU,Cl,35.453,1,C,0.176,,0,CLAro,-0.119,tutora
ZUVU,C,12.011,3,C-C-H,0.1293,120.0,0,CAro,-0.018,tutora
ZUVU,H,1.008,1,C,0.109,,0,HC,0.091,tutora
B5XE,H,1.008,1,C,0.112,,0,HC,0.11,tutora
B5XE,C,12.011,4,C-H-H-H,0.1217,108.77,1,C,-0.24,tutora
B5XE,H,1.008,1,C,0.112,,0,HC,0.11,tutora
B5XE,H,1.008,1,C,0.112,,0,HC,0.11,tutora
B5XE,C,12.011,3,C-N-O,0.138,120.0,0,C,0.29,tutora
B5XE,O,15.9994,1,C,0.125,,0,O,-0.38,tutora
B5XE,N,14.0067,3,C-C-H,0.1267,120.33,0,N,-0.379,tutora
B5XE,H,1.008,1,N,0.0985,,0,H,0.268,tutora
B5XE,C,12.011,4,C-C-H-N,0.1416,109.92,1,C,-0.018,tutora
B5XE,H,1.008,1,C,0.113,,0,HC,0.143,tutora
B5XE,C,12.011,4,C-H-O-O,0.1385,109.48,0,C,0.144,tutora
B5XE,H,1.008,1,C,0.113,,0,HC,0.11,tutora
B5XE,O,15.9994,2,C-C,0.1425,109.5,0,OE,-0.268,tutora
B5XE,O,15.9994,2,C-C,0.143,109.5,0,OE,-0.316,tutora
B5XE,C,12.011,4,C-C-H-O,0.1402,109.87,0,C,0.005,tutora
B5XE,H,1.008,1,C,0.112,,0,HC,0.101,tutora
B5XE,C,12.011,4,C-H-H-O,0.1295,109.27,0,C,-0.011,tutora
B5XE,H,1.008,1,C,0.112,,0,HC,0.077,tutora
B5XE,H,1.008,1,C,0.112,,0,HC,0.133,tutora
B5XE,O,15.9994,2,C-H,0.119,109.5,0,OA,-0.32,tutora
B5XE,H,1.008,1,O,0.0971,,0,H,0.331,tutora
B5XE,C,12.011,4,C-C-H-O,0.1402,109.67,0,C,-0.023,tutora
B5XE,H,1.008,1,C,0.113,,0,HC,0.108,tutora
B5XE,O,15.9994,2,C-H,0.1195,109.5,0,OA,-0.323,tutora
B5XE,H,1.008,1,O,0.0971,,0,H,0.225,tutora
B5XE,C,12.011,4,C-C-H-O,0.1402,109.13,0,C,-0.025,tutora
B5XE,H,1.008,1,C,0.113,,0,HC,0.123,tutora
B5XE,O,15.9994,2,C-H,0.119,109.5,0,OA,-0.327,tutora
B5XE,H,1.008,1,O,0.0971,,0,H,0.242,tutora
B5XE,C,12.011,4,C-C-H-O,0.1402,109.98,0,C,-0.029,tutora
B5XE,H,1.008,1,C,0.112,,0,HC,0.137,tutora
B5XE,C,12.011,4,C-C-H-O,0.1402,109.98,0,C,-0.014,tutora
B5XE,H,1.008,1,C,0.112,,0,HC,0.104,tutora
B5XE,O,15.9994,2,C-C,0.143,109.5,0,OE,-0.32,tutora
B5XE,C,12.011,4,C-H-H-O,0.1295,109.37,0,C,-0.015,tutora
B5XE,H,1.008,1,C,0.112,,0,HC,0.094,tutora
B5XE,H,1.008,1,C,0.112,,0,HC,0.105,tutora
B5XE,O,15.9994,2,C-H,0.119,109.5,0,OA,-0.332,tutora
B5XE,H,1.008,1,O,0.0971,,0,H,0.27,tutora
B5XE,C,12.011,4,C-C-H-O,0.1407,109.92,0,C,0.009,tutora
B5XE,H,1.008,1,C,0.113,,0,HC,0.087,tutora
B5XE,O,15.9994,2,C-H,0.119,109.5,0,OA,-0.323,tutora
B5XE,H,1.008,1,O,0.0971,,0,H,0.227,tutora
B5XE,C,12.011,4,C-C-H-N,0.1421,110.17,1,C,0.012,tutora
B5XE,H,1.008,1,C,0.113,,0,HC,0.162,tutora
B5XE,N,14.0067,3,C-C-H,0.1275,119.33,0,N,-0.37,tutora
B5XE,H,1.008,1,N,0.1,,0,H,0.203,tutora
B5XE,C,12.011,4,C-H-O-O,0.1382,109.63,0,C,0.133,tutora
B5XE,H,1.008,1,C,0.113,,0,HC,0.11,tutora
B5XE,O,15.9994,2,C-C,0.142,109.5,0,OE,-0.25,tutora
B5XE,C,12.011,4,C-C-H-O,0.1402,109.98,0,C,-0.031,tutora
B5XE,H,1.008,1,C,0.112,,0,HC,0.131,tutora
B5XE,C,12.011,4,C-C-H-O,0.1402,109.98,0,C,-0.014,tutora
B5XE,H,1.008,1,C,0.112,,0,HC,0.109,tutora
B5XE,O,15.9994,2,C-C,0.143,109.5,0,OE,-0.322,tutora
B5XE,C,12.011,4,C-H-H-O,0.1295,109.37,0,C,-0.019,tutora
B5XE,H,1.008,1,C,0.112,,0,HC,0.092,tutora
B5XE,H,1.008,1,C,0.112,,0,HC,0.117,tutora
B5XE,O,15.9994,2,C-H,0.119,109.5,0,OA,-0.334,tutora
B5XE,H,1.008,1,O,0.0971,,0,H,0.271,tutora
B5XE,C,12.011,4,C-C-H-O,0.141,109.92,0,C,0.01,tutora
B5XE,H,1.008,1,C,0.113,,0,HC,0.092,tutora
B5XE,O,15.9994,2,C-H,0.1195,109.5,0,OA,-0.324,tutora
B5XE,H,1.008,1,O,0.0971,,0,H,0.222,tutora
B5XE,C,12.011,4,C-C-H-N,0.1421,109.5,1,C,0.011,tutora
B5XE,H,1.008,1,C,0.113,,0,HC,0.161,tutora
B5XE,N,14.0067,3,C-C-H,0.1275,119.33,0,N,-0.369,tutora
B5XE,H,1.008,1,N,0.1,,0,H,0.204,tutora
B5XE,C,12.011,4,C-H-O-O,0.1382,109.63,0,C,0.133,tutora
B5XE,H,1.008,1,C,0.113,,0,HC,0.111,tutora
B5XE,O,15.9994,2,C-C,0.142,109.5,0,OE,-0.251,tutora
B5XE,C,12.011,4,C-C-H-O,0.1402,109.98,0,C,-0.031,tutora
B5XE,H,1.008,1,C,0.112,,0,HC,0.132,tutora
B5XE,C,12.011,4,C-C-H-O,0.1402,109.98,0,C,-0.014,tutora
B5XE,H,1.008,1,C,0.112,,0,HC,0.108,tutora
B5XE,O,15.9994,2,C-C,0.143,109.5,0,OE,-0.322,tutora
B5XE,C,12.011,4,C-H-H-O,0.1295,109.37,0,C,-0.019,tutora
B5XE,H,1.008,1,C,0.112,,0,HC,0.091,tutora
B5XE,H,1.008,1,C,0.112,,0,HC,0.117,tutora
B5XE,O,15.9994,2,C-H,0.119,109.5,0,OA,-0.333,tutora
B5XE,H,1.008,1,O,0.0971,,0,H,0.271,tutora
B5XE,C,12.011,4,C-C-H-O,0.1407,109.92,0,C,0.01,tutora
B5XE,H,1.008,1,C,0.113,,0,HC,0.091,tutora
B5XE,O,15.9994,2,C-H,0.119,109.5,0,OA,-0.325,tutora
B5XE,H,1.008,1,O,0.0971,,0,H,0.224,tutora
B5XE,C,12.011,4,C-C-H-N,0.1421,109.5,1,C,0.011,tutora
B5XE,H,1.008,1,C,0.113,,0,HC,0.161,tutora
B5XE,N,14.0067,3,C-C-H,0.1275,119.33,0,N,-0.369,tutora
B5XE,H,1.008,1,N,0.1,,0,H,0.204,tutora
B5XE,C,12.011,4,C-H-O-O,0.1382,109.63,0,C,0.134,tutora
B5XE,H,1.008,1,C,0.113,,0,HC,0.11,tutora
B5XE,O,15.9994,2,C-C,0.142,109.5,0,OE,-0.251,tutora
B5XE,C,12.011,4,C-C-H-O,0.1402,109.98,0,C,-0.031,tutora
B5XE,H,1.008,1,C,0.112,,0,HC,0.132,tutora
B5XE,C,12.011,4,C-C-H-O,0.1402,109.98,0,C,-0.013,tutora
B5XE,H,1.008,1,C,0.112,,0,HC,0.108,tutora
B5XE,O,15.9994,2,C-C,0.143,109.5,0,OE,-0.323,tutora
B5XE,C,12.011,4,C-H-H-O,0.1295,109.37,0,C,-0.019,tutora
B5XE,H,1.008,1,C,0.112,,0,HC,0.091,tutora
B5XE,H,1.008,1,C,0.112,,0,HC,0.117,tutora
B5XE,O,15.9994,2,C-H,0.119,109.5,0,OA,-0.333,tutora
B5XE,H,1.008,1,O,0.0971,,0,H,0.271,tutora
B5XE,C,12.011,4,C-C-H-O,0.1407,109.83,0,C,0.01,tutora
B5XE,H,1.008,1,C,0.113,,0,HC,0.092,tutora
B5XE,O,15.9994,2,C-H,0.119,109.5,0,OA,-0.325,tutora
B5XE,H,1.008,1,O,0.0971,,0,H,0.223,tutora
B5XE,C,12.011,4,C-C-H-N,0.1421,109.5,1,C,0.011,tutora
B5XE,H,1.008,1,C,0.113,,0,HC,0.161,tutora
B5XE,N,14.0067,3,C-C-H,0.1275,119.33,0,N,-0.368,tutora
B5XE,H,1.008,1,N,0.1,,0,H,0.203,tutora
B5XE,C,12.011,4,C-H-O-O,0.1382,109.63,0,C,0.134,tutora
B5XE,H,1.008,1,C,0.113,,0,HC,0.11,tutora
B5XE,O,15.9994,2,C-C,0.142,109.5,0,OE,-0.251,tutora
B5XE,C,12.011,4,C-C-H-O,0.1402,109.98,0,C,-0.031,tutora
B5XE,H,1.008,1,C,0.112,,0,HC,0.132,tutora
B5XE,C,12.011,4,C-C-H-O,0.1402,109.98,0,C,-0.014,tutora
B5XE,H,1.008,1,C,0.112,,0,HC,0.108,tutora
B5XE,O,15.9994,2,C-C,0.143,109.5,0,OE,-0.323,tutora
B5XE,C,12.011,4,C-H-H-O,0.1295,109.37,0,C,-0.019,tutora
B5XE,H,1.008,1,C,0.112,,0,HC,0.091,tutora
B5XE,H,1.008,1,C,0.112,,0,HC,0.117,tutora
B5XE,O,15.9994,2,C-H,0.119,109.5,0,OA,-0.332,tutora
B5XE,H,1.008,1,O,0.0971,,0,H,0.271,tutora
B5XE,C,12.011,4,C-C-H-O,0.1407,109.83,0,C,0.01,tutora
B5XE,H,1.008,1,C,0.113,,0,HC,0.092,tutora
B5XE,O,15.9994,2,C-H,0.119,109.5,0,OA,-0.325,tutora
B5XE,H,1.008,1,O,0.0971,,0,H,0.223,tutora
B5XE,C,12.011,4,C-C-H-N,0.1421,109.5,1,C,0.011,tutora
B5XE,H,1.008,1,C,0.113,,0,HC,0.161,tutora
B5XE,N,14.0067,3,C-C-H,0.1275,119.33,0,N,-0.368,tutora
B5XE,H,1.008,1,N,0.1,,0,H,0.203,tutora
B5XE,C,12.011,4,C-H-O-O,0.1382,109.63,0,C,0.134,tutora
B5XE,H,1.008,1,C,0.113,,0,HC,0.11,tutora
B5XE,O,15.9994,2,C-C,0.142,109.5,0,OE,-0.251,tutora
B5XE,C,12.011,4,C-C-H-O,0.1402,109.98,0,C,-0.031,tutora
B5XE,H,1.008,1,C,0.112,,0,HC,0.132,tutora
B5XE,C,12.011,4,C-C-H-O,0.1402,109.98,0,C,-0.014,tutora
B5XE,H,1.008,1,C,0.112,,0,HC,0.108,tutora
B5XE,O,15.9994,2,C-C,0.143,109.5,0,OE,-0.323,tutora
B5XE,C,12.011,4,C-H-H-O,0.1295,109.37,0,C,-0.019,tutora
B5XE,H,1.008,1,C,0.112,,0,HC,0.091,tutora
B5XE,H,1.008,1,C,0.112,,0,HC,0.117,tutora
B5XE,O,15.9994,2,C-H,0.119,109.5,0,OA,-0.332,tutora
B5XE,H,1.008,1,O,0.0971,,0,H,0.271,tutora
B5XE,C,12.011,4,C-C-H-O,0.1407,109.83,0,C,0.01,tutora
B5XE,H,1.008,1,C,0.113,,0,HC,0.091,tutora
B5XE,O,15.9994,2,C-H,0.119,109.5,0,OA,-0.325,tutora
B5XE,H,1.008,1,O,0.0971,,0,H,0.224,tutora
B5XE,C,12.011,4,C-C-H-N,0.1421,109.5,1,C,0.011,tutora
B5XE,H,1.008,1,C,0.113,,0,HC,0.161,tutora
B5XE,N,14.0067,3,C-C-H,0.1275,119.33,0,N,-0.368,tutora
B5XE,H,1.008,1,N,0.1,,0,H,0.203,tutora
B5XE,C,12.011,4,C-H-O-O,0.1382,109.63,0,C,0.134,tutora
B5XE,H,1.008,1,C,0.113,,0,HC,0.11,tutora
B5XE,O,15.9994,2,C-C,0.142,109.5,0,OE,-0.251,tutora
B5XE,C,12.011,4,C-C-H-O,0.1402,109.98,0,C,-0.031,tutora
B5XE,H,1.008,1,C,0.112,,0,HC,0.132,tutora
B5XE,C,12.011,4,C-C-H-O,0.1402,109.98,0,C,-0.014,tutora
B5XE,H,1.008,1,C,0.112,,0,HC,0.108,tutora
B5XE,O,15.9994,2,C-C,0.143,109.5,0,OE,-0.323,tutora
B5XE,C,12.011,4,C-H-H-O,0.1295,109.37,0,C,-0.019,tutora
B5XE,H,1.008,1,C,0.112,,0,HC,0.091,tutora
B5XE,H,1.008,1,C,0.112,,0,HC,0.117,tutora
B5XE,O,15.9994,2,C-H,0.119,109.5,0,OA,-0.332,tutora
B5XE,H,1.008,1,O,0.0971,,0,H,0.271,tutora
B5XE,C,12.011,4,C-C-H-O,0.1407,109.83,0,C,0.01,tutora
B5XE,H,1.008,1,C,0.113,,0,HC,0.092,tutora
B5XE,O,15.9994,2,C-H,0.119,109.5,0,OA,-0.325,tutora
B5XE,H,1.008,1,O,0.0971,,0,H,0.223,tutora
B5XE,C,12.011,4,C-C-H-N,0.1421,109.5,1,C,0.011,tutora
B5XE,H,1.008,1,C,0.113,,0,HC,0.161,tutora
B5XE,N,14.0067,3,C-C-H,0.1275,119.33,0,N,-0.368,tutora
B5XE,H,1.008,1,N,0.1,,0,H,0.203,tutora
B5XE,C,12.011,4,C-H-O-O,0.1382,109.63,0,C,0.134,tutora
B5XE,H,1.008,1,C,0.113,,0,HC,0.11,tutora
B5XE,O,15.9994,2,C-C,0.142,109.5,0,OE,-0.251,tutora
B5XE,C,12.011,4,C-C-H-O,0.1402,109.98,0,C,-0.031,tutora
B5XE,H,1.008,1,C,0.112,,0,HC,0.132,tutora
B5XE,C,12.011,4,C-C-H-O,0.1402,109.98,0,C,-0.014,tutora
B5XE,H,1.008,1,C,0.112,,0,HC,0.108,tutora
B5XE,O,15.9994,2,C-C,0.143,109.5,0,OE,-0.323,tutora
B5XE,C,12.011,4,C-H-H-O,0.1295,109.37,0,C,-0.019,tutora
B5XE,H,1.008,1,C,0.112,,0,HC,0.091,tutora
B5XE,H,1.008,1,C,0.112,,0,HC,0.117,tutora
B5XE,O,15.9994,2,C-H,0.119,109.5,0,OA,-0.332,tutora
B5XE,H,1.008,1,O,0.0971,,0,H,0.271,tutora
B5XE,C,12.011,4,C-C-H-O,0.1407,109.83,0,C,0.01,tutora
B5XE,H,1.008,1,C,0.113,,0,HC,0.092,tutora
B5XE,O,15.9994,2,C-H,0.119,109.5,0,OA,-0.325,tutora
B5XE,H,1.008,1,O,0.0971,,0,H,0.223,tutora
B5XE,C,12.011,4,C-C-H-N,0.1421,109.5,1,C,0.011,tutora
B5XE,H,1.008,1,C,0.113,,0,HC,0.161,tutora
B5XE,N,14.0067,3,C-C-H,0.1275,119.33,0,N,-0.368,tutora
B5XE,H,1.008,1,N,0.1,,0,H,0.204,tutora
B5XE,C,12.011,4,C-H-O-O,0.1382,109.63,0,C,0.134,tutora
B5XE,H,1.008,1,C,0.113,,0,HC,0.11,tutora
B5XE,O,15.9994,2,C-C,0.142,109.5,0,OE,-0.252,tutora
B5XE,C,12.011,4,C-C-H-O,0.1402,109.98,0,C,-0.031,tutora
B5XE,H,1.008,1,C,0.112,,0,HC,0.132,tutora
B5XE,C,12.011,4,C-C-H-O,0.1402,109.98,0,C,-0.014,tutora
B5XE,H,1.008,1,C,0.112,,0,HC,0.108,tutora
B5XE,O,15.9994,2,C-C,0.143,109.5,0,OE,-0.322,tutora
B5XE,C,12.011,4,C-H-H-O,0.1295,109.37,0,C,-0.019,tutora
B5XE,H,1.008,1,C,0.112,,0,HC,0.091,tutora
B5XE,H,1.008,1,C,0.112,,0,HC,0.117,tutora
B5XE,O,15.9994,2,C-H,0.119,109.5,0,OA,-0.332,tutora
B5XE,H,1.008,1,O,0.0971,,0,H,0.27,tutora
B5XE,C,12.011,4,C-C-H-O,0.1407,109.83,0,C,0.01,tutora
B5XE,H,1.008,1,C,0.113,,0,HC,0.091,tutora
B5XE,O,15.9994,2,C-H,0.119,109.5,0,OA,-0.325,tutora
B5XE,H,1.008,1,O,0.0971,,0,H,0.224,tutora
B5XE,C,12.011,4,C-C-H-N,0.1421,109.5,1,C,0.01,tutora
B5XE,H,1.008,1,C,0.113,,0,HC,0.161,tutora
B5XE,N,14.0067,3,C-C-H,0.1275,119.33,0,N,-0.368,tutora
B5XE,H,1.008,1,N,0.1,,0,H,0.206,tutora
B5XE,C,12.011,4,C-H-O-O,0.1382,109.63,0,C,0.134,tutora
B5XE,H,1.008,1,C,0.113,,0,HC,0.109,tutora
B5XE,O,15.9994,2,C-C,0.142,109.5,0,OE,-0.252,tutora
B5XE,C,12.011,4,C-C-H-O,0.1402,109.98,0,C,-0.031,tutora
B5XE,H,1.008,1,C,0.112,,0,HC,0.132,tutora
B5XE,C,12.011,4,C-C-H-O,0.1402,109.98,0,C,-0.014,tutora
B5XE,H,1.008,1,C,0.112,,0,HC,0.109,tutora
B5XE,O,15.9994,2,C-C,0.143,109.5,0,OE,-0.324,tutora
B5XE,C,12.011,4,C-H-H-O,0.1295,109.37,0,C,-0.019,tutora
B5XE,H,1.008,1,C,0.112,,0,HC,0.089,tutora
B5XE,H,1.008,1,C,0.112,,0,HC,0.118,tutora
B5XE,O,15.9994,2,C-H,0.119,109.5,0,OA,-0.332,tutora
B5XE,H,1.008,1,O,0.0971,,0,H,0.272,tutora
B5XE,C,12.011,4,C-C-H-O,0.1407,109.83,0,C,0.01,tutora
B5XE,H,1.008,1,C,0.113,,0,HC,0.091,tutora
B5XE,O,15.9994,2,C-H,0.119,109.5,0,OA,-0.325,tutora
B5XE,H,1.008,1,O,0.0971,,0,H,0.224,tutora
B5XE,C,12.011,4,C-C-H-N,0.1421,109.5,1,C,0.011,tutora
B5XE,H,1.008,1,C,0.113,,0,HC,0.161,tutora
B5XE,N,14.0067,3,C-C-H,0.1275,119.33,0,N,-0.368,tutora
B5XE,H,1.008,1,N,0.1,,0,H,0.204,tutora
B5XE,C,12.011,4,C-H-O-O,0.1382,109.63,0,C,0.134,tutora
B5XE,H,1.008,1,C,0.113,,0,HC,0.11,tutora
B5XE,O,15.9994,2,C-C,0.142,109.5,0,OE,-0.252,tutora
B5XE,C,12.011,4,C-C-H-O,0.1405,110.23,0,C,-0.032,tutora
B5XE,H,1.008,1,C,0.112,,0,HC,0.129,tutora
B5XE,C,12.011,4,C-C-H-O,0.1405,109.87,0,C,-0.018,tutora
B5XE,H,1.008,1,C,0.113,,0,HC,0.105,tutora
B5XE,O,15.9994,2,C-C,0.143,109.5,0,OE,-0.31,tutora
B5XE,C,12.011,4,C-H-H-O,0.1295,109.35,0,C,-0.017,tutora
B5XE,H,1.008,1,C,0.112,,0,HC,0.089,tutora
B5XE,H,1.008,1,C,0.112,,0,HC,0.112,tutora
B5XE,O,15.9994,2,C-H,0.119,109.5,0,OA,-0.337,tutora
B5XE,H,1.008,1,O,0.0971,,0,H,0.279,tutora
B5XE,C,12.011,4,C-C-H-O,0.1407,109.92,0,C,0.019,tutora
B5XE,H,1.008,1,C,0.113,,0,HC,0.097,tutora
B5XE,O,15.9994,2,C-H,0.1195,109.5,0,OA,-0.333,tutora
B5XE,H,1.008,1,O,0.0971,,0,H,0.217,tutora
B5XE,C,12.011,4,C-C-H-N,0.1416,109.93,1,C,-0.026,tutora
B5XE,H,1.008,1,C,0.113,,0,HC,0.128,tutora
B5XE,N,14.0067,3,C-C-H,0.1272,119.0,0,N,-0.367,tutora
B5XE,H,1.008,1,N,0.1,,0,H,0.265,tutora
B5XE,C,12.011,4,C-H-O-O,0.1375,109.75,0,C,0.145,tutora
B5XE,H,1.008,1,C,0.112,,0,HC,0.119,tutora
B5XE,O,15.9994,2,C-H,0.1181,109.5,0,OA,-0.299,tutora
B5XE,H,1.008,1,O,0.0971,,0,H,0.035,tutora
B5XE,C,12.011,3,C-N-O,0.138,121.67,0,C,0.299,tutora
B5XE,O,15.9994,1,C,0.125,,0,O,-0.384,tutora
B5XE,C,12.011,4,C-H-H-H,0.1217,109.65,1,C,-0.239,tutora
B5XE,H,1.008,1,C,0.112,,0,HC,0.108,tutora
B5XE,H,1.008,1,C,0.112,,0,HC,0.108,tutora
B5XE,H,1.008,1,C,0.112,,0,HC,0.108,tutora
B5XE,C,12.011,3,C-N-O,0.1383,120.0,0,C,0.28,tutora
B5XE,O,15.9994,1,C,0.125,,0,O,-0.355,tutora
B5XE,C,12.011,4,C-H-H-H,0.1217,109.65,1,C,-0.243,tutora
B5XE,H,1.008,1,C,0.112,,0,HC,0.106,tutora
B5XE,H,1.008,1,C,0.112,,0,HC,0.106,tutora
B5XE,H,1.008,1,C,0.112,,0,HC,0.106,tutora
B5XE,C,12.011,3,C-N-O,0.1383,120.0,0,C,0.279,tutora
B5XE,O,15.9994,1,C,0.125,,0,O,-0.354,tutora
B5XE,C,12.011,4,C-H-H-H,0.1217,110.0,1,C,-0.243,tutora
B5XE,H,1.008,1,C,0.112,,0,HC,0.106,tutora
B5XE,H,1.008,1,C,0.112,,0,HC,0.106,tutora
B5XE,H,1.008,1,C,0.112,,0,HC,0.106,tutora
B5XE,C,12.011,3,C-N-O,0.1383,120.0,0,C,0.28,tutora
B5XE,O,15.9994,1,C,0.125,,0,O,-0.355,tutora
B5XE,C,12.011,4,C-H-H-H,0.1217,110.0,1,C,-0.243,tutora
B5XE,H,1.008,1,C,0.112,,0,HC,0.106,tutora
B5XE,H,1.008,1,C,0.112,,0,HC,0.106,tutora
B5XE,H,1.008,1,C,0.112,,0,HC,0.106,tutora
B5XE,C,12.011,3,C-N-O,0.1383,120.0,0,C,0.28,tutora
B5XE,O,15.9994,1,C,0.125,,0,O,-0.355,tutora
B5XE,C,12.011,4,C-H-H-H,0.1217,108.77,1,C,-0.243,tutora
B5XE,H,1.008,1,C,0.112,,0,HC,0.106,tutora
B5XE,H,1.008,1,C,0.112,,0,HC,0.106,tutora
B5XE,H,1.008,1,C,0.112,,0,HC,0.106,tutora
B5XE,C,12.011,3,C-N-O,0.1383,120.0,0,C,0.28,tutora
B5XE,O,15.9994,1,C,0.125,,0,O,-0.355,tutora
B5XE,C,12.011,4,C-H-H-H,0.1217,110.0,1,C,-0.243,tutora
B5XE,H,1.008,1,C,0.112,,0,HC,0.106,tutora
B5XE,H,1.008,1,C,0.112,,0,HC,0.106,tutora
B5XE,H,1.008,1,C,0.112,,0,HC,0.106,tutora
B5XE,C,12.011,3,C-N-O,0.1383,120.0,0,C,0.28,tutora
B5XE,O,15.9994,1,C,0.125,,0,O,-0.355,tutora
B5XE,C,12.011,4,C-H-H-H,0.1217,108.77,1,C,-0.243,tutora
B5XE,H,1.008,1,C,0.112,,0,HC,0.106,tutora
B5XE,H,1.008,1,C,0.112,,0,HC,0.106,tutora
B5XE,H,1.008,1,C,0.112,,0,HC,0.106,tutora
B5XE,C,12.011,3,C-N-O,0.1383,120.0,0,C,0.277,tutora
B5XE,O,15.9994,1,C,0.125,,0,O,-0.355,tutora
B5XE,C,12.011,4,C-H-H-H,0.1217,108.77,1,C,-0.243,tutora
B5XE,H,1.008,1,C,0.112,,0,HC,0.107,tutora
B5XE,H,1.008,1,C,0.112,,0,HC,0.107,tutora
B5XE,H,1.008,1,C,0.112,,0,HC,0.107,tutora
B5XE,C,12.011,3,C-N-O,0.1383,120.0,0,C,0.28,tutora
B5XE,O,15.9994,1,C,0.125,,0,O,-0.355,tutora
B5XE,C,12.011,4,C-H-H-H,0.1217,109.65,1,C,-0.243,tutora
B5XE,H,1.008,1,C,0.112,,0,HC,0.106,tutora
B5XE,H,1.008,1,C,0.112,,0,HC,0.106,tutora
B5XE,H,1.008,1,C,0.112,,0,HC,0.106,tutora
B5XE,C,12.011,3,C-N-O,0.1383,120.0,0,C,0.277,tutora
B5XE,O,15.9994,1,C,0.125,,0,O,-0.355,tutora
B5XE,C,12.011,4,C-H-H-H,0.1217,110.0,1,C,-0.243,tutora
B5XE,H,1.008,1,C,0.112,,0,HC,0.107,tutora
B5XE,H,1.008,1,C,0.112,,0,HC,0.107,tutora
B5XE,H,1.008,1,C,0.112,,0,HC,0.107,tutora
B5XE,C,12.011,3,C-N-O,0.1383,120.0,0,C,0.274,tutora
B5XE,O,15.9994,1,C,0.125,,0,O,-0.352,tutora
B5XE,C,12.011,4,C-H-H-H,0.1217,110.0,1,C,-0.243,tutora
B5XE,H,1.008,1,C,0.112,,0,HC,0.107,tutora
B5XE,H,1.008,1,C,0.112,,0,HC,0.107,tutora
B5XE,H,1.008,1,C,0.112,,0,HC,0.107,tutora
