molecule,element,mass,coordination,neighbor_config,avg_bond_len,avg_angle,is_planar,target_atom_type,target_charge
FFX9,H,1.008,1,O,0.0971,0.0,0,H,0.198
FFX9,O,15.9994,2,C-H,0.12,109.5,1,O,-0.33
FFX9,C,12.011,4,C-C-HC-O,0.1402,110.02,1,C,0.034
FFX9,HC,1.008,1,C,0.113,0.0,0,HC,0.075
FFX9,C,14.027,2,C-C,0.151,111.0,1,CH2,0.078
FFX9,C,12.011,3,C-C-C,0.1447,122.0,1,C,-0.102
FFX9,C,12.011,4,C-C-C-C,0.1527,110.0,1,C,-0.004
FFX9,C,15.035,1,C,0.153,0.0,0,CH3,0.029
FFX9,C,13.019,3,C-C-C,0.153,111.0,1,CH1,-0.001
FFX9,C,14.027,2,C-C,0.152,111.0,1,CH2,0.006
FFX9,C,14.027,2,C-C,0.152,111.0,1,CH2,0.017
FFX9,C,12.011,4,C-C-C-C,0.153,110.33,1,C,-0.044
FFX9,C,15.035,1,C,0.152,0.0,0,CH3,0.024
FFX9,C,13.019,3,C-C-C,0.1533,111.67,1,CH1,-0.007
FFX9,C,13.019,3,C-C-C,0.1523,110.0,1,CH1,-0.006
FFX9,C,14.027,2,C-C,0.1525,111.0,1,CH2,0.004
FFX9,C,14.027,2,C-C,0.152,111.0,1,CH2,-0.0
FFX9,C,14.027,2,C-C,0.1525,111.0,1,CH2,0.004
FFX9,C,13.019,3,C-C-C,0.1523,110.5,0,CH1,-0.021
FFX9,C,15.035,1,C,0.152,0.0,0,CH3,0.008
FFX9,C,15.035,1,C,0.152,0.0,0,CH3,0.009
FFX9,C,15.035,1,C,0.152,0.0,0,CH3,0.01
FFX9,C,14.027,2,C-C,0.1535,109.5,1,CH2,0.005
FFX9,C,14.027,2,C-C,0.1525,104.0,1,CH2,0.009
FFX9,C,13.019,3,C-C-C,0.1527,111.67,1,CH1,-0.019
FFX9,C,13.019,3,C-C-C,0.1523,109.5,1,CH1,0.012
FFX9,C,14.027,2,C-C,0.15,111.0,1,CH2,0.051
FFX9,C,12.011,3,C-C-HC,0.1307,120.33,0,C,-0.162
FFX9,HC,1.008,1,C,0.11,0.0,0,HC,0.121
FFX9,C,14.027,2,C-C,0.1525,111.0,1,CH2,0.022
FFX9,C,14.027,2,C-C,0.152,111.0,0,CH2,-0.02
ES3X,O,15.9994,1,N,0.123,0.0,0,OM,-0.446
ES3X,N,14.0067,3,C-O-O,0.131,121.33,1,NT,0.713
ES3X,O,15.9994,1,N,0.123,0.0,0,OM,-0.446
ES3X,C,12.011,3,C-C-N,0.1417,122.0,1,C,0.074
ES3X,C,12.011,3,C-C-H,0.129,120.0,1,C,-0.263
ES3X,H,1.008,1,C,0.109,0.0,0,HC,0.189
ES3X,C,12.011,3,C-C-H,0.129,120.0,1,C,-0.029
ES3X,H,1.008,1,C,0.109,0.0,0,HC,0.149
ES3X,C,12.011,3,C-C-H,0.1293,120.0,1,C,-0.304
ES3X,H,1.008,1,C,0.109,0.0,0,HC,0.184
ES3X,C,12.011,3,C-C-O,0.1383,119.33,1,C,0.416
ES3X,O,15.9994,2,C-H,0.1166,109.5,0,OA,-0.578
ES3X,H,1.008,1,O,0.0972,0.0,0,HS14,0.45
ES3X,C,12.011,3,C-C-H,0.129,120.0,1,C,-0.319
ES3X,H,1.008,1,C,0.109,0.0,0,HC,0.21
G280,H,1.008,1,O,0.0984,0.0,0,HS14,0.51
G280,O,15.9994,2,C-H,0.1162,109.5,1,OA,-0.567
G280,C,12.011,3,C-C-O,0.1387,121.0,1,C,0.379
G280,C,12.011,3,C-C-N,0.1418,120.0,1,C,-0.12
G280,N,14.0067,3,C-O-O,0.1298,119.0,0,NT,0.599
G280,O,15.9994,1,N,0.123,0.0,0,OM,-0.429
G280,O,15.9994,1,N,0.123,0.0,0,OM,-0.429
G280,C,12.011,3,C-C-H,0.1293,120.0,1,C,-0.245
G280,H,1.008,1,C,0.109,0.0,0,HC,0.178
G280,C,12.011,3,C-C-H,0.1293,120.0,1,C,-0.06
G280,H,1.008,1,C,0.109,0.0,0,HC,0.146
G280,C,12.011,3,C-C-H,0.1293,120.0,1,C,-0.153
G280,H,1.008,1,C,0.109,0.0,0,HC,0.149
G280,C,12.011,3,C-C-H,0.1293,120.0,0,C,-0.109
G280,H,1.008,1,C,0.109,0.0,0,HC,0.151
9WTE,H,1.008,1,O,0.0972,0.0,0,H,0.448
9WTE,O,15.9994,2,C-H,0.1176,109.5,1,O,-0.608
9WTE,C,12.011,3,C-C-O,0.1387,118.0,1,C,0.403
9WTE,C,12.011,3,C-C-H,0.129,120.0,1,C,-0.319
9WTE,H,1.008,1,C,0.109,0.0,0,HC,0.171
9WTE,C,12.011,3,C-C-H,0.129,120.0,1,C,-0.126
9WTE,H,1.008,1,C,0.109,0.0,0,HC,0.131
9WTE,C,12.011,3,C-C-C,0.144,120.0,1,C,-0.065
9WTE,C,12.011,3,C-C-H,0.129,120.0,1,C,-0.126
9WTE,H,1.008,1,C,0.109,0.0,0,HC,0.131
9WTE,C,12.011,3,C-C-H,0.129,120.0,0,C,-0.319
9WTE,H,1.008,1,C,0.109,0.0,0,HC,0.171
9WTE,C,12.011,4,C-C-C-C,0.154,110.5,1,C,0.446
9WTE,C,12.011,4,C-H-H-H,0.1202,108.55,0,C,-0.397
9WTE,H,1.008,1,C,0.109,0.0,0,HC,0.094
9WTE,H,1.008,1,C,0.109,0.0,0,HC,0.094
9WTE,H,1.008,1,C,0.109,0.0,0,HC,0.094
9WTE,C,12.011,4,C-H-H-H,0.1202,108.55,0,C,-0.397
9WTE,H,1.008,1,C,0.109,0.0,0,HC,0.094
9WTE,H,1.008,1,C,0.109,0.0,0,HC,0.094
9WTE,H,1.008,1,C,0.109,0.0,0,HC,0.094
9WTE,C,12.011,3,C-C-C,0.144,120.0,1,C,-0.065
9WTE,C,12.011,3,C-C-H,0.129,120.0,1,C,-0.126
9WTE,H,1.008,1,C,0.109,0.0,0,HC,0.131
9WTE,C,12.011,3,C-C-H,0.129,120.0,1,C,-0.319
9WTE,H,1.008,1,C,0.109,0.0,0,HC,0.171
9WTE,C,12.011,3,C-C-O,0.1387,118.0,1,C,0.403
9WTE,O,15.9994,2,C-H,0.1176,109.5,0,O,-0.608
9WTE,H,1.008,1,O,0.0972,0.0,0,H,0.448
9WTE,C,12.011,3,C-C-H,0.129,120.0,1,C,-0.319
9WTE,H,1.008,1,C,0.109,0.0,0,HC,0.171
9WTE,C,12.011,3,C-C-H,0.129,120.0,0,C,-0.126
9WTE,H,1.008,1,C,0.109,0.0,0,HC,0.131
EFZ,H,1.008,1,C,0.109,0.0,1,HC,0.142
EFZ,C,12.011,3,C-C-H,0.129,120.0,1,C,-0.022
EFZ,C,12.011,3,C-C-H,0.129,120.0,1,C,-0.32
EFZ,H,1.008,1,C,0.109,0.0,0,HC,0.212
EFZ,C,12.011,3,C-C-N,0.1397,120.0,1,C,0.27
EFZ,N,14.0067,3,C-C-H,0.1257,119.67,1,N,-0.575
EFZ,H,1.008,1,N,0.101,0.0,0,H,0.383
EFZ,C,12.011,3,N-O-O,0.131,122.33,1,C,0.82
EFZ,O,15.9994,1,C,0.121,0.0,0,OE,-0.591
EFZ,O,15.9994,2,C-C,0.141,124.0,1,OE,-0.37
EFZ,C,12.011,4,C-C-C-O,0.15,110.0,1,C,0.04
EFZ,C,12.011,4,C-F-F-F,0.1403,109.0,0,C,0.367
EFZ,F,18.9984,1,C,0.135,0.0,0,F,-0.129
EFZ,F,18.9984,1,C,0.135,0.0,0,F,-0.129
EFZ,F,18.9984,1,C,0.135,0.0,0,F,-0.129
EFZ,C,12.011,3,C-C-C,0.1437,120.0,1,C,0.119
EFZ,C,12.011,3,C-C-H,0.129,120.0,1,C,-0.195
EFZ,H,1.008,1,C,0.109,0.0,0,HC,0.198
EFZ,C,12.011,3,C-C-CL,0.1513,120.0,0,C,-0.022
EFZ,CL,35.453,1,C,0.176,0.0,0,CL,-0.11
EFZ,C,12.011,2,C-C,0.1335,180.0,0,C,-0.05
EFZ,C,12.011,2,C-C,0.1322,180.0,0,C,-0.104
EFZ,C,12.011,4,C-C-C-H,0.1394,109.17,1,C,-0.023
EFZ,H,1.008,1,C,0.109,0.0,0,HC,0.156
EFZ,C,12.011,4,C-C-H-H,0.1303,109.33,1,C,-0.273
EFZ,H,1.008,1,C,0.109,0.0,0,HC,0.149
EFZ,H,1.008,1,C,0.109,0.0,0,HC,0.15
EFZ,C,12.011,4,C-C-H-H,0.13,109.33,0,C,-0.256
EFZ,H,1.008,1,C,0.109,0.0,0,HC,0.15
EFZ,H,1.008,1,C,0.109,0.0,0,HC,0.142
NPO,O,15.9994,1,N,0.123,0.0,0,OM,-0.44
NPO,N,14.0067,3,C-O-O,0.1303,119.47,1,NT,0.644
NPO,O,15.9994,1,N,0.123,0.0,0,OM,-0.44
NPO,C,12.011,3,C-C-N,0.141,120.0,1,C,0.022
NPO,C,12.011,3,C-C-H,0.129,120.0,1,C,-0.129
NPO,H,1.008,1,C,0.109,0.0,0,HC,0.163
NPO,C,12.011,3,C-C-H,0.1293,120.0,1,C,-0.259
NPO,H,1.008,1,C,0.109,0.0,0,HC,0.178
NPO,C,12.011,3,C-C-OH,0.1387,118.0,1,C,0.422
NPO,OH,15.9994,2,C-H,0.1166,109.5,0,OA,-0.576
NPO,H,1.008,1,OH,0.0972,0.0,0,HS14,0.462
NPO,C,12.011,3,C-C-H,0.1293,120.0,1,C,-0.259
NPO,H,1.008,1,C,0.109,0.0,0,HC,0.178
NPO,C,12.011,3,C-C-H,0.129,120.0,1,C,-0.129
NPO,H,1.008,1,C,0.109,0.0,0,HC,0.163
ZUVU,H,1.008,1,N,0.1,0.0,1,HS14,0.331
ZUVU,N,14.0067,3,C-H-H,0.1113,120.0,1,NPri,-0.455
ZUVU,H,1.008,1,N,0.1,0.0,0,HS14,0.331
ZUVU,C,12.011,3,N-N-S,0.147,121.0,1,C,0.075
ZUVU,S,32.06,1,C,0.171,0.0,0,SDmso,-0.539
ZUVU,N,14.0067,3,C-H-N,0.1247,118.67,1,NOpt,0.113
ZUVU,H,1.008,1,N,0.102,0.0,0,HS14,0.193
ZUVU,N,14.0067,2,C-N,0.132,119.0,1,NOpt,-0.256
ZUVU,C,12.011,3,C-H-N,0.128,120.0,1,C,-0.001
ZUVU,H,1.008,1,C,0.109,0.0,0,HC,0.158
ZUVU,C,12.011,3,C-C-C,0.1423,120.0,1,CAro,0.039
ZUVU,C,12.011,3,C-C-H,0.1293,120.0,1,CAro,-0.143
ZUVU,H,1.008,1,C,0.109,0.0,0,HC,0.134
ZUVU,C,12.011,3,C-C-H,0.129,120.0,1,CAro,-0.142
ZUVU,H,1.008,1,C,0.109,0.0,0,HC,0.154
ZUVU,C,12.011,3,C-C-H,0.129,120.0,1,CAro,-0.053
ZUVU,H,1.008,1,C,0.109,0.0,0,HC,0.129
ZUVU,C,12.011,3,C-C-Cl,0.1513,120.0,1,CAro,-0.022
ZUVU,Cl,35.453,1,C,0.176,0.0,0,CLAro,-0.119
ZUVU,C,12.011,3,C-C-H,0.1293,120.0,0,CAro,-0.018
ZUVU,H,1.008,1,C,0.109,0.0,0,HC,0.091
B5XE,H,1.008,1,C,0.112,0.0,0,HC,0.11
B5XE,C,12.011,4,C-H-H-H,0.1217,108.77,1,C,-0.24
B5XE,H,1.008,1,C,0.112,0.0,0,HC,0.11
B5XE,H,1.008,1,C,0.112,0.0,0,HC,0.11
B5XE,C,12.011,3,C-N-O,0.138,120.0,1,C,0.29
B5XE,O,15.9994,1,C,0.125,0.0,0,O,-0.38
B5XE,N,14.0067,3,C-C-H,0.1267,120.33,1,N,-0.379
B5XE,H,1.008,1,N,0.0985,0.0,0,H,0.268
B5XE,C,12.011,4,C-C-H-N,0.1416,109.92,1,C,-0.018
B5XE,H,1.008,1,C,0.113,0.0,0,HC,0.143
B5XE,C,12.011,4,C-H-O-O,0.1385,109.48,1,C,0.144
B5XE,H,1.008,1,C,0.113,0.0,0,HC,0.11
B5XE,O,15.9994,2,C-C,0.1425,109.5,1,OE,-0.268
B5XE,O,15.9994,2,C-C,0.143,109.5,1,OE,-0.316
B5XE,C,12.011,4,C-C-H-O,0.1402,109.87,1,C,0.005
B5XE,H,1.008,1,C,0.112,0.0,0,HC,0.101
B5XE,C,12.011,4,C-H-H-O,0.1295,109.27,1,C,-0.011
B5XE,H,1.008,1,C,0.112,0.0,0,HC,0.077
B5XE,H,1.008,1,C,0.112,0.0,0,HC,0.133
B5XE,O,15.9994,2,C-H,0.119,109.5,0,OA,-0.32
B5XE,H,1.008,1,O,0.0971,0.0,0,H,0.331
B5XE,C,12.011,4,C-C-H-O,0.1402,109.67,1,C,-0.023
B5XE,H,1.008,1,C,0.113,0.0,0,HC,0.108
B5XE,O,15.9994,2,C-H,0.1195,109.5,0,OA,-0.323
B5XE,H,1.008,1,O,0.0971,0.0,0,H,0.225
B5XE,C,12.011,4,C-C-H-O,0.1402,109.13,1,C,-0.025
B5XE,H,1.008,1,C,0.113,0.0,0,HC,0.123
B5XE,O,15.9994,2,C-H,0.119,109.5,0,OA,-0.327
B5XE,H,1.008,1,O,0.0971,0.0,0,H,0.242
B5XE,C,12.011,4,C-C-H-O,0.1402,109.98,1,C,-0.029
B5XE,H,1.008,1,C,0.112,0.0,0,HC,0.137
B5XE,C,12.011,4,C-C-H-O,0.1402,109.98,1,C,-0.014
B5XE,H,1.008,1,C,0.112,0.0,0,HC,0.104
B5XE,O,15.9994,2,C-C,0.143,109.5,1,OE,-0.32
B5XE,C,12.011,4,C-H-H-O,0.1295,109.37,1,C,-0.015
B5XE,H,1.008,1,C,0.112,0.0,0,HC,0.094
B5XE,H,1.008,1,C,0.112,0.0,0,HC,0.105
B5XE,O,15.9994,2,C-H,0.119,109.5,0,OA,-0.332
B5XE,H,1.008,1,O,0.0971,0.0,0,H,0.27
B5XE,C,12.011,4,C-C-H-O,0.1407,109.92,1,C,0.009
B5XE,H,1.008,1,C,0.113,0.0,0,HC,0.087
B5XE,O,15.9994,2,C-H,0.119,109.5,0,OA,-0.323
B5XE,H,1.008,1,O,0.0971,0.0,0,H,0.227
B5XE,C,12.011,4,C-C-H-N,0.1421,110.17,1,C,0.012
B5XE,H,1.008,1,C,0.113,0.0,0,HC,0.162
B5XE,N,14.0067,3,C-C-H,0.1275,119.33,1,N,-0.37
B5XE,H,1.008,1,N,0.1,0.0,0,H,0.203
B5XE,C,12.011,4,C-H-O-O,0.1382,109.63,1,C,0.133
B5XE,H,1.008,1,C,0.113,0.0,0,HC,0.11
B5XE,O,15.9994,2,C-C,0.142,109.5,1,OE,-0.25
B5XE,C,12.011,4,C-C-H-O,0.1402,109.98,1,C,-0.031
B5XE,H,1.008,1,C,0.112,0.0,0,HC,0.131
B5XE,C,12.011,4,C-C-H-O,0.1402,109.98,1,C,-0.014
B5XE,H,1.008,1,C,0.112,0.0,0,HC,0.109
B5XE,O,15.9994,2,C-C,0.143,109.5,1,OE,-0.322
B5XE,C,12.011,4,C-H-H-O,0.1295,109.37,1,C,-0.019
B5XE,H,1.008,1,C,0.112,0.0,0,HC,0.092
B5XE,H,1.008,1,C,0.112,0.0,0,HC,0.117
B5XE,O,15.9994,2,C-H,0.119,109.5,0,OA,-0.334
B5XE,H,1.008,1,O,0.0971,0.0,0,H,0.271
B5XE,C,12.011,4,C-C-H-O,0.141,109.92,1,C,0.01
B5XE,H,1.008,1,C,0.113,0.0,0,HC,0.092
B5XE,O,15.9994,2,C-H,0.1195,109.5,0,OA,-0.324
B5XE,H,1.008,1,O,0.0971,0.0,0,H,0.222
B5XE,C,12.011,4,C-C-H-N,0.1421,109.5,1,C,0.011
B5XE,H,1.008,1,C,0.113,0.0,0,HC,0.161
B5XE,N,14.0067,3,C-C-H,0.1275,119.33,1,N,-0.369
B5XE,H,1.008,1,N,0.1,0.0,0,H,0.204
B5XE,C,12.011,4,C-H-O-O,0.1382,109.63,1,C,0.133
B5XE,H,1.008,1,C,0.113,0.0,0,HC,0.111
B5XE,O,15.9994,2,C-C,0.142,109.5,1,OE,-0.251
B5XE,C,12.011,4,C-C-H-O,0.1402,109.98,1,C,-0.031
B5XE,H,1.008,1,C,0.112,0.0,0,HC,0.132
B5XE,C,12.011,4,C-C-H-O,0.1402,109.98,1,C,-0.014
B5XE,H,1.008,1,C,0.112,0.0,0,HC,0.108
B5XE,O,15.9994,2,C-C,0.143,109.5,1,OE,-0.322
B5XE,C,12.011,4,C-H-H-O,0.1295,109.37,1,C,-0.019
B5XE,H,1.008,1,C,0.112,0.0,0,HC,0.091
B5XE,H,1.008,1,C,0.112,0.0,0,HC,0.117
B5XE,O,15.9994,2,C-H,0.119,109.5,0,OA,-0.333
B5XE,H,1.008,1,O,0.0971,0.0,0,H,0.271
B5XE,C,12.011,4,C-C-H-O,0.1407,109.92,1,C,0.01
B5XE,H,1.008,1,C,0.113,0.0,0,HC,0.091
B5XE,O,15.9994,2,C-H,0.119,109.5,0,OA,-0.325
B5XE,H,1.008,1,O,0.0971,0.0,0,H,0.224
B5XE,C,12.011,4,C-C-H-N,0.1421,109.5,1,C,0.011
B5XE,H,1.008,1,C,0.113,0.0,0,HC,0.161
B5XE,N,14.0067,3,C-C-H,0.1275,119.33,1,N,-0.369
B5XE,H,1.008,1,N,0.1,0.0,0,H,0.204
B5XE,C,12.011,4,C-H-O-O,0.1382,109.63,1,C,0.134
B5XE,H,1.008,1,C,0.113,0.0,0,HC,0.11
B5XE,O,15.9994,2,C-C,0.142,109.5,1,OE,-0.251
B5XE,C,12.011,4,C-C-H-O,0.1402,109.98,1,C,-0.031
B5XE,H,1.008,1,C,0.112,0.0,0,HC,0.132
B5XE,C,12.011,4,C-C-H-O,0.1402,109.98,1,C,-0.013
B5XE,H,1.008,1,C,0.112,0.0,0,HC,0.108
B5XE,O,15.9994,2,C-C,0.143,109.5,1,OE,-0.323
B5XE,C,12.011,4,C-H-H-O,0.1295,109.37,1,C,-0.019
B5XE,H,1.008,1,C,0.112,0.0,0,HC,0.091
B5XE,H,1.008,1,C,0.112,0.0,0,HC,0.117
B5XE,O,15.9994,2,C-H,0.119,109.5,0,OA,-0.333
B5XE,H,1.008,1,O,0.0971,0.0,0,H,0.271
B5XE,C,12.011,4,C-C-H-O,0.1407,109.83,1,C,0.01
B5XE,H,1.008,1,C,0.113,0.0,0,HC,0.092
B5XE,O,15.9994,2,C-H,0.119,109.5,0,OA,-0.325
B5XE,H,1.008,1,O,0.0971,0.0,0,H,0.223
B5XE,C,12.011,4,C-C-H-N,0.1421,109.5,1,C,0.011
B5XE,H,1.008,1,C,0.113,0.0,0,HC,0.161
B5XE,N,14.0067,3,C-C-H,0.1275,119.33,1,N,-0.368
B5XE,H,1.008,1,N,0.1,0.0,0,H,0.203
B5XE,C,12.011,4,C-H-O-O,0.1382,109.63,1,C,0.134
B5XE,H,1.008,1,C,0.113,0.0,0,HC,0.11
B5XE,O,15.9994,2,C-C,0.142,109.5,1,OE,-0.251
B5XE,C,12.011,4,C-C-H-O,0.1402,109.98,1,C,-0.031
B5XE,H,1.008,1,C,0.112,0.0,0,HC,0.132
B5XE,C,12.011,4,C-C-H-O,0.1402,109.98,1,C,-0.014
B5XE,H,1.008,1,C,0.112,0.0,0,HC,0.108
B5XE,O,15.9994,2,C-C,0.143,109.5,1,OE,-0.323
B5XE,C,12.011,4,C-H-H-O,0.1295,109.37,1,C,-0.019
B5XE,H,1.008,1,C,0.112,0.0,0,HC,0.091
B5XE,H,1.008,1,C,0.112,0.0,0,HC,0.117
B5XE,O,15.9994,2,C-H,0.119,109.5,0,OA,-0.332
B5XE,H,1.008,1,O,0.0971,0.0,0,H,0.271
B5XE,C,12.011,4,C-C-H-O,0.1407,109.83,1,C,0.01
B5XE,H,1.008,1,C,0.113,0.0,0,HC,0.092
B5XE,O,15.9994,2,C-H,0.119,109.5,0,OA,-0.325
B5XE,H,1.008,1,O,0.0971,0.0,0,H,0.223
B5XE,C,12.011,4,C-C-H-N,0.1421,109.5,1,C,0.011
B5XE,H,1.008,1,C,0.113,0.0,0,HC,0.161
B5XE,N,14.0067,3,C-C-H,0.1275,119.33,1,N,-0.368
B5XE,H,1.008,1,N,0.1,0.0,0,H,0.203
B5XE,C,12.011,4,C-H-O-O,0.1382,109.63,1,C,0.134
B5XE,H,1.008,1,C,0.113,0.0,0,HC,0.11
B5XE,O,15.9994,2,C-C,0.142,109.5,1,OE,-0.251
B5XE,C,12.011,4,C-C-H-O,0.1402,109.98,1,C,-0.031
B5XE,H,1.008,1,C,0.112,0.0,0,HC,0.132
B5XE,C,12.011,4,C-C-H-O,0.1402,109.98,1,C,-0.014
B5XE,H,1.008,1,C,0.112,0.0,0,HC,0.108
B5XE,O,15.9994,2,C-C,0.143,109.5,1,OE,-0.323
B5XE,C,12.011,4,C-H-H-O,0.1295,109.37,1,C,-0.019
B5XE,H,1.008,1,C,0.112,0.0,0,HC,0.091
B5XE,H,1.008,1,C,0.112,0.0,0,HC,0.117
B5XE,O,15.9994,2,C-H,0.119,109.5,0,OA,-0.332
B5XE,H,1.008,1,O,0.0971,0.0,0,H,0.271
B5XE,C,12.011,4,C-C-H-O,0.1407,109.83,1,C,0.01
B5XE,H,1.008,1,C,0.113,0.0,0,HC,0.091
B5XE,O,15.9994,2,C-H,0.119,109.5,0,OA,-0.325
B5XE,H,1.008,1,O,0.0971,0.0,0,H,0.224
B5XE,C,12.011,4,C-C-H-N,0.1421,109.5,1,C,0.011
B5XE,H,1.008,1,C,0.113,0.0,0,HC,0.161
B5XE,N,14.0067,3,C-C-H,0.1275,119.33,1,N,-0.368
B5XE,H,1.008,1,N,0.1,0.0,0,H,0.203
B5XE,C,12.011,4,C-H-O-O,0.1382,109.63,1,C,0.134
B5XE,H,1.008,1,C,0.113,0.0,0,HC,0.11
B5XE,O,15.9994,2,C-C,0.142,109.5,1,OE,-0.251
B5XE,C,12.011,4,C-C-H-O,0.1402,109.98,1,C,-0.031
B5XE,H,1.008,1,C,0.112,0.0,0,HC,0.132
B5XE,C,12.011,4,C-C-H-O,0.1402,109.98,1,C,-0.014
B5XE,H,1.008,1,C,0.112,0.0,0,HC,0.108
B5XE,O,15.9994,2,C-C,0.143,109.5,1,OE,-0.323
B5XE,C,12.011,4,C-H-H-O,0.1295,109.37,1,C,-0.019
B5XE,H,1.008,1,C,0.112,0.0,0,HC,0.091
B5XE,H,1.008,1,C,0.112,0.0,0,HC,0.117
B5XE,O,15.9994,2,C-H,0.119,109.5,0,OA,-0.332
B5XE,H,1.008,1,O,0.0971,0.0,0,H,0.271
B5XE,C,12.011,4,C-C-H-O,0.1407,109.83,1,C,0.01
B5XE,H,1.008,1,C,0.113,0.0,0,HC,0.092
B5XE,O,15.9994,2,C-H,0.119,109.5,0,OA,-0.325
B5XE,H,1.008,1,O,0.0971,0.0,0,H,0.223
B5XE,C,12.011,4,C-C-H-N,0.1421,109.5,1,C,0.011
B5XE,H,1.008,1,C,0.113,0.0,0,HC,0.161
B5XE,N,14.0067,3,C-C-H,0.1275,119.33,1,N,-0.368
B5XE,H,1.008,1,N,0.1,0.0,0,H,0.203
B5XE,C,12.011,4,C-H-O-O,0.1382,109.63,1,C,0.134
B5XE,H,1.008,1,C,0.113,0.0,0,HC,0.11
B5XE,O,15.9994,2,C-C,0.142,109.5,1,OE,-0.251
B5XE,C,12.011,4,C-C-H-O,0.1402,109.98,1,C,-0.031
B5XE,H,1.008,1,C,0.112,0.0,0,HC,0.132
B5XE,C,12.011,4,C-C-H-O,0.1402,109.98,1,C,-0.014
B5XE,H,1.008,1,C,0.112,0.0,0,HC,0.108
B5XE,O,15.9994,2,C-C,0.143,109.5,1,OE,-0.323
B5XE,C,12.011,4,C-H-H-O,0.1295,109.37,1,C,-0.019
B5XE,H,1.008,1,C,0.112,0.0,0,HC,0.091
B5XE,H,1.008,1,C,0.112,0.0,0,HC,0.117
B5XE,O,15.9994,2,C-H,0.119,109.5,0,OA,-0.332
B5XE,H,1.008,1,O,0.0971,0.0,0,H,0.271
B5XE,C,12.011,4,C-C-H-O,0.1407,109.83,1,C,0.01
B5XE,H,1.008,1,C,0.113,0.0,0,HC,0.092
B5XE,O,15.9994,2,C-H,0.119,109.5,0,OA,-0.325
B5XE,H,1.008,1,O,0.0971,0.0,0,H,0.223
B5XE,C,12.011,4,C-C-H-N,0.1421,109.5,1,C,0.011
B5XE,H,1.008,1,C,0.113,0.0,0,HC,0.161
B5XE,N,14.0067,3,C-C-H,0.1275,119.33,1,N,-0.368
B5XE,H,1.008,1,N,0.1,0.0,0,H,0.204
B5XE,C,12.011,4,C-H-O-O,0.1382,109.63,1,C,0.134
B5XE,H,1.008,1,C,0.113,0.0,0,HC,0.11
B5XE,O,15.9994,2,C-C,0.142,109.5,1,OE,-0.252
B5XE,C,12.011,4,C-C-H-O,0.1402,109.98,1,C,-0.031
B5XE,H,1.008,1,C,0.112,0.0,0,HC,0.132
B5XE,C,12.011,4,C-C-H-O,0.1402,109.98,1,C,-0.014
B5XE,H,1.008,1,C,0.112,0.0,0,HC,0.108
B5XE,O,15.9994,2,C-C,0.143,109.5,1,OE,-0.322
B5XE,C,12.011,4,C-H-H-O,0.1295,109.37,1,C,-0.019
B5XE,H,1.008,1,C,0.112,0.0,0,HC,0.091
B5XE,H,1.008,1,C,0.112,0.0,0,HC,0.117
B5XE,O,15.9994,2,C-H,0.119,109.5,0,OA,-0.332
B5XE,H,1.008,1,O,0.0971,0.0,0,H,0.27
B5XE,C,12.011,4,C-C-H-O,0.1407,109.83,1,C,0.01
B5XE,H,1.008,1,C,0.113,0.0,0,HC,0.091
B5XE,O,15.9994,2,C-H,0.119,109.5,0,OA,-0.325
B5XE,H,1.008,1,O,0.0971,0.0,0,H,0.224
B5XE,C,12.011,4,C-C-H-N,0.1421,109.5,1,C,0.01
B5XE,H,1.008,1,C,0.113,0.0,0,HC,0.161
B5XE,N,14.0067,3,C-C-H,0.1275,119.33,1,N,-0.368
B5XE,H,1.008,1,N,0.1,0.0,0,H,0.206
B5XE,C,12.011,4,C-H-O-O,0.1382,109.63,1,C,0.134
B5XE,H,1.008,1,C,0.113,0.0,0,HC,0.109
B5XE,O,15.9994,2,C-C,0.142,109.5,1,OE,-0.252
B5XE,C,12.011,4,C-C-H-O,0.1402,109.98,1,C,-0.031
B5XE,H,1.008,1,C,0.112,0.0,0,HC,0.132
B5XE,C,12.011,4,C-C-H-O,0.1402,109.98,1,C,-0.014
B5XE,H,1.008,1,C,0.112,0.0,0,HC,0.109
B5XE,O,15.9994,2,C-C,0.143,109.5,1,OE,-0.324
B5XE,C,12.011,4,C-H-H-O,0.1295,109.37,1,C,-0.019
B5XE,H,1.008,1,C,0.112,0.0,0,HC,0.089
B5XE,H,1.008,1,C,0.112,0.0,0,HC,0.118
B5XE,O,15.9994,2,C-H,0.119,109.5,0,OA,-0.332
B5XE,H,1.008,1,O,0.0971,0.0,0,H,0.272
B5XE,C,12.011,4,C-C-H-O,0.1407,109.83,1,C,0.01
B5XE,H,1.008,1,C,0.113,0.0,0,HC,0.091
B5XE,O,15.9994,2,C-H,0.119,109.5,0,OA,-0.325
B5XE,H,1.008,1,O,0.0971,0.0,0,H,0.224
B5XE,C,12.011,4,C-C-H-N,0.1421,109.5,1,C,0.011
B5XE,H,1.008,1,C,0.113,0.0,0,HC,0.161
B5XE,N,14.0067,3,C-C-H,0.1275,119.33,1,N,-0.368
B5XE,H,1.008,1,N,0.1,0.0,0,H,0.204
B5XE,C,12.011,4,C-H-O-O,0.1382,109.63,1,C,0.134
B5XE,H,1.008,1,C,0.113,0.0,0,HC,0.11
B5XE,O,15.9994,2,C-C,0.142,109.5,1,OE,-0.252
B5XE,C,12.011,4,C-C-H-O,0.1405,110.23,1,C,-0.032
B5XE,H,1.008,1,C,0.112,0.0,0,HC,0.129
B5XE,C,12.011,4,C-C-H-O,0.1405,109.87,1,C,-0.018
B5XE,H,1.008,1,C,0.113,0.0,0,HC,0.105
B5XE,O,15.9994,2,C-C,0.143,109.5,1,OE,-0.31
B5XE,C,12.011,4,C-H-H-O,0.1295,109.35,1,C,-0.017
B5XE,H,1.008,1,C,0.112,0.0,0,HC,0.089
B5XE,H,1.008,1,C,0.112,0.0,0,HC,0.112
B5XE,O,15.9994,2,C-H,0.119,109.5,0,OA,-0.337
B5XE,H,1.008,1,O,0.0971,0.0,0,H,0.279
B5XE,C,12.011,4,C-C-H-O,0.1407,109.92,1,C,0.019
B5XE,H,1.008,1,C,0.113,0.0,0,HC,0.097
B5XE,O,15.9994,2,C-H,0.1195,109.5,0,OA,-0.333
B5XE,H,1.008,1,O,0.0971,0.0,0,H,0.217
B5XE,C,12.011,4,C-C-H-N,0.1416,109.93,1,C,-0.026
B5XE,H,1.008,1,C,0.113,0.0,0,HC,0.128
B5XE,N,14.0067,3,C-C-H,0.1272,119.0,1,N,-0.367
B5XE,H,1.008,1,N,0.1,0.0,0,H,0.265
B5XE,C,12.011,4,C-H-O-O,0.1375,109.75,1,C,0.145
B5XE,H,1.008,1,C,0.112,0.0,0,HC,0.119
B5XE,O,15.9994,2,C-H,0.1181,109.5,0,OA,-0.299
B5XE,H,1.008,1,O,0.0971,0.0,0,H,0.035
B5XE,C,12.011,3,C-N-O,0.138,121.67,1,C,0.299
B5XE,O,15.9994,1,C,0.125,0.0,0,O,-0.384
B5XE,C,12.011,4,C-H-H-H,0.1217,109.65,1,C,-0.239
B5XE,H,1.008,1,C,0.112,0.0,0,HC,0.108
B5XE,H,1.008,1,C,0.112,0.0,0,HC,0.108
B5XE,H,1.008,1,C,0.112,0.0,0,HC,0.108
B5XE,C,12.011,3,C-N-O,0.1383,120.0,1,C,0.28
B5XE,O,15.9994,1,C,0.125,0.0,0,O,-0.355
B5XE,C,12.011,4,C-H-H-H,0.1217,109.65,1,C,-0.243
B5XE,H,1.008,1,C,0.112,0.0,0,HC,0.106
B5XE,H,1.008,1,C,0.112,0.0,0,HC,0.106
B5XE,H,1.008,1,C,0.112,0.0,0,HC,0.106
B5XE,C,12.011,3,C-N-O,0.1383,120.0,1,C,0.279
B5XE,O,15.9994,1,C,0.125,0.0,0,O,-0.354
B5XE,C,12.011,4,C-H-H-H,0.1217,110.0,1,C,-0.243
B5XE,H,1.008,1,C,0.112,0.0,0,HC,0.106
B5XE,H,1.008,1,C,0.112,0.0,0,HC,0.106
B5XE,H,1.008,1,C,0.112,0.0,0,HC,0.106
B5XE,C,12.011,3,C-N-O,0.1383,120.0,1,C,0.28
B5XE,O,15.9994,1,C,0.125,0.0,0,O,-0.355
B5XE,C,12.011,4,C-H-H-H,0.1217,110.0,1,C,-0.243
B5XE,H,1.008,1,C,0.112,0.0,0,HC,0.106
B5XE,H,1.008,1,C,0.112,0.0,0,HC,0.106
B5XE,H,1.008,1,C,0.112,0.0,0,HC,0.106
B5XE,C,12.011,3,C-N-O,0.1383,120.0,1,C,0.28
B5XE,O,15.9994,1,C,0.125,0.0,0,O,-0.355
B5XE,C,12.011,4,C-H-H-H,0.1217,108.77,1,C,-0.243
B5XE,H,1.008,1,C,0.112,0.0,0,HC,0.106
B5XE,H,1.008,1,C,0.112,0.0,0,HC,0.106
B5XE,H,1.008,1,C,0.112,0.0,0,HC,0.106
B5XE,C,12.011,3,C-N-O,0.1383,120.0,1,C,0.28
B5XE,O,15.9994,1,C,0.125,0.0,0,O,-0.355
B5XE,C,12.011,4,C-H-H-H,0.1217,110.0,1,C,-0.243
B5XE,H,1.008,1,C,0.112,0.0,0,HC,0.106
B5XE,H,1.008,1,C,0.112,0.0,0,HC,0.106
B5XE,H,1.008,1,C,0.112,0.0,0,HC,0.106
B5XE,C,12.011,3,C-N-O,0.1383,120.0,1,C,0.28
B5XE,O,15.9994,1,C,0.125,0.0,0,O,-0.355
B5XE,C,12.011,4,C-H-H-H,0.1217,108.77,1,C,-0.243
B5XE,H,1.008,1,C,0.112,0.0,0,HC,0.106
B5XE,H,1.008,1,C,0.112,0.0,0,HC,0.106
B5XE,H,1.008,1,C,0.112,0.0,0,HC,0.106
B5XE,C,12.011,3,C-N-O,0.1383,120.0,1,C,0.277
B5XE,O,15.9994,1,C,0.125,0.0,0,O,-0.355
B5XE,C,12.011,4,C-H-H-H,0.1217,108.77,1,C,-0.243
B5XE,H,1.008,1,C,0.112,0.0,0,HC,0.107
B5XE,H,1.008,1,C,0.112,0.0,0,HC,0.107
B5XE,H,1.008,1,C,0.112,0.0,0,HC,0.107
B5XE,C,12.011,3,C-N-O,0.1383,120.0,1,C,0.28
B5XE,O,15.9994,1,C,0.125,0.0,0,O,-0.355
B5XE,C,12.011,4,C-H-H-H,0.1217,109.65,1,C,-0.243
B5XE,H,1.008,1,C,0.112,0.0,0,HC,0.106
B5XE,H,1.008,1,C,0.112,0.0,0,HC,0.106
B5XE,H,1.008,1,C,0.112,0.0,0,HC,0.106
B5XE,C,12.011,3,C-N-O,0.1383,120.0,1,C,0.277
B5XE,O,15.9994,1,C,0.125,0.0,0,O,-0.355
B5XE,C,12.011,4,C-H-H-H,0.1217,110.0,1,C,-0.243
B5XE,H,1.008,1,C,0.112,0.0,0,HC,0.107
B5XE,H,1.008,1,C,0.112,0.0,0,HC,0.107
B5XE,H,1.008,1,C,0.112,0.0,0,HC,0.107
B5XE,C,12.011,3,C-N-O,0.1383,120.0,1,C,0.274
B5XE,O,15.9994,1,C,0.125,0.0,0,O,-0.352
B5XE,C,12.011,4,C-H-H-H,0.1217,110.0,1,C,-0.243
B5XE,H,1.008,1,C,0.112,0.0,0,HC,0.107
B5XE,H,1.008,1,C,0.112,0.0,0,HC,0.107
B5XE,H,1.008,1,C,0.112,0.0,0,HC,0.107
