atom_id,atom_type,charge,n_neighbors,molecule
1,H,0.198,1,cholesterol
2,O,-0.33,2,cholesterol
3,C,0.034,4,cholesterol
4,HC,0.075,1,cholesterol
5,CH2,0.078,2,cholesterol
6,C,-0.102,3,cholesterol
7,C,-0.004,4,cholesterol
8,CH3,0.029,1,cholesterol
9,CH1,-0.001,3,cholesterol
10,CH2,0.006,2,cholesterol
11,CH2,0.017,2,cholesterol
12,C,-0.044,4,cholesterol
13,CH3,0.024,1,cholesterol
14,CH1,-0.007,3,cholesterol
15,CH1,-0.006,3,cholesterol
16,CH2,0.004,2,cholesterol
17,CH2,-0.0,2,cholesterol
18,CH2,0.004,2,cholesterol
19,CH1,-0.021,3,cholesterol
20,CH3,0.008,1,cholesterol
21,CH3,0.009,1,cholesterol
22,CH3,0.01,1,cholesterol
23,CH2,0.005,2,cholesterol
24,CH2,0.009,2,cholesterol
25,CH1,-0.019,3,cholesterol
26,CH1,0.012,3,cholesterol
27,CH2,0.051,2,cholesterol
28,C,-0.162,3,cholesterol
29,HC,0.121,1,cholesterol
30,CH2,0.022,2,cholesterol
31,CH2,-0.02,2,cholesterol
1,OM,-0.446,1,3NP
2,NT,0.713,3,3NP
3,OM,-0.446,1,3NP
4,C,0.074,3,3NP
5,C,-0.263,3,3NP
6,HC,0.189,1,3NP
7,C,-0.029,3,3NP
8,HC,0.149,1,3NP
9,C,-0.304,3,3NP
10,HC,0.184,1,3NP
11,C,0.416,3,3NP
12,OA,-0.578,2,3NP
13,HS14,0.45,1,3NP
14,C,-0.319,3,3NP
15,HC,0.21,1,3NP
1,HS14,0.51,1,2NP
2,OA,-0.567,2,2NP
3,C,0.379,3,2NP
4,C,-0.12,3,2NP
5,NT,0.599,3,2NP
6,OM,-0.429,1,2NP
7,OM,-0.429,1,2NP
8,C,-0.245,3,2NP
9,HC,0.178,1,2NP
10,C,-0.06,3,2NP
11,HC,0.146,1,2NP
12,C,-0.153,3,2NP
13,HC,0.149,1,2NP
14,C,-0.109,3,2NP
15,HC,0.151,1,2NP
1,H,0.448,1,BPA
2,O,-0.608,2,BPA
3,C,0.403,3,BPA
4,C,-0.319,3,BPA
5,HC,0.171,1,BPA
6,C,-0.126,3,BPA
7,HC,0.131,1,BPA
8,C,-0.065,3,BPA
9,C,-0.126,3,BPA
10,HC,0.131,1,BPA
11,C,-0.319,3,BPA
12,HC,0.171,1,BPA
13,C,0.446,4,BPA
14,C,-0.397,4,BPA
15,HC,0.094,1,BPA
16,HC,0.094,1,BPA
17,HC,0.094,1,BPA
18,C,-0.397,4,BPA
19,HC,0.094,1,BPA
20,HC,0.094,1,BPA
21,HC,0.094,1,BPA
22,C,-0.065,3,BPA
23,C,-0.126,3,BPA
24,HC,0.131,1,BPA
25,C,-0.319,3,BPA
26,HC,0.171,1,BPA
27,C,0.403,3,BPA
28,O,-0.608,2,BPA
29,H,0.448,1,BPA
30,C,-0.319,3,BPA
31,HC,0.171,1,BPA
32,C,-0.126,3,BPA
33,HC,0.131,1,BPA
1,HC,0.142,1,efz
2,C,-0.022,3,efz
3,C,-0.32,3,efz
4,HC,0.212,1,efz
5,C,0.27,3,efz
6,N,-0.575,3,efz
7,H,0.383,1,efz
8,C,0.82,3,efz
9,OE,-0.591,1,efz
10,OE,-0.37,2,efz
11,C,0.04,4,efz
12,C,0.367,4,efz
13,F,-0.129,1,efz
14,F,-0.129,1,efz
15,F,-0.129,1,efz
16,C,0.119,3,efz
17,C,-0.195,3,efz
18,HC,0.198,1,efz
19,C,-0.022,3,efz
20,CL,-0.11,1,efz
21,C,-0.05,2,efz
22,C,-0.104,2,efz
23,C,-0.023,4,efz
24,HC,0.156,1,efz
25,C,-0.273,4,efz
26,HC,0.149,1,efz
27,HC,0.15,1,efz
28,C,-0.256,4,efz
29,HC,0.15,1,efz
30,HC,0.142,1,efz
1,OM,-0.44,1,4NP
2,NT,0.644,3,4NP
3,OM,-0.44,1,4NP
4,C,0.022,3,4NP
5,C,-0.129,3,4NP
6,HC,0.163,1,4NP
7,C,-0.259,3,4NP
8,HC,0.178,1,4NP
9,C,0.422,3,4NP
10,OA,-0.576,2,4NP
11,HS14,0.462,1,4NP
12,C,-0.259,3,4NP
13,HC,0.178,1,4NP
14,C,-0.129,3,4NP
15,HC,0.163,1,4NP
1,HS14,0.331,1,22CLTSC_trans
2,NPri,-0.455,3,22CLTSC_trans
3,HS14,0.331,1,22CLTSC_trans
4,C,0.075,3,22CLTSC_trans
5,SDmso,-0.539,1,22CLTSC_trans
6,NOpt,0.113,3,22CLTSC_trans
7,HS14,0.193,1,22CLTSC_trans
8,NOpt,-0.256,2,22CLTSC_trans
9,C,-0.001,3,22CLTSC_trans
10,HC,0.158,1,22CLTSC_trans
11,CAro,0.039,3,22CLTSC_trans
12,CAro,-0.143,3,22CLTSC_trans
13,HC,0.134,1,22CLTSC_trans
14,CAro,-0.142,3,22CLTSC_trans
15,HC,0.154,1,22CLTSC_trans
16,CAro,-0.053,3,22CLTSC_trans
17,HC,0.129,1,22CLTSC_trans
18,CAro,-0.022,3,22CLTSC_trans
19,CLAro,-0.119,1,22CLTSC_trans
20,CAro,-0.018,3,22CLTSC_trans
21,HC,0.091,1,22CLTSC_trans
1,HC,0.11,1,chitinAA
2,C,-0.24,4,chitinAA
3,HC,0.11,1,chitinAA
4,HC,0.11,1,chitinAA
5,C,0.29,3,chitinAA
6,O,-0.38,1,chitinAA
7,N,-0.379,3,chitinAA
8,H,0.268,1,chitinAA
9,C,-0.018,4,chitinAA
10,HC,0.143,1,chitinAA
11,C,0.144,4,chitinAA
12,HC,0.11,1,chitinAA
13,OE,-0.268,2,chitinAA
14,OE,-0.316,2,chitinAA
15,C,0.005,4,chitinAA
16,HC,0.101,1,chitinAA
17,C,-0.011,4,chitinAA
18,HC,0.077,1,chitinAA
19,HC,0.133,1,chitinAA
20,OA,-0.32,2,chitinAA
21,H,0.331,1,chitinAA
22,C,-0.023,4,chitinAA
23,HC,0.108,1,chitinAA
24,OA,-0.323,2,chitinAA
25,H,0.225,1,chitinAA
26,C,-0.025,4,chitinAA
27,HC,0.123,1,chitinAA
28,OA,-0.327,2,chitinAA
29,H,0.242,1,chitinAA
30,C,-0.029,4,chitinAA
31,HC,0.137,1,chitinAA
32,C,-0.014,4,chitinAA
33,HC,0.104,1,chitinAA
34,OE,-0.32,2,chitinAA
35,C,-0.015,4,chitinAA
36,HC,0.094,1,chitinAA
37,HC,0.105,1,chitinAA
38,OA,-0.332,2,chitinAA
39,H,0.27,1,chitinAA
40,C,0.009,4,chitinAA
41,HC,0.087,1,chitinAA
42,OA,-0.323,2,chitinAA
43,H,0.227,1,chitinAA
44,C,0.012,4,chitinAA
45,HC,0.162,1,chitinAA
46,N,-0.37,3,chitinAA
47,H,0.203,1,chitinAA
48,C,0.133,4,chitinAA
49,HC,0.11,1,chitinAA
50,OE,-0.25,2,chitinAA
51,C,-0.031,4,chitinAA
52,HC,0.131,1,chitinAA
53,C,-0.014,4,chitinAA
54,HC,0.109,1,chitinAA
55,OE,-0.322,2,chitinAA
56,C,-0.019,4,chitinAA
57,HC,0.092,1,chitinAA
58,HC,0.117,1,chitinAA
59,OA,-0.334,2,chitinAA
60,H,0.271,1,chitinAA
61,C,0.01,4,chitinAA
62,HC,0.092,1,chitinAA
63,OA,-0.324,2,chitinAA
64,H,0.222,1,chitinAA
65,C,0.011,4,chitinAA
66,HC,0.161,1,chitinAA
67,N,-0.369,3,chitinAA
68,H,0.204,1,chitinAA
69,C,0.133,4,chitinAA
70,HC,0.111,1,chitinAA
71,OE,-0.251,2,chitinAA
72,C,-0.031,4,chitinAA
73,HC,0.132,1,chitinAA
74,C,-0.014,4,chitinAA
75,HC,0.108,1,chitinAA
76,OE,-0.322,2,chitinAA
77,C,-0.019,4,chitinAA
78,HC,0.091,1,chitinAA
79,HC,0.117,1,chitinAA
80,OA,-0.333,2,chitinAA
81,H,0.271,1,chitinAA
82,C,0.01,4,chitinAA
83,HC,0.091,1,chitinAA
84,OA,-0.325,2,chitinAA
85,H,0.224,1,chitinAA
86,C,0.011,4,chitinAA
87,HC,0.161,1,chitinAA
88,N,-0.369,3,chitinAA
89,H,0.204,1,chitinAA
90,C,0.134,4,chitinAA
91,HC,0.11,1,chitinAA
92,OE,-0.251,2,chitinAA
93,C,-0.031,4,chitinAA
94,HC,0.132,1,chitinAA
95,C,-0.013,4,chitinAA
96,HC,0.108,1,chitinAA
97,OE,-0.323,2,chitinAA
98,C,-0.019,4,chitinAA
99,HC,0.091,1,chitinAA
100,HC,0.117,1,chitinAA
101,OA,-0.333,2,chitinAA
102,H,0.271,1,chitinAA
103,C,0.01,4,chitinAA
104,HC,0.092,1,chitinAA
105,OA,-0.325,2,chitinAA
106,H,0.223,1,chitinAA
107,C,0.011,4,chitinAA
108,HC,0.161,1,chitinAA
109,N,-0.368,3,chitinAA
110,H,0.203,1,chitinAA
111,C,0.134,4,chitinAA
112,HC,0.11,1,chitinAA
113,OE,-0.251,2,chitinAA
114,C,-0.031,4,chitinAA
115,HC,0.132,1,chitinAA
116,C,-0.014,4,chitinAA
117,HC,0.108,1,chitinAA
118,OE,-0.323,2,chitinAA
119,C,-0.019,4,chitinAA
120,HC,0.091,1,chitinAA
121,HC,0.117,1,chitinAA
122,OA,-0.332,2,chitinAA
123,H,0.271,1,chitinAA
124,C,0.01,4,chitinAA
125,HC,0.092,1,chitinAA
126,OA,-0.325,2,chitinAA
127,H,0.223,1,chitinAA
128,C,0.011,4,chitinAA
129,HC,0.161,1,chitinAA
130,N,-0.368,3,chitinAA
131,H,0.203,1,chitinAA
132,C,0.134,4,chitinAA
133,HC,0.11,1,chitinAA
134,OE,-0.251,2,chitinAA
135,C,-0.031,4,chitinAA
136,HC,0.132,1,chitinAA
137,C,-0.014,4,chitinAA
138,HC,0.108,1,chitinAA
139,OE,-0.323,2,chitinAA
140,C,-0.019,4,chitinAA
141,HC,0.091,1,chitinAA
142,HC,0.117,1,chitinAA
143,OA,-0.332,2,chitinAA
144,H,0.271,1,chitinAA
145,C,0.01,4,chitinAA
146,HC,0.091,1,chitinAA
147,OA,-0.325,2,chitinAA
148,H,0.224,1,chitinAA
149,C,0.011,4,chitinAA
150,HC,0.161,1,chitinAA
151,N,-0.368,3,chitinAA
152,H,0.203,1,chitinAA
153,C,0.134,4,chitinAA
154,HC,0.11,1,chitinAA
155,OE,-0.251,2,chitinAA
156,C,-0.031,4,chitinAA
157,HC,0.132,1,chitinAA
158,C,-0.014,4,chitinAA
159,HC,0.108,1,chitinAA
160,OE,-0.323,2,chitinAA
161,C,-0.019,4,chitinAA
162,HC,0.091,1,chitinAA
163,HC,0.117,1,chitinAA
164,OA,-0.332,2,chitinAA
165,H,0.271,1,chitinAA
166,C,0.01,4,chitinAA
167,HC,0.092,1,chitinAA
168,OA,-0.325,2,chitinAA
169,H,0.223,1,chitinAA
170,C,0.011,4,chitinAA
171,HC,0.161,1,chitinAA
172,N,-0.368,3,chitinAA
173,H,0.203,1,chitinAA
174,C,0.134,4,chitinAA
175,HC,0.11,1,chitinAA
176,OE,-0.251,2,chitinAA
177,C,-0.031,4,chitinAA
178,HC,0.132,1,chitinAA
179,C,-0.014,4,chitinAA
180,HC,0.108,1,chitinAA
181,OE,-0.323,2,chitinAA
182,C,-0.019,4,chitinAA
183,HC,0.091,1,chitinAA
184,HC,0.117,1,chitinAA
185,OA,-0.332,2,chitinAA
186,H,0.271,1,chitinAA
187,C,0.01,4,chitinAA
188,HC,0.092,1,chitinAA
189,OA,-0.325,2,chitinAA
190,H,0.223,1,chitinAA
191,C,0.011,4,chitinAA
192,HC,0.161,1,chitinAA
193,N,-0.368,3,chitinAA
194,H,0.204,1,chitinAA
195,C,0.134,4,chitinAA
196,HC,0.11,1,chitinAA
197,OE,-0.252,2,chitinAA
198,C,-0.031,4,chitinAA
199,HC,0.132,1,chitinAA
200,C,-0.014,4,chitinAA
201,HC,0.108,1,chitinAA
202,OE,-0.322,2,chitinAA
203,C,-0.019,4,chitinAA
204,HC,0.091,1,chitinAA
205,HC,0.117,1,chitinAA
206,OA,-0.332,2,chitinAA
207,H,0.27,1,chitinAA
208,C,0.01,4,chitinAA
209,HC,0.091,1,chitinAA
210,OA,-0.325,2,chitinAA
211,H,0.224,1,chitinAA
212,C,0.01,4,chitinAA
213,HC,0.161,1,chitinAA
214,N,-0.368,3,chitinAA
215,H,0.206,1,chitinAA
216,C,0.134,4,chitinAA
217,HC,0.109,1,chitinAA
218,OE,-0.252,2,chitinAA
219,C,-0.031,4,chitinAA
220,HC,0.132,1,chitinAA
221,C,-0.014,4,chitinAA
222,HC,0.109,1,chitinAA
223,OE,-0.324,2,chitinAA
224,C,-0.019,4,chitinAA
225,HC,0.089,1,chitinAA
226,HC,0.118,1,chitinAA
227,OA,-0.332,2,chitinAA
228,H,0.272,1,chitinAA
229,C,0.01,4,chitinAA
230,HC,0.091,1,chitinAA
231,OA,-0.325,2,chitinAA
232,H,0.224,1,chitinAA
233,C,0.011,4,chitinAA
234,HC,0.161,1,chitinAA
235,N,-0.368,3,chitinAA
236,H,0.204,1,chitinAA
237,C,0.134,4,chitinAA
238,HC,0.11,1,chitinAA
239,OE,-0.252,2,chitinAA
240,C,-0.032,4,chitinAA
241,HC,0.129,1,chitinAA
242,C,-0.018,4,chitinAA
243,HC,0.105,1,chitinAA
244,OE,-0.31,2,chitinAA
245,C,-0.017,4,chitinAA
246,HC,0.089,1,chitinAA
247,HC,0.112,1,chitinAA
248,OA,-0.337,2,chitinAA
249,H,0.279,1,chitinAA
250,C,0.019,4,chitinAA
251,HC,0.097,1,chitinAA
252,OA,-0.333,2,chitinAA
253,H,0.217,1,chitinAA
254,C,-0.026,4,chitinAA
255,HC,0.128,1,chitinAA
256,N,-0.367,3,chitinAA
257,H,0.265,1,chitinAA
258,C,0.145,4,chitinAA
259,HC,0.119,1,chitinAA
260,OA,-0.299,2,chitinAA
261,H,0.035,1,chitinAA
262,C,0.299,3,chitinAA
263,O,-0.384,1,chitinAA
264,C,-0.239,4,chitinAA
265,HC,0.108,1,chitinAA
266,HC,0.108,1,chitinAA
267,HC,0.108,1,chitinAA
268,C,0.28,3,chitinAA
269,O,-0.355,1,chitinAA
270,C,-0.243,4,chitinAA
271,HC,0.106,1,chitinAA
272,HC,0.106,1,chitinAA
273,HC,0.106,1,chitinAA
274,C,0.279,3,chitinAA
275,O,-0.354,1,chitinAA
276,C,-0.243,4,chitinAA
277,HC,0.106,1,chitinAA
278,HC,0.106,1,chitinAA
279,HC,0.106,1,chitinAA
280,C,0.28,3,chitinAA
281,O,-0.355,1,chitinAA
282,C,-0.243,4,chitinAA
283,HC,0.106,1,chitinAA
284,HC,0.106,1,chitinAA
285,HC,0.106,1,chitinAA
286,C,0.28,3,chitinAA
287,O,-0.355,1,chitinAA
288,C,-0.243,4,chitinAA
289,HC,0.106,1,chitinAA
290,HC,0.106,1,chitinAA
291,HC,0.106,1,chitinAA
292,C,0.28,3,chitinAA
293,O,-0.355,1,chitinAA
294,C,-0.243,4,chitinAA
295,HC,0.106,1,chitinAA
296,HC,0.106,1,chitinAA
297,HC,0.106,1,chitinAA
298,C,0.28,3,chitinAA
299,O,-0.355,1,chitinAA
300,C,-0.243,4,chitinAA
301,HC,0.106,1,chitinAA
302,HC,0.106,1,chitinAA
303,HC,0.106,1,chitinAA
304,C,0.277,3,chitinAA
305,O,-0.355,1,chitinAA
306,C,-0.243,4,chitinAA
307,HC,0.107,1,chitinAA
308,HC,0.107,1,chitinAA
309,HC,0.107,1,chitinAA
310,C,0.28,3,chitinAA
311,O,-0.355,1,chitinAA
312,C,-0.243,4,chitinAA
313,HC,0.106,1,chitinAA
314,HC,0.106,1,chitinAA
315,HC,0.106,1,chitinAA
316,C,0.277,3,chitinAA
317,O,-0.355,1,chitinAA
318,C,-0.243,4,chitinAA
319,HC,0.107,1,chitinAA
320,HC,0.107,1,chitinAA
321,HC,0.107,1,chitinAA
322,C,0.274,3,chitinAA
323,O,-0.352,1,chitinAA
324,C,-0.243,4,chitinAA
325,HC,0.107,1,chitinAA
326,HC,0.107,1,chitinAA
327,HC,0.107,1,chitinAA
