molecule,element,mass,coordination,neighbor_config,n_dihedrals,is_planar,avg_bond_len_A,avg_angle_deg,target_atom_type,target_charge
2S14,H,1.008,1,O,1,0,0.975,,HS14,0.446
2S14,O,15.9994,2,C-H,2,1,1.1675,109.5,OA,-0.583
2S14,C,12.011,3,C-O-O,4,1,1.3533,120.33,C,0.704
2S14,O,15.9994,1,C,2,0,1.22,,OE,-0.558
2S14,C,12.011,3,C-C-C,10,1,1.4267,120.0,CAro,-0.187
2S14,C,12.011,3,C-C-O,10,1,1.3933,119.33,CAro,0.395
2S14,O,15.9994,2,C-C,4,1,1.385,120.0,OE,-0.438
2S14,C,12.011,3,C-O-O,4,0,1.3633,119.83,C,0.8
2S14,O,15.9994,1,C,2,0,1.21,,OE,-0.57
2S14,C,12.011,4,C-H-H-H,3,0,1.1925,109.42,C,-0.515
2S14,H,1.008,1,C,1,0,1.09,,HC,0.16
2S14,H,1.008,1,C,0,0,1.09,,HC,0.16
2S14,H,1.008,1,C,0,0,1.09,,HC,0.16
2S14,C,12.011,3,C-C-H,8,1,1.29,120.0,CAro,-0.277
2S14,H,1.008,1,C,1,0,1.09,,HC,0.178
2S14,C,12.011,3,C-C-H,7,1,1.29,120.0,CAro,-0.052
2S14,H,1.008,1,C,1,0,1.09,,HC,0.142
2S14,C,12.011,3,C-C-H,7,0,1.29,120.0,CAro,-0.169
2S14,H,1.008,1,C,1,0,1.09,,HC,0.15
2S14,C,12.011,3,C-C-H,7,0,1.2933,120.0,CAro,-0.1
2S14,H,1.008,1,C,1,0,1.09,,HC,0.154
YR5V,H,1.008,1,C,0,0,1.09,,HC,0.13
YR5V,C,12.011,4,C-H-H-H,2,1,1.1975,110.5,C,-0.444
YR5V,H,1.008,1,C,1,0,1.09,,HC,0.13
YR5V,H,1.008,1,C,0,0,1.09,,HC,0.13
YR5V,C,12.011,3,C-N-O,5,1,1.3767,121.67,C,0.752
YR5V,O,15.9994,1,C,2,0,1.23,,OE,-0.639
YR5V,N,14.0067,3,C-C-H,6,1,1.2767,120.33,N,-0.704
YR5V,H,1.008,1,N,1,0,1.02,,HS14,0.384
YR5V,C,12.011,3,C-C-N,10,1,1.4033,120.0,CAro,0.361
YR5V,C,12.011,3,C-C-H,8,1,1.29,120.0,CAro,-0.244
YR5V,H,1.008,1,C,1,0,1.09,,HC,0.178
YR5V,C,12.011,3,C-C-H,8,1,1.29,120.0,CAro,-0.276
YR5V,H,1.008,1,C,1,0,1.09,,HC,0.18
YR5V,C,12.011,3,C-C-O,8,1,1.38,118.0,CAro,0.367
YR5V,O,15.9994,2,C-H,2,0,1.166,109.5,OA,-0.59
YR5V,H,1.008,1,O,1,0,0.972,,HS14,0.447
YR5V,C,12.011,3,C-C-H,7,0,1.29,120.0,CAro,-0.276
YR5V,H,1.008,1,C,1,0,1.09,,HC,0.18
YR5V,C,12.011,3,C-C-H,7,0,1.29,120.0,CAro,-0.244
YR5V,H,1.008,1,C,1,0,1.09,,HC,0.178
