molecule,element,mass,coordination,neighbor_config,n_dihedrals,is_planar,avg_bond_len_A,std_bond_len_A,avg_force_const_bond,avg_angle_deg,avg_force_const_angle,target_atom_type,target_charge,C_count,H_count,O_count,N_count
4,5,15.9994,2,14,2,0,1.2005,0.2295,8067350.0,109.5,450.0,15,-0.33,1,1,0,0
4,0,12.011,4,10,6,0,1.4025,0.1621,6952075.0,110.02,665.92,0,0.034,2,1,1,0
4,3,1.008,1,0,0,0,1.13,0.0,7048300.0,0.0,0.0,9,0.075,1,0,0,0
4,0,12.011,3,2,8,1,1.4467,0.0759,9472300.0,122.0,586.67,0,-0.102,3,0,0,0
4,0,12.011,4,3,7,1,1.5275,0.0109,5561125.0,110.0,523.33,0,-0.004,4,0,0,0
4,0,12.011,4,3,9,1,1.53,0.01,4823300.0,110.33,789.39,0,-0.044,4,0,0,0
4,0,12.011,3,7,6,0,1.3067,0.1569,9443333.33,120.33,398.33,0,-0.162,2,1,0,0
4,3,1.008,1,0,1,0,1.1,0.0,12100000.0,0.0,0.0,9,0.121,1,0,0,0
3,5,15.9994,1,23,1,0,1.23,0.0,16600000.0,0.0,0.0,18,-0.446,0,0,0,1
3,4,14.0067,3,22,3,0,1.31,0.1131,13970000.0,121.33,763.33,14,0.713,1,0,2,0
3,5,15.9994,1,23,2,0,1.23,0.0,16600000.0,0.0,0.0,18,-0.446,0,0,0,1
3,0,12.011,3,11,9,1,1.4167,0.0377,8676666.67,122.0,586.67,0,0.074,2,0,0,1
3,0,12.011,3,7,8,1,1.29,0.1414,9873333.33,120.0,523.33,0,-0.263,2,1,0,0
3,3,1.008,1,0,1,0,1.09,0.0,12300000.0,0.0,0.0,9,0.189,1,0,0,0
3,0,12.011,3,7,7,1,1.29,0.1414,9873333.33,120.0,523.33,0,-0.029,2,1,0,0
3,3,1.008,1,0,1,0,1.09,0.0,12300000.0,0.0,0.0,9,0.149,1,0,0,0
3,0,12.011,3,7,7,0,1.2933,0.1438,9833333.33,120.0,523.33,0,-0.304,2,1,0,0
3,3,1.008,1,0,1,0,1.09,0.0,12300000.0,0.0,0.0,9,0.184,1,0,0,0
3,0,12.011,3,12,8,0,1.3833,0.017,9133333.33,119.33,626.67,0,0.416,2,0,1,0
3,5,15.9994,2,14,2,0,1.166,0.194,14890500.0,109.5,450.0,16,-0.578,1,1,0,0
3,0,12.011,3,7,8,1,1.29,0.1414,9873333.33,120.0,523.33,0,-0.319,2,1,0,0
3,3,1.008,1,0,1,0,1.09,0.0,12300000.0,0.0,0.0,9,0.21,1,0,0,0
5,5,15.9994,2,14,2,0,1.162,0.178,15578000.0,109.5,450.0,16,-0.567,1,1,0,0
5,0,12.011,3,12,9,1,1.3867,0.034,7421200.0,121.0,611.67,0,0.379,2,0,1,0
5,0,12.011,3,11,9,1,1.4183,0.0143,5954533.33,120.0,560.0,0,-0.12,2,0,0,1
5,4,14.0067,3,22,3,0,1.2983,0.0966,13100000.0,119.0,2782.86,14,0.599,1,0,2,0
5,5,15.9994,1,23,2,0,1.23,0.0,16600000.0,0.0,0.0,18,-0.429,0,0,0,1
5,5,15.9994,1,23,1,0,1.23,0.0,16600000.0,0.0,0.0,18,-0.429,0,0,0,1
5,0,12.011,3,7,8,1,1.2933,0.1438,9833333.33,120.0,523.33,0,-0.245,2,1,0,0
5,3,1.008,1,0,1,0,1.09,0.0,12300000.0,0.0,0.0,9,0.178,1,0,0,0
5,0,12.011,3,7,7,1,1.2933,0.1438,9833333.33,120.0,523.33,0,-0.06,2,1,0,0
5,3,1.008,1,0,1,0,1.09,0.0,12300000.0,0.0,0.0,9,0.146,1,0,0,0
5,0,12.011,3,7,7,1,1.2933,0.1438,9833333.33,120.0,523.33,0,-0.153,2,1,0,0
5,3,1.008,1,0,1,0,1.09,0.0,12300000.0,0.0,0.0,9,0.149,1,0,0,0
5,0,12.011,3,7,7,0,1.2933,0.1438,9833333.33,120.0,523.33,0,-0.109,2,1,0,0
5,3,1.008,1,0,1,0,1.09,0.0,12300000.0,0.0,0.0,9,0.151,1,0,0,0
0,5,15.9994,2,14,2,1,1.176,0.204,15290500.0,109.5,450.0,15,-0.608,1,1,0,0
0,0,12.011,3,12,8,1,1.3867,0.0047,9440000.0,118.0,610.0,0,0.403,2,0,1,0
0,0,12.011,3,7,8,1,1.29,0.1414,9873333.33,120.0,523.33,0,-0.319,2,1,0,0
0,3,1.008,1,0,1,0,1.09,0.0,12300000.0,0.0,0.0,9,0.171,1,0,0,0
0,0,12.011,3,7,8,1,1.29,0.1414,9873333.33,120.0,523.33,0,-0.126,2,1,0,0
0,3,1.008,1,0,1,0,1.09,0.0,12300000.0,0.0,0.0,9,0.131,1,0,0,0
0,0,12.011,3,2,9,1,1.44,0.0707,7108566.67,120.0,560.0,0,-0.065,3,0,0,0
0,0,12.011,3,7,7,0,1.29,0.1414,9873333.33,120.0,523.33,0,-0.126,2,1,0,0
0,3,1.008,1,0,1,0,1.09,0.0,12300000.0,0.0,0.0,9,0.131,1,0,0,0
0,0,12.011,3,7,7,0,1.29,0.1414,9873333.33,120.0,523.33,0,-0.319,2,1,0,0
0,3,1.008,1,0,1,0,1.09,0.0,12300000.0,0.0,0.0,9,0.171,1,0,0,0
0,0,12.011,4,3,6,1,1.54,0.0,4005700.0,110.5,526.67,0,0.446,4,0,0,0
0,0,12.011,4,16,1,0,1.2025,0.1949,10226425.0,108.55,477.5,0,-0.397,1,3,0,0
0,3,1.008,1,0,1,0,1.09,0.0,12300000.0,0.0,0.0,9,0.094,1,0,0,0
0,3,1.008,1,0,0,0,1.09,0.0,12300000.0,0.0,0.0,9,0.094,1,0,0,0
0,3,1.008,1,0,0,0,1.09,0.0,12300000.0,0.0,0.0,9,0.094,1,0,0,0
0,0,12.011,4,16,1,0,1.2025,0.1949,10226425.0,108.55,477.5,0,-0.397,1,3,0,0
0,3,1.008,1,0,1,0,1.09,0.0,12300000.0,0.0,0.0,9,0.094,1,0,0,0
0,3,1.008,1,0,0,0,1.09,0.0,12300000.0,0.0,0.0,9,0.094,1,0,0,0
0,3,1.008,1,0,0,0,1.09,0.0,12300000.0,0.0,0.0,9,0.094,1,0,0,0
0,0,12.011,3,2,11,1,1.44,0.0707,7108566.67,120.0,560.0,0,-0.065,3,0,0,0
0,0,12.011,3,7,8,1,1.29,0.1414,9873333.33,120.0,523.33,0,-0.126,2,1,0,0
0,3,1.008,1,0,1,0,1.09,0.0,12300000.0,0.0,0.0,9,0.131,1,0,0,0
0,0,12.011,3,7,8,1,1.29,0.1414,9873333.33,120.0,523.33,0,-0.319,2,1,0,0
0,3,1.008,1,0,1,0,1.09,0.0,12300000.0,0.0,0.0,9,0.171,1,0,0,0
0,0,12.011,3,12,8,1,1.3867,0.0047,9440000.0,118.0,610.0,0,0.403,2,0,1,0
0,5,15.9994,2,14,2,0,1.176,0.204,15290500.0,109.5,450.0,15,-0.608,1,1,0,0
0,0,12.011,3,7,7,0,1.29,0.1414,9873333.33,120.0,523.33,0,-0.319,2,1,0,0
0,3,1.008,1,0,1,0,1.09,0.0,12300000.0,0.0,0.0,9,0.171,1,0,0,0
0,0,12.011,3,7,7,0,1.29,0.1414,9873333.33,120.0,523.33,0,-0.126,2,1,0,0
0,3,1.008,1,0,1,0,1.09,0.0,12300000.0,0.0,0.0,9,0.131,1,0,0,0
2,3,1.008,1,0,1,1,1.09,0.0,12300000.0,0.0,0.0,9,0.142,1,0,0,0
2,0,12.011,3,7,7,1,1.29,0.1414,9873333.33,120.0,523.33,0,-0.022,2,1,0,0
2,0,12.011,3,7,7,1,1.29,0.1414,9873333.33,120.0,523.33,0,-0.32,2,1,0,0
2,3,1.008,1,0,1,0,1.09,0.0,12300000.0,0.0,0.0,9,0.212,1,0,0,0
2,0,12.011,3,11,11,1,1.3967,0.0047,8580000.0,120.0,560.0,0,0.27,2,0,0,1
2,4,14.0067,3,7,5,1,1.2567,0.1752,13272000.0,119.67,526.67,11,-0.575,2,1,0,0
2,0,12.011,3,25,6,0,1.31,0.0707,13402333.33,122.33,1223.8,0,0.82,0,0,2,1
2,5,15.9994,1,0,2,0,1.21,0.0,19807000.0,0.0,0.0,17,-0.591,1,0,0,0
2,5,15.9994,2,1,6,0,1.41,0.05,7445650.0,124.0,3074.03,17,-0.37,2,0,0,0
2,0,12.011,4,5,5,0,1.5,0.0424,4473625.0,110.0,523.33,0,0.04,3,0,1,0
2,0,12.011,4,13,1,0,1.4025,0.0909,8495475.0,109.0,1680.51,0,0.367,1,0,0,0
2,2,18.9984,1,0,1,0,1.35,0.0,10300000.0,0.0,0.0,7,-0.129,1,0,0,0
2,2,18.9984,1,0,0,0,1.35,0.0,10300000.0,0.0,0.0,7,-0.129,1,0,0,0
2,2,18.9984,1,0,0,0,1.35,0.0,10300000.0,0.0,0.0,7,-0.129,1,0,0,0
2,0,12.011,3,2,10,1,1.4367,0.0591,7543333.33,120.0,560.0,0,0.119,3,0,0,0
2,0,12.011,3,7,7,0,1.29,0.1414,9873333.33,120.0,523.33,0,-0.195,2,1,0,0
2,3,1.008,1,0,1,0,1.09,0.0,12300000.0,0.0,0.0,9,0.198,1,0,0,0
2,0,12.011,3,2,7,0,1.5133,0.1744,6252200.0,120.0,560.0,0,-0.022,3,0,0,0
2,0,12.011,2,1,0,0,1.335,0.125,12249150.0,180.0,500.0,0,-0.05,2,0,0,0
2,0,12.011,2,1,0,0,1.3225,0.1125,12953500.0,180.0,500.0,0,-0.104,2,0,0,0
2,0,12.011,4,4,3,0,1.3937,0.1792,7745000.0,109.17,676.36,0,-0.023,3,1,0,0
2,3,1.008,1,0,0,0,1.09,0.0,12300000.0,0.0,0.0,9,0.156,1,0,0,0
2,0,12.011,4,8,3,0,1.3025,0.2128,8826400.0,109.33,805.78,0,-0.273,2,2,0,0
2,3,1.008,1,0,1,0,1.09,0.0,12300000.0,0.0,0.0,9,0.149,1,0,0,0
2,3,1.008,1,0,0,0,1.09,0.0,12300000.0,0.0,0.0,9,0.15,1,0,0,0
2,0,12.011,4,8,3,0,1.3,0.2101,8396400.0,109.33,805.78,0,-0.256,2,2,0,0
2,3,1.008,1,0,2,0,1.09,0.0,12300000.0,0.0,0.0,9,0.15,1,0,0,0
2,3,1.008,1,0,0,0,1.09,0.0,12300000.0,0.0,0.0,9,0.142,1,0,0,0
6,5,15.9994,1,23,1,0,1.23,0.0,16600000.0,0.0,0.0,18,-0.44,0,0,0,1
6,4,14.0067,3,22,3,0,1.3033,0.1037,12810633.33,119.47,667.33,14,0.644,1,0,2,0
6,5,15.9994,1,23,2,0,1.23,0.0,16600000.0,0.0,0.0,18,-0.44,0,0,0,1
6,0,12.011,3,11,9,1,1.41,0.0283,7517300.0,120.0,560.0,0,0.022,2,0,0,1
6,0,12.011,3,7,7,0,1.29,0.1414,9873333.33,120.0,523.33,0,-0.129,2,1,0,0
6,3,1.008,1,0,1,0,1.09,0.0,12300000.0,0.0,0.0,9,0.163,1,0,0,0
6,0,12.011,3,7,7,0,1.2933,0.1438,9833333.33,120.0,523.33,0,-0.259,2,1,0,0
6,3,1.008,1,0,1,0,1.09,0.0,12300000.0,0.0,0.0,9,0.178,1,0,0,0
6,0,12.011,3,12,8,1,1.3867,0.0189,9093333.33,118.0,610.0,0,0.422,2,0,1,0
6,5,15.9994,2,14,2,0,1.166,0.194,14890500.0,109.5,450.0,16,-0.576,1,1,0,0
6,0,12.011,3,7,8,1,1.2933,0.1438,9833333.33,120.0,523.33,0,-0.259,2,1,0,0
6,3,1.008,1,0,1,0,1.09,0.0,12300000.0,0.0,0.0,9,0.178,1,0,0,0
6,0,12.011,3,7,8,1,1.29,0.1414,9873333.33,120.0,523.33,0,-0.129,2,1,0,0
6,3,1.008,1,0,1,0,1.09,0.0,12300000.0,0.0,0.0,9,0.163,1,0,0,0
7,0,12.011,3,24,6,1,1.47,0.1699,5355400.0,121.0,1948.48,0,0.075,0,0,0,2
7,4,14.0067,3,18,6,0,1.2467,0.1603,10498766.67,118.67,1120.47,12,0.113,1,1,0,1
7,4,14.0067,2,20,6,1,1.32,0.04,7236250.0,119.0,2211.4,12,-0.256,1,0,0,1
7,0,12.011,3,18,5,1,1.28,0.1551,8427500.0,120.0,523.33,0,-0.001,1,1,0,1
7,3,1.008,1,0,1,0,1.09,0.0,12300000.0,0.0,0.0,9,0.158,1,0,0,0
7,3,1.008,1,0,1,0,1.09,0.0,12300000.0,0.0,0.0,9,0.134,1,0,0,0
7,3,1.008,1,0,1,0,1.09,0.0,12300000.0,0.0,0.0,9,0.154,1,0,0,0
7,3,1.008,1,0,1,0,1.09,0.0,12300000.0,0.0,0.0,9,0.129,1,0,0,0
7,3,1.008,1,0,1,0,1.09,0.0,12300000.0,0.0,0.0,9,0.091,1,0,0,0
1,3,1.008,1,0,0,0,1.12,0.0,37000000.0,0.0,0.0,9,0.11,1,0,0,0
1,0,12.011,4,16,3,1,1.2175,0.1689,28681975.0,108.76,1061.75,0,-0.24,1,3,0,0
1,3,1.008,1,0,1,0,1.12,0.0,37000000.0,0.0,0.0,9,0.11,1,0,0,0
1,3,1.008,1,0,0,0,1.12,0.0,37000000.0,0.0,0.0,9,0.11,1,0,0,0
1,0,12.011,3,21,5,0,1.38,0.1061,9375966.67,120.0,675.0,0,0.29,1,0,1,1
1,5,15.9994,1,0,1,0,1.25,0.0,13400000.0,0.0,0.0,15,-0.38,1,0,0,0
1,4,14.0067,3,7,5,0,1.2667,0.2004,33185000.0,120.33,488.33,11,-0.379,2,1,0,0
1,0,12.011,4,9,9,1,1.4162,0.172,5111700.0,109.92,509.17,0,-0.018,2,1,0,1
1,3,1.008,1,0,0,0,1.13,0.0,7048300.0,0.0,0.0,9,0.143,1,0,0,0
1,0,12.011,4,19,7,0,1.385,0.1572,5383450.0,109.48,788.89,0,0.144,1,1,2,0
1,3,1.008,1,0,0,0,1.13,0.0,7048300.0,0.0,0.0,9,0.11,1,0,0,0
1,5,15.9994,2,1,5,0,1.425,0.005,5701800.0,109.5,450.0,17,-0.268,2,0,0,0
1,5,15.9994,2,1,2,0,1.43,0.0,8180000.0,109.5,450.0,17,-0.316,2,0,0,0
1,0,12.011,4,10,6,0,1.4025,0.1681,14870000.0,109.87,1205.58,0,0.005,2,1,1,0
1,3,1.008,1,0,0,0,1.12,0.0,37000000.0,0.0,0.0,9,0.101,1,0,0,0
1,0,12.011,4,17,3,0,1.295,0.1801,21922225.0,109.27,673.26,0,-0.011,1,2,1,0
1,3,1.008,1,0,0,0,1.12,0.0,37000000.0,0.0,0.0,9,0.077,1,0,0,0
1,3,1.008,1,0,0,0,1.12,0.0,37000000.0,0.0,0.0,9,0.133,1,0,0,0
1,5,15.9994,2,14,2,0,1.1905,0.2195,7246800.0,109.5,450.0,16,-0.32,1,1,0,0
1,0,12.011,4,10,6,0,1.4025,0.1636,6142975.0,109.67,497.33,0,-0.023,2,1,1,0
1,3,1.008,1,0,0,0,1.13,0.0,7048300.0,0.0,0.0,9,0.108,1,0,0,0
1,5,15.9994,2,14,1,0,1.1955,0.2245,5589150.0,109.5,450.0,16,-0.323,1,1,0,0
1,0,12.011,4,10,6,0,1.4025,0.1654,6238450.0,109.13,496.17,0,-0.025,2,1,1,0
1,3,1.008,1,0,0,0,1.13,0.0,7048300.0,0.0,0.0,9,0.123,1,0,0,0
1,5,15.9994,2,14,1,0,1.1905,0.2195,7246800.0,109.5,450.0,16,-0.327,1,1,0,0
1,0,12.011,4,10,7,0,1.4025,0.1681,14870000.0,109.98,1936.49,0,-0.029,2,1,1,0
1,3,1.008,1,0,0,0,1.12,0.0,37000000.0,0.0,0.0,9,0.137,1,0,0,0
1,0,12.011,4,10,5,0,1.4025,0.1681,14870000.0,109.98,1217.91,0,-0.014,2,1,1,0
1,3,1.008,1,0,0,0,1.12,0.0,37000000.0,0.0,0.0,9,0.104,1,0,0,0
1,5,15.9994,2,1,2,0,1.43,0.0,8180000.0,109.5,450.0,17,-0.32,2,0,0,0
1,0,12.011,4,17,3,0,1.295,0.1801,21922225.0,109.37,907.01,0,-0.015,1,2,1,0
1,3,1.008,1,0,0,0,1.12,0.0,37000000.0,0.0,0.0,9,0.094,1,0,0,0
1,3,1.008,1,0,0,0,1.12,0.0,37000000.0,0.0,0.0,9,0.105,1,0,0,0
1,5,15.9994,2,14,2,0,1.1905,0.2195,7246800.0,109.5,450.0,16,-0.332,1,1,0,0
1,0,12.011,4,10,5,0,1.4075,0.1698,5954775.0,109.92,677.58,0,0.009,2,1,1,0
1,3,1.008,1,0,0,0,1.13,0.0,7048300.0,0.0,0.0,9,0.087,1,0,0,0
1,5,15.9994,2,14,1,0,1.1905,0.2195,7246800.0,109.5,450.0,16,-0.323,1,1,0,0
1,0,12.011,4,9,9,1,1.4213,0.1757,4828025.0,110.17,708.08,0,0.012,2,1,0,1
1,3,1.008,1,0,0,0,1.13,0.0,7048300.0,0.0,0.0,9,0.162,1,0,0,0
1,4,14.0067,3,7,5,0,1.275,0.1953,11153333.33,119.33,518.33,11,-0.37,2,1,0,0
1,0,12.011,4,19,7,0,1.3825,0.1567,6212275.0,109.63,790.06,0,0.133,1,1,2,0
1,3,1.008,1,0,0,0,1.13,0.0,7048300.0,0.0,0.0,9,0.11,1,0,0,0
1,5,15.9994,2,1,5,0,1.42,0.01,7359450.0,109.5,450.0,17,-0.25,2,0,0,0
1,0,12.011,4,10,7,0,1.4025,0.1681,14870000.0,109.98,1936.49,0,-0.031,2,1,1,0
1,3,1.008,1,0,0,0,1.12,0.0,37000000.0,0.0,0.0,9,0.131,1,0,0,0
1,0,12.011,4,10,5,0,1.4025,0.1681,14870000.0,109.98,1217.91,0,-0.014,2,1,1,0
1,3,1.008,1,0,0,0,1.12,0.0,37000000.0,0.0,0.0,9,0.109,1,0,0,0
1,5,15.9994,2,1,2,0,1.43,0.0,8180000.0,109.5,450.0,17,-0.322,2,0,0,0
1,0,12.011,4,17,3,0,1.295,0.1801,21922225.0,109.37,907.01,0,-0.019,1,2,1,0
1,3,1.008,1,0,0,0,1.12,0.0,37000000.0,0.0,0.0,9,0.092,1,0,0,0
1,3,1.008,1,0,0,0,1.12,0.0,37000000.0,0.0,0.0,9,0.117,1,0,0,0
1,5,15.9994,2,14,2,0,1.1905,0.2195,7246800.0,109.5,450.0,16,-0.334,1,1,0,0
1,0,12.011,4,10,5,0,1.41,0.1699,5125950.0,109.92,677.58,0,0.01,2,1,1,0
1,3,1.008,1,0,0,0,1.13,0.0,7048300.0,0.0,0.0,9,0.092,1,0,0,0
1,5,15.9994,2,14,1,0,1.1955,0.2245,5589150.0,109.5,450.0,16,-0.324,1,1,0,0
1,0,12.011,4,9,9,1,1.4213,0.1757,4828025.0,109.5,694.75,0,0.011,2,1,0,1
1,3,1.008,1,0,0,0,1.13,0.0,7048300.0,0.0,0.0,9,0.161,1,0,0,0
1,4,14.0067,3,7,5,0,1.275,0.1953,11153333.33,119.33,518.33,11,-0.369,2,1,0,0
1,0,12.011,4,19,7,0,1.3825,0.1567,6212275.0,109.63,790.06,0,0.133,1,1,2,0
1,3,1.008,1,0,0,0,1.13,0.0,7048300.0,0.0,0.0,9,0.111,1,0,0,0
1,5,15.9994,2,1,5,0,1.42,0.01,7359450.0,109.5,450.0,17,-0.251,2,0,0,0
1,0,12.011,4,10,7,0,1.4025,0.1681,14870000.0,109.98,1936.49,0,-0.031,2,1,1,0
1,3,1.008,1,0,0,0,1.12,0.0,37000000.0,0.0,0.0,9,0.132,1,0,0,0
1,0,12.011,4,10,5,0,1.4025,0.1681,14870000.0,109.98,1217.91,0,-0.014,2,1,1,0
1,3,1.008,1,0,0,0,1.12,0.0,37000000.0,0.0,0.0,9,0.108,1,0,0,0
1,5,15.9994,2,1,2,0,1.43,0.0,8180000.0,109.5,450.0,17,-0.322,2,0,0,0
1,0,12.011,4,17,3,0,1.295,0.1801,21922225.0,109.37,907.01,0,-0.019,1,2,1,0
1,3,1.008,1,0,0,0,1.12,0.0,37000000.0,0.0,0.0,9,0.091,1,0,0,0
1,3,1.008,1,0,0,0,1.12,0.0,37000000.0,0.0,0.0,9,0.117,1,0,0,0
1,5,15.9994,2,14,2,0,1.1905,0.2195,7246800.0,109.5,450.0,16,-0.333,1,1,0,0
1,0,12.011,4,10,5,0,1.4075,0.1698,5954775.0,109.92,677.58,0,0.01,2,1,1,0
1,3,1.008,1,0,0,0,1.13,0.0,7048300.0,0.0,0.0,9,0.091,1,0,0,0
1,5,15.9994,2,14,1,0,1.1905,0.2195,7246800.0,109.5,450.0,16,-0.325,1,1,0,0
1,0,12.011,4,9,9,1,1.4213,0.1757,4828025.0,109.5,694.75,0,0.011,2,1,0,1
1,3,1.008,1,0,0,0,1.13,0.0,7048300.0,0.0,0.0,9,0.161,1,0,0,0
1,4,14.0067,3,7,5,0,1.275,0.1953,11153333.33,119.33,518.33,11,-0.369,2,1,0,0
1,0,12.011,4,19,7,0,1.3825,0.1567,6212275.0,109.63,790.06,0,0.134,1,1,2,0
1,3,1.008,1,0,0,0,1.13,0.0,7048300.0,0.0,0.0,9,0.11,1,0,0,0
1,5,15.9994,2,1,5,0,1.42,0.01,7359450.0,109.5,450.0,17,-0.251,2,0,0,0
1,0,12.011,4,10,7,0,1.4025,0.1681,14870000.0,109.98,1936.49,0,-0.031,2,1,1,0
1,3,1.008,1,0,0,0,1.12,0.0,37000000.0,0.0,0.0,9,0.132,1,0,0,0
1,0,12.011,4,10,5,0,1.4025,0.1681,14870000.0,109.98,1217.91,0,-0.013,2,1,1,0
1,3,1.008,1,0,0,0,1.12,0.0,37000000.0,0.0,0.0,9,0.108,1,0,0,0
1,5,15.9994,2,1,2,0,1.43,0.0,8180000.0,109.5,450.0,17,-0.323,2,0,0,0
1,0,12.011,4,17,3,0,1.295,0.1801,21922225.0,109.37,907.01,0,-0.019,1,2,1,0
1,3,1.008,1,0,0,0,1.12,0.0,37000000.0,0.0,0.0,9,0.091,1,0,0,0
1,3,1.008,1,0,0,0,1.12,0.0,37000000.0,0.0,0.0,9,0.117,1,0,0,0
1,5,15.9994,2,14,2,0,1.1905,0.2195,7246800.0,109.5,450.0,16,-0.333,1,1,0,0
1,0,12.011,4,10,5,0,1.4075,0.1698,5954775.0,109.83,910.17,0,0.01,2,1,1,0
1,3,1.008,1,0,0,0,1.13,0.0,7048300.0,0.0,0.0,9,0.092,1,0,0,0
1,5,15.9994,2,14,1,0,1.1905,0.2195,7246800.0,109.5,450.0,16,-0.325,1,1,0,0
1,0,12.011,4,9,9,1,1.4213,0.1757,4828025.0,109.5,694.75,0,0.011,2,1,0,1
1,3,1.008,1,0,0,0,1.13,0.0,7048300.0,0.0,0.0,9,0.161,1,0,0,0
1,4,14.0067,3,7,5,0,1.275,0.1953,11153333.33,119.33,518.33,11,-0.368,2,1,0,0
1,0,12.011,4,19,7,0,1.3825,0.1567,6212275.0,109.63,790.06,0,0.134,1,1,2,0
1,3,1.008,1,0,0,0,1.13,0.0,7048300.0,0.0,0.0,9,0.11,1,0,0,0
1,5,15.9994,2,1,5,0,1.42,0.01,7359450.0,109.5,450.0,17,-0.251,2,0,0,0
1,0,12.011,4,10,7,0,1.4025,0.1681,14870000.0,109.98,1936.49,0,-0.031,2,1,1,0
1,3,1.008,1,0,0,0,1.12,0.0,37000000.0,0.0,0.0,9,0.132,1,0,0,0
1,0,12.011,4,10,5,0,1.4025,0.1681,14870000.0,109.98,1217.91,0,-0.014,2,1,1,0
1,3,1.008,1,0,0,0,1.12,0.0,37000000.0,0.0,0.0,9,0.108,1,0,0,0
1,5,15.9994,2,1,2,0,1.43,0.0,8180000.0,109.5,450.0,17,-0.323,2,0,0,0
1,0,12.011,4,17,3,0,1.295,0.1801,21922225.0,109.37,907.01,0,-0.019,1,2,1,0
1,3,1.008,1,0,0,0,1.12,0.0,37000000.0,0.0,0.0,9,0.091,1,0,0,0
1,3,1.008,1,0,0,0,1.12,0.0,37000000.0,0.0,0.0,9,0.117,1,0,0,0
1,5,15.9994,2,14,2,0,1.1905,0.2195,7246800.0,109.5,450.0,16,-0.332,1,1,0,0
1,0,12.011,4,10,5,0,1.4075,0.1698,5954775.0,109.83,910.17,0,0.01,2,1,1,0
1,3,1.008,1,0,0,0,1.13,0.0,7048300.0,0.0,0.0,9,0.092,1,0,0,0
1,5,15.9994,2,14,1,0,1.1905,0.2195,7246800.0,109.5,450.0,16,-0.325,1,1,0,0
1,0,12.011,4,9,9,1,1.4213,0.1757,4828025.0,109.5,694.75,0,0.011,2,1,0,1
1,3,1.008,1,0,0,0,1.13,0.0,7048300.0,0.0,0.0,9,0.161,1,0,0,0
1,4,14.0067,3,7,5,0,1.275,0.1953,11153333.33,119.33,518.33,11,-0.368,2,1,0,0
1,0,12.011,4,19,7,0,1.3825,0.1567,6212275.0,109.63,790.06,0,0.134,1,1,2,0
1,3,1.008,1,0,0,0,1.13,0.0,7048300.0,0.0,0.0,9,0.11,1,0,0,0
1,5,15.9994,2,1,5,0,1.42,0.01,7359450.0,109.5,450.0,17,-0.251,2,0,0,0
1,0,12.011,4,10,7,0,1.4025,0.1681,14870000.0,109.98,1936.49,0,-0.031,2,1,1,0
1,3,1.008,1,0,0,0,1.12,0.0,37000000.0,0.0,0.0,9,0.132,1,0,0,0
1,0,12.011,4,10,5,0,1.4025,0.1681,14870000.0,109.98,1217.91,0,-0.014,2,1,1,0
1,3,1.008,1,0,0,0,1.12,0.0,37000000.0,0.0,0.0,9,0.108,1,0,0,0
1,5,15.9994,2,1,2,0,1.43,0.0,8180000.0,109.5,450.0,17,-0.323,2,0,0,0
1,0,12.011,4,17,3,0,1.295,0.1801,21922225.0,109.37,907.01,0,-0.019,1,2,1,0
1,3,1.008,1,0,0,0,1.12,0.0,37000000.0,0.0,0.0,9,0.091,1,0,0,0
1,3,1.008,1,0,0,0,1.12,0.0,37000000.0,0.0,0.0,9,0.117,1,0,0,0
1,5,15.9994,2,14,2,0,1.1905,0.2195,7246800.0,109.5,450.0,16,-0.332,1,1,0,0
1,0,12.011,4,10,5,0,1.4075,0.1698,5954775.0,109.83,910.17,0,0.01,2,1,1,0
1,3,1.008,1,0,0,0,1.13,0.0,7048300.0,0.0,0.0,9,0.091,1,0,0,0
1,5,15.9994,2,14,1,0,1.1905,0.2195,7246800.0,109.5,450.0,16,-0.325,1,1,0,0
1,0,12.011,4,9,9,1,1.4213,0.1757,4828025.0,109.5,694.75,0,0.011,2,1,0,1
1,3,1.008,1,0,0,0,1.13,0.0,7048300.0,0.0,0.0,9,0.161,1,0,0,0
1,4,14.0067,3,7,5,0,1.275,0.1953,11153333.33,119.33,518.33,11,-0.368,2,1,0,0
1,0,12.011,4,19,7,0,1.3825,0.1567,6212275.0,109.63,790.06,0,0.134,1,1,2,0
1,3,1.008,1,0,0,0,1.13,0.0,7048300.0,0.0,0.0,9,0.11,1,0,0,0
1,5,15.9994,2,1,5,0,1.42,0.01,7359450.0,109.5,450.0,17,-0.251,2,0,0,0
1,0,12.011,4,10,7,0,1.4025,0.1681,14870000.0,109.98,1936.49,0,-0.031,2,1,1,0
1,3,1.008,1,0,0,0,1.12,0.0,37000000.0,0.0,0.0,9,0.132,1,0,0,0
1,0,12.011,4,10,5,0,1.4025,0.1681,14870000.0,109.98,1217.91,0,-0.014,2,1,1,0
1,3,1.008,1,0,0,0,1.12,0.0,37000000.0,0.0,0.0,9,0.108,1,0,0,0
1,5,15.9994,2,1,2,0,1.43,0.0,8180000.0,109.5,450.0,17,-0.323,2,0,0,0
1,0,12.011,4,17,3,0,1.295,0.1801,21922225.0,109.37,907.01,0,-0.019,1,2,1,0
1,3,1.008,1,0,0,0,1.12,0.0,37000000.0,0.0,0.0,9,0.091,1,0,0,0
1,3,1.008,1,0,0,0,1.12,0.0,37000000.0,0.0,0.0,9,0.117,1,0,0,0
1,5,15.9994,2,14,2,0,1.1905,0.2195,7246800.0,109.5,450.0,16,-0.332,1,1,0,0
1,0,12.011,4,10,5,0,1.4075,0.1698,5954775.0,109.83,910.17,0,0.01,2,1,1,0
1,3,1.008,1,0,0,0,1.13,0.0,7048300.0,0.0,0.0,9,0.092,1,0,0,0
1,5,15.9994,2,14,1,0,1.1905,0.2195,7246800.0,109.5,450.0,16,-0.325,1,1,0,0
1,0,12.011,4,9,9,1,1.4213,0.1757,4828025.0,109.5,694.75,0,0.011,2,1,0,1
1,3,1.008,1,0,0,0,1.13,0.0,7048300.0,0.0,0.0,9,0.161,1,0,0,0
1,4,14.0067,3,7,5,0,1.275,0.1953,11153333.33,119.33,518.33,11,-0.368,2,1,0,0
1,0,12.011,4,19,7,0,1.3825,0.1567,6212275.0,109.63,790.06,0,0.134,1,1,2,0
1,3,1.008,1,0,0,0,1.13,0.0,7048300.0,0.0,0.0,9,0.11,1,0,0,0
1,5,15.9994,2,1,5,0,1.42,0.01,7359450.0,109.5,450.0,17,-0.251,2,0,0,0
1,0,12.011,4,10,7,0,1.4025,0.1681,14870000.0,109.98,1936.49,0,-0.031,2,1,1,0
1,3,1.008,1,0,0,0,1.12,0.0,37000000.0,0.0,0.0,9,0.132,1,0,0,0
1,0,12.011,4,10,5,0,1.4025,0.1681,14870000.0,109.98,1217.91,0,-0.014,2,1,1,0
1,3,1.008,1,0,0,0,1.12,0.0,37000000.0,0.0,0.0,9,0.108,1,0,0,0
1,5,15.9994,2,1,2,0,1.43,0.0,8180000.0,109.5,450.0,17,-0.323,2,0,0,0
1,0,12.011,4,17,3,0,1.295,0.1801,21922225.0,109.37,907.01,0,-0.019,1,2,1,0
1,3,1.008,1,0,0,0,1.12,0.0,37000000.0,0.0,0.0,9,0.091,1,0,0,0
1,3,1.008,1,0,0,0,1.12,0.0,37000000.0,0.0,0.0,9,0.117,1,0,0,0
1,5,15.9994,2,14,2,0,1.1905,0.2195,7246800.0,109.5,450.0,16,-0.332,1,1,0,0
1,0,12.011,4,10,5,0,1.4075,0.1698,5954775.0,109.83,910.17,0,0.01,2,1,1,0
1,3,1.008,1,0,0,0,1.13,0.0,7048300.0,0.0,0.0,9,0.092,1,0,0,0
1,5,15.9994,2,14,1,0,1.1905,0.2195,7246800.0,109.5,450.0,16,-0.325,1,1,0,0
1,0,12.011,4,9,9,1,1.4213,0.1757,4828025.0,109.5,694.75,0,0.011,2,1,0,1
1,3,1.008,1,0,0,0,1.13,0.0,7048300.0,0.0,0.0,9,0.161,1,0,0,0
1,4,14.0067,3,7,5,0,1.275,0.1953,11153333.33,119.33,518.33,11,-0.368,2,1,0,0
1,0,12.011,4,19,7,0,1.3825,0.1567,6212275.0,109.63,790.06,0,0.134,1,1,2,0
1,3,1.008,1,0,0,0,1.13,0.0,7048300.0,0.0,0.0,9,0.11,1,0,0,0
1,5,15.9994,2,1,5,0,1.42,0.01,7359450.0,109.5,450.0,17,-0.252,2,0,0,0
1,0,12.011,4,10,7,0,1.4025,0.1681,14870000.0,109.98,1936.49,0,-0.031,2,1,1,0
1,3,1.008,1,0,0,0,1.12,0.0,37000000.0,0.0,0.0,9,0.132,1,0,0,0
1,0,12.011,4,10,5,0,1.4025,0.1681,14870000.0,109.98,1217.91,0,-0.014,2,1,1,0
1,3,1.008,1,0,0,0,1.12,0.0,37000000.0,0.0,0.0,9,0.108,1,0,0,0
1,5,15.9994,2,1,2,0,1.43,0.0,8180000.0,109.5,450.0,17,-0.322,2,0,0,0
1,0,12.011,4,17,3,0,1.295,0.1801,21922225.0,109.37,907.01,0,-0.019,1,2,1,0
1,3,1.008,1,0,0,0,1.12,0.0,37000000.0,0.0,0.0,9,0.091,1,0,0,0
1,3,1.008,1,0,0,0,1.12,0.0,37000000.0,0.0,0.0,9,0.117,1,0,0,0
1,5,15.9994,2,14,2,0,1.1905,0.2195,7246800.0,109.5,450.0,16,-0.332,1,1,0,0
1,0,12.011,4,10,5,0,1.4075,0.1698,5954775.0,109.83,910.17,0,0.01,2,1,1,0
1,3,1.008,1,0,0,0,1.13,0.0,7048300.0,0.0,0.0,9,0.091,1,0,0,0
1,5,15.9994,2,14,1,0,1.1905,0.2195,7246800.0,109.5,450.0,16,-0.325,1,1,0,0
1,0,12.011,4,9,9,1,1.4213,0.1757,4828025.0,109.5,694.75,0,0.01,2,1,0,1
1,3,1.008,1,0,0,0,1.13,0.0,7048300.0,0.0,0.0,9,0.161,1,0,0,0
1,4,14.0067,3,7,5,0,1.275,0.1953,11153333.33,119.33,518.33,11,-0.368,2,1,0,0
1,0,12.011,4,19,7,0,1.3825,0.1567,6212275.0,109.63,790.06,0,0.134,1,1,2,0
1,3,1.008,1,0,0,0,1.13,0.0,7048300.0,0.0,0.0,9,0.109,1,0,0,0
1,5,15.9994,2,1,5,0,1.42,0.01,7359450.0,109.5,450.0,17,-0.252,2,0,0,0
1,0,12.011,4,10,7,0,1.4025,0.1681,14870000.0,109.98,1936.49,0,-0.031,2,1,1,0
1,3,1.008,1,0,0,0,1.12,0.0,37000000.0,0.0,0.0,9,0.132,1,0,0,0
1,0,12.011,4,10,5,0,1.4025,0.1681,14870000.0,109.98,1217.91,0,-0.014,2,1,1,0
1,3,1.008,1,0,0,0,1.12,0.0,37000000.0,0.0,0.0,9,0.109,1,0,0,0
1,5,15.9994,2,1,2,0,1.43,0.0,8180000.0,109.5,450.0,17,-0.324,2,0,0,0
1,0,12.011,4,17,3,0,1.295,0.1801,21922225.0,109.37,907.01,0,-0.019,1,2,1,0
1,3,1.008,1,0,0,0,1.12,0.0,37000000.0,0.0,0.0,9,0.089,1,0,0,0
1,3,1.008,1,0,0,0,1.12,0.0,37000000.0,0.0,0.0,9,0.118,1,0,0,0
1,5,15.9994,2,14,2,0,1.1905,0.2195,7246800.0,109.5,450.0,16,-0.332,1,1,0,0
1,0,12.011,4,10,5,0,1.4075,0.1698,5954775.0,109.83,910.17,0,0.01,2,1,1,0
1,3,1.008,1,0,0,0,1.13,0.0,7048300.0,0.0,0.0,9,0.091,1,0,0,0
1,5,15.9994,2,14,1,0,1.1905,0.2195,7246800.0,109.5,450.0,16,-0.325,1,1,0,0
1,0,12.011,4,9,9,1,1.4213,0.1757,4828025.0,109.5,694.75,0,0.011,2,1,0,1
1,3,1.008,1,0,0,0,1.13,0.0,7048300.0,0.0,0.0,9,0.161,1,0,0,0
1,4,14.0067,3,7,5,0,1.275,0.1953,11153333.33,119.33,518.33,11,-0.368,2,1,0,0
1,0,12.011,4,19,7,0,1.3825,0.1567,6212275.0,109.63,790.06,0,0.134,1,1,2,0
1,3,1.008,1,0,0,0,1.13,0.0,7048300.0,0.0,0.0,9,0.11,1,0,0,0
1,5,15.9994,2,1,5,0,1.42,0.01,7359450.0,109.5,450.0,17,-0.252,2,0,0,0
1,0,12.011,4,10,7,0,1.405,0.1701,14136650.0,110.23,1938.15,0,-0.032,2,1,1,0
1,3,1.008,1,0,0,0,1.12,0.0,37000000.0,0.0,0.0,9,0.129,1,0,0,0
1,0,12.011,4,10,5,0,1.405,0.1639,7382075.0,109.87,1205.58,0,-0.018,2,1,1,0
1,3,1.008,1,0,0,0,1.13,0.0,7048300.0,0.0,0.0,9,0.105,1,0,0,0
1,5,15.9994,2,1,2,0,1.43,0.0,8180000.0,109.5,450.0,17,-0.31,2,0,0,0
1,0,12.011,4,17,3,0,1.295,0.1801,21922225.0,109.35,879.51,0,-0.017,1,2,1,0
1,3,1.008,1,0,0,0,1.12,0.0,37000000.0,0.0,0.0,9,0.089,1,0,0,0
1,3,1.008,1,0,0,0,1.12,0.0,37000000.0,0.0,0.0,9,0.112,1,0,0,0
1,5,15.9994,2,14,2,0,1.1905,0.2195,7246800.0,109.5,450.0,16,-0.337,1,1,0,0
1,0,12.011,4,10,5,0,1.4075,0.1675,4676275.0,109.92,677.58,0,0.019,2,1,1,0
1,3,1.008,1,0,0,0,1.13,0.0,7048300.0,0.0,0.0,9,0.097,1,0,0,0
1,5,15.9994,2,14,1,0,1.1955,0.2245,5589150.0,109.5,450.0,16,-0.333,1,1,0,0
1,0,12.011,4,9,9,1,1.4162,0.172,5111700.0,109.93,878.69,0,-0.026,2,1,0,1
1,3,1.008,1,0,0,0,1.13,0.0,7048300.0,0.0,0.0,9,0.128,1,0,0,0
1,4,14.0067,3,7,5,0,1.2717,0.1934,11933333.33,119.0,513.33,11,-0.367,2,1,0,0
1,0,12.011,4,19,6,0,1.375,0.1601,14230475.0,109.75,891.86,0,0.145,1,1,2,0
1,3,1.008,1,0,0,0,1.12,0.0,37000000.0,0.0,0.0,9,0.119,1,0,0,0
1,5,15.9994,2,14,2,0,1.1805,0.2095,8307350.0,109.5,450.0,16,-0.299,1,1,0,0
1,0,12.011,3,21,5,0,1.38,0.1061,9375966.67,121.67,658.33,0,0.299,1,0,1,1
1,5,15.9994,1,0,1,0,1.25,0.0,13400000.0,0.0,0.0,15,-0.384,1,0,0,0
1,0,12.011,4,16,3,1,1.2175,0.1689,28681975.0,109.65,1102.26,0,-0.239,1,3,0,0
1,3,1.008,1,0,1,0,1.12,0.0,37000000.0,0.0,0.0,9,0.108,1,0,0,0
1,3,1.008,1,0,0,0,1.12,0.0,37000000.0,0.0,0.0,9,0.108,1,0,0,0
1,3,1.008,1,0,0,0,1.12,0.0,37000000.0,0.0,0.0,9,0.108,1,0,0,0
1,0,12.011,3,21,5,0,1.3833,0.1062,8595966.67,120.0,675.0,0,0.28,1,0,1,1
1,5,15.9994,1,0,1,0,1.25,0.0,13400000.0,0.0,0.0,15,-0.355,1,0,0,0
1,0,12.011,4,16,3,1,1.2175,0.1689,28681975.0,109.65,1102.26,0,-0.243,1,3,0,0
1,3,1.008,1,0,1,0,1.12,0.0,37000000.0,0.0,0.0,9,0.106,1,0,0,0
1,3,1.008,1,0,0,0,1.12,0.0,37000000.0,0.0,0.0,9,0.106,1,0,0,0
1,3,1.008,1,0,0,0,1.12,0.0,37000000.0,0.0,0.0,9,0.106,1,0,0,0
1,0,12.011,3,21,5,0,1.3833,0.1062,8595966.67,120.0,675.0,0,0.279,1,0,1,1
1,5,15.9994,1,0,1,0,1.25,0.0,13400000.0,0.0,0.0,15,-0.354,1,0,0,0
1,0,12.011,4,16,3,1,1.2175,0.1689,28681975.0,110.0,1105.26,0,-0.243,1,3,0,0
1,3,1.008,1,0,1,0,1.12,0.0,37000000.0,0.0,0.0,9,0.106,1,0,0,0
1,3,1.008,1,0,0,0,1.12,0.0,37000000.0,0.0,0.0,9,0.106,1,0,0,0
1,3,1.008,1,0,0,0,1.12,0.0,37000000.0,0.0,0.0,9,0.106,1,0,0,0
1,0,12.011,3,21,5,0,1.3833,0.1062,8595966.67,120.0,675.0,0,0.28,1,0,1,1
1,5,15.9994,1,0,1,0,1.25,0.0,13400000.0,0.0,0.0,15,-0.355,1,0,0,0
1,0,12.011,4,16,3,1,1.2175,0.1689,28681975.0,110.0,1105.26,0,-0.243,1,3,0,0
1,3,1.008,1,0,1,0,1.12,0.0,37000000.0,0.0,0.0,9,0.106,1,0,0,0
1,3,1.008,1,0,0,0,1.12,0.0,37000000.0,0.0,0.0,9,0.106,1,0,0,0
1,3,1.008,1,0,0,0,1.12,0.0,37000000.0,0.0,0.0,9,0.106,1,0,0,0
1,0,12.011,3,21,5,0,1.3833,0.1062,8595966.67,120.0,675.0,0,0.28,1,0,1,1
1,5,15.9994,1,0,1,0,1.25,0.0,13400000.0,0.0,0.0,15,-0.355,1,0,0,0
1,0,12.011,4,16,3,1,1.2175,0.1689,28681975.0,108.76,1061.76,0,-0.243,1,3,0,0
1,3,1.008,1,0,1,0,1.12,0.0,37000000.0,0.0,0.0,9,0.106,1,0,0,0
1,3,1.008,1,0,0,0,1.12,0.0,37000000.0,0.0,0.0,9,0.106,1,0,0,0
1,3,1.008,1,0,0,0,1.12,0.0,37000000.0,0.0,0.0,9,0.106,1,0,0,0
1,0,12.011,3,21,5,0,1.3833,0.1062,8595966.67,120.0,675.0,0,0.28,1,0,1,1
1,5,15.9994,1,0,1,0,1.25,0.0,13400000.0,0.0,0.0,15,-0.355,1,0,0,0
1,0,12.011,4,16,3,1,1.2175,0.1689,28681975.0,110.0,1105.26,0,-0.243,1,3,0,0
1,3,1.008,1,0,1,0,1.12,0.0,37000000.0,0.0,0.0,9,0.106,1,0,0,0
1,3,1.008,1,0,0,0,1.12,0.0,37000000.0,0.0,0.0,9,0.106,1,0,0,0
1,3,1.008,1,0,0,0,1.12,0.0,37000000.0,0.0,0.0,9,0.106,1,0,0,0
1,0,12.011,3,21,5,0,1.3833,0.1062,8595966.67,120.0,675.0,0,0.28,1,0,1,1
1,5,15.9994,1,0,1,0,1.25,0.0,13400000.0,0.0,0.0,15,-0.355,1,0,0,0
1,0,12.011,4,16,3,1,1.2175,0.1689,28681975.0,108.76,1061.76,0,-0.243,1,3,0,0
1,3,1.008,1,0,1,0,1.12,0.0,37000000.0,0.0,0.0,9,0.106,1,0,0,0
1,3,1.008,1,0,0,0,1.12,0.0,37000000.0,0.0,0.0,9,0.106,1,0,0,0
1,3,1.008,1,0,0,0,1.12,0.0,37000000.0,0.0,0.0,9,0.106,1,0,0,0
1,0,12.011,3,21,5,0,1.3833,0.1062,8595966.67,120.0,675.0,0,0.277,1,0,1,1
1,5,15.9994,1,0,1,0,1.25,0.0,13400000.0,0.0,0.0,15,-0.355,1,0,0,0
1,0,12.011,4,16,3,1,1.2175,0.1689,28681975.0,108.76,1061.76,0,-0.243,1,3,0,0
1,3,1.008,1,0,1,0,1.12,0.0,37000000.0,0.0,0.0,9,0.107,1,0,0,0
1,3,1.008,1,0,0,0,1.12,0.0,37000000.0,0.0,0.0,9,0.107,1,0,0,0
1,3,1.008,1,0,0,0,1.12,0.0,37000000.0,0.0,0.0,9,0.107,1,0,0,0
1,0,12.011,3,21,5,0,1.3833,0.1062,8595966.67,120.0,675.0,0,0.28,1,0,1,1
1,5,15.9994,1,0,1,0,1.25,0.0,13400000.0,0.0,0.0,15,-0.355,1,0,0,0
1,0,12.011,4,16,3,1,1.2175,0.1689,28681975.0,109.65,1102.26,0,-0.243,1,3,0,0
1,3,1.008,1,0,1,0,1.12,0.0,37000000.0,0.0,0.0,9,0.106,1,0,0,0
1,3,1.008,1,0,0,0,1.12,0.0,37000000.0,0.0,0.0,9,0.106,1,0,0,0
1,3,1.008,1,0,0,0,1.12,0.0,37000000.0,0.0,0.0,9,0.106,1,0,0,0
1,0,12.011,3,21,5,0,1.3833,0.1062,8595966.67,120.0,675.0,0,0.277,1,0,1,1
1,5,15.9994,1,0,1,0,1.25,0.0,13400000.0,0.0,0.0,15,-0.355,1,0,0,0
1,0,12.011,4,16,3,1,1.2175,0.1689,28681975.0,110.0,1105.26,0,-0.243,1,3,0,0
1,3,1.008,1,0,1,0,1.12,0.0,37000000.0,0.0,0.0,9,0.107,1,0,0,0
1,3,1.008,1,0,0,0,1.12,0.0,37000000.0,0.0,0.0,9,0.107,1,0,0,0
1,3,1.008,1,0,0,0,1.12,0.0,37000000.0,0.0,0.0,9,0.107,1,0,0,0
1,0,12.011,3,21,5,0,1.3833,0.1062,8595966.67,120.0,675.0,0,0.274,1,0,1,1
1,5,15.9994,1,0,1,0,1.25,0.0,13400000.0,0.0,0.0,15,-0.352,1,0,0,0
1,0,12.011,4,16,3,1,1.2175,0.1689,28681975.0,110.0,1105.26,0,-0.243,1,3,0,0
1,3,1.008,1,0,1,0,1.12,0.0,37000000.0,0.0,0.0,9,0.107,1,0,0,0
1,3,1.008,1,0,0,0,1.12,0.0,37000000.0,0.0,0.0,9,0.107,1,0,0,0
1,3,1.008,1,0,0,0,1.12,0.0,37000000.0,0.0,0.0,9,0.107,1,0,0,0
