columna,real_mean,synth_mean,real_std,synth_std,real_min,synth_min,real_p50,synth_p50,real_max,synth_max
mass,7.559,25.771,6.4347,11.4528,1.008,1.008,12.011,30.5326,35.45,35.45
coordination,2.058,2.174,1.2202,0.9474,1.0,1.0,1.0,2.0,4.0,4.0
avg_bond_len_A,1.2243,0.9581,0.1516,0.0,0.9581,0.9581,1.191,0.9581,1.7637,0.9581
avg_angle_deg,55.1081,0.0,57.0041,0.0,0.0,0.0,0.0,0.0,179.6517,0.0
is_planar,0.1618,0.0,0.3686,0.0,0.0,0.0,0.0,0.0,1.0,0.0
C_count,1.2748,1.196,0.7001,0.4879,0.0,0.0,1.0,1.0,4.0,4.0
H_count,0.4672,0.314,0.7573,0.6666,0.0,0.0,0.0,0.0,3.0,3.0
O_count,0.2168,0.342,0.468,0.6402,0.0,0.0,0.0,0.0,2.0,2.0
N_count,0.0901,0.086,0.2918,0.2806,0.0,0.0,0.0,0.0,2.0,1.0
n_electroneg_neighbors,0.316,0.326,0.5741,0.6329,0.0,0.0,0.0,0.0,3.0,3.0
